# [tidied] kfold_true_interrupted4.log
# Fourth k-fold attempt. Died silently mid-epoch during k=9 with no EXITCODE line, meaning the launcher was killed alongside the Python process; stderr contains no traceback. After this a watchdog was added that detects a stale log with no python.exe running and relaunches with --resume.
# tidied 2026-08-07 10:09:08; 433 noise lines collapsed
#--------------------------------------------------------------------------
[09:14:00] features loaded: proposed(50, 10, 128, 128, 12) comparative1(50, 128, 128, 10) labels(50,)
[09:14:00]   EfficientNetV2S: embeddings from cache (50, 1280)
[09:14:00]   ConvNeXtTiny: embeddings from cache (50, 768)
[09:14:00]   MobileNetV3Large: embeddings from cache (50, 960)
[09:14:00]   ResNetRS50: embeddings from cache (50, 2048)
[09:14:00] === k=6 fold 1/1: 41 train / 9 test (test classes [5, 4])
[09:14:19]   float32 feature cache built (0.52 GB)
================================
[⚠️] DCNN 
================================
Model: "model"
_________________________________________________________________
 Layer (type)                Output Shape              Param #   
=================================================================
 input_2 (InputLayer)        [(None, 224, 224, 3)]     0         
                                                                 
 input_1 (InputLayer)        multiple                  0         
                                                                 
 rescaling (Rescaling)       (None, 224, 224, 3)       0         
                                                                 
 normalization (Normalizatio  (None, 224, 224, 3)      7         
 n)                                                              
                                                                 
 rescaling_1 (Rescaling)     (None, 224, 224, 3)       0         
                                                                 
 stem_conv_pad (ZeroPadding2  (None, 225, 225, 3)      0         
 D)                                                              
                                                                 
 stem_conv (Conv2D)          (None, 112, 112, 64)      1728      
                                                                 
 conv2d (Conv2D)             (None, 112, 112, 64)      36928     
                                                                 
 max_pooling2d (MaxPooling2D  (None, 56, 56, 64)       0         
 )                                                               
                                                                 
 conv2d_1 (Conv2D)           (None, 56, 56, 32)        18464     
                                                                 
 max_pooling2d_1 (MaxPooling  (None, 28, 28, 32)       0         
 2D)                                                             
                                                                 
 flatten (Flatten)           (None, 25088)             0         
                                                                 
 dense (Dense)               (None, 128)               3211392   
                                                                 
 activation (Activation)     (None, 128)               0         
                                                                 
 dropout (Dropout)           (None, 128)               0         
                                                                 
 dense_1 (Dense)             (None, 32)                4128      
                                                                 
 activation_1 (Activation)   (None, 32)                0         
                                                                 
 dropout_1 (Dropout)         (None, 32)                0         
                                                                 
 dense_2 (Dense)             (None, 2)                 66        
                                                                 
=================================================================
Total params: 3,272,713
Trainable params: 3,272,706
Non-trainable params: 7
_________________________________________________________________
Epoch 1/10

    ... [1 lines collapsed: Keras progress bar]
2/2 [==============================] - ETA: 0s - loss: 3.5288 - accuracy: 0.5366
2/2 [==============================] - 3s 475ms/step - loss: 3.5288 - accuracy: 0.5366
Epoch 2/10

    ... [1 lines collapsed: Keras progress bar]
2/2 [==============================] - ETA: 0s - loss: 7.9111 - accuracy: 0.5854
2/2 [==============================] - 2s 624ms/step - loss: 7.9111 - accuracy: 0.5854
Epoch 3/10

    ... [1 lines collapsed: Keras progress bar]
2/2 [==============================] - ETA: 0s - loss: 1.2331 - accuracy: 0.3415
2/2 [==============================] - 2s 511ms/step - loss: 1.2331 - accuracy: 0.3415
Epoch 4/10

    ... [1 lines collapsed: Keras progress bar]
2/2 [==============================] - ETA: 0s - loss: 0.6776 - accuracy: 0.6098
2/2 [==============================] - 2s 502ms/step - loss: 0.6776 - accuracy: 0.6098
Epoch 5/10

    ... [1 lines collapsed: Keras progress bar]
2/2 [==============================] - ETA: 0s - loss: 0.8045 - accuracy: 0.5610
2/2 [==============================] - 2s 503ms/step - loss: 0.8045 - accuracy: 0.5610
Epoch 6/10

    ... [1 lines collapsed: Keras progress bar]
2/2 [==============================] - ETA: 0s - loss: 0.9115 - accuracy: 0.5610
2/2 [==============================] - 2s 592ms/step - loss: 0.9115 - accuracy: 0.5610
Epoch 7/10

    ... [1 lines collapsed: Keras progress bar]
2/2 [==============================] - ETA: 0s - loss: 0.6572 - accuracy: 0.6098
2/2 [==============================] - 4s 1s/step - loss: 0.6572 - accuracy: 0.6098
Epoch 8/10

    ... [1 lines collapsed: Keras progress bar]
2/2 [==============================] - ETA: 0s - loss: 0.6950 - accuracy: 0.5122
2/2 [==============================] - 5s 962ms/step - loss: 0.6950 - accuracy: 0.5122
Epoch 9/10

    ... [1 lines collapsed: Keras progress bar]
2/2 [==============================] - ETA: 0s - loss: 0.6849 - accuracy: 0.6098
2/2 [==============================] - 4s 953ms/step - loss: 0.6849 - accuracy: 0.6098
Epoch 10/10

    ... [1 lines collapsed: Keras progress bar]
2/2 [==============================] - ETA: 0s - loss: 0.6751 - accuracy: 0.5854
2/2 [==============================] - 4s 970ms/step - loss: 0.6751 - accuracy: 0.5854

1/1 [==============================] - ETA: 0s
1/1 [==============================] - 1s 789ms/step
[09:14:52]     EfficientNet       acc  55.56  bal-acc  50.00  f1  71.43   [51s]
================================
[⚠️] STIDNet 
================================
Model: "model_1"
_________________________________________________________________
 Layer (type)                Output Shape              Param #   
=================================================================
 input_3 (InputLayer)        [(None, 128, 128, 10)]    0         
                                                                 
 conv2d_2 (Conv2D)           (None, 126, 126, 16)      1456      
                                                                 
 max_pooling2d_2 (MaxPooling  (None, 63, 63, 16)       0         
 2D)                                                             
                                                                 
 conv2d_3 (Conv2D)           (None, 61, 61, 32)        4640      
                                                                 
 max_pooling2d_3 (MaxPooling  (None, 30, 30, 32)       0         
 2D)                                                             
                                                                 
 conv2d_4 (Conv2D)           (None, 28, 28, 64)        18496     
                                                                 
 max_pooling2d_4 (MaxPooling  (None, 14, 14, 64)       0         
 2D)                                                             
                                                                 
 flatten_1 (Flatten)         (None, 12544)             0         
                                                                 
 dense_3 (Dense)             (None, 256)               3211520   
                                                                 
 dropout_2 (Dropout)         (None, 256)               0         
                                                                 
 dense_4 (Dense)             (None, 256)               65792     
                                                                 
 dropout_3 (Dropout)         (None, 256)               0         
                                                                 
 dense_5 (Dense)             (None, 2)                 514       
                                                                 
=================================================================
Total params: 3,302,418
Trainable params: 3,302,418
Non-trainable params: 0
_________________________________________________________________
Model: "model_2"
_________________________________________________________________
 Layer (type)                Output Shape              Param #   
=================================================================
 input_4 (InputLayer)        [(None, 128, 128, 10)]    0         
                                                                 
 conv2d_5 (Conv2D)           (None, 126, 126, 64)      5824      
                                                                 
 max_pooling2d_5 (MaxPooling  (None, 63, 63, 64)       0         
 2D)                                                             
                                                                 
 conv2d_6 (Conv2D)           (None, 61, 61, 16)        9232      
                                                                 
 max_pooling2d_6 (MaxPooling  (None, 30, 30, 16)       0         
 2D)                                                             
                                                                 
 flatten_2 (Flatten)         (None, 14400)             0         
                                                                 
 dense_6 (Dense)             (None, 64)                921664    
                                                                 
 dropout_4 (Dropout)         (None, 64)                0         
                                                                 
 dense_7 (Dense)             (None, 2)                 130       
                                                                 
=================================================================
Total params: 936,850
Trainable params: 936,850
Non-trainable params: 0
_________________________________________________________________
Epoch 1/10

    ... [1 lines collapsed: Keras progress bar]
2/2 [==============================] - ETA: 0s - loss: 0.8800 - accuracy: 0.4878
2/2 [==============================] - 4s 186ms/step - loss: 0.8800 - accuracy: 0.4878
Epoch 2/10

    ... [1 lines collapsed: Keras progress bar]
2/2 [==============================] - ETA: 0s - loss: 0.9960 - accuracy: 0.4634
2/2 [==============================] - 1s 181ms/step - loss: 0.9960 - accuracy: 0.4634
Epoch 3/10

    ... [1 lines collapsed: Keras progress bar]
2/2 [==============================] - ETA: 0s - loss: 0.7182 - accuracy: 0.4878
2/2 [==============================] - 1s 191ms/step - loss: 0.7182 - accuracy: 0.4878
Epoch 4/10

    ... [1 lines collapsed: Keras progress bar]
2/2 [==============================] - ETA: 0s - loss: 0.6968 - accuracy: 0.6098
2/2 [==============================] - 1s 207ms/step - loss: 0.6968 - accuracy: 0.6098
Epoch 5/10

    ... [1 lines collapsed: Keras progress bar]
2/2 [==============================] - ETA: 0s - loss: 0.6422 - accuracy: 0.6341
2/2 [==============================] - 1s 199ms/step - loss: 0.6422 - accuracy: 0.6341
Epoch 6/10

    ... [1 lines collapsed: Keras progress bar]
2/2 [==============================] - ETA: 0s - loss: 0.7230 - accuracy: 0.5366
2/2 [==============================] - 1s 202ms/step - loss: 0.7230 - accuracy: 0.5366
Epoch 7/10

    ... [1 lines collapsed: Keras progress bar]
2/2 [==============================] - ETA: 0s - loss: 0.6710 - accuracy: 0.5854
2/2 [==============================] - 1s 193ms/step - loss: 0.6710 - accuracy: 0.5854
Epoch 8/10

    ... [1 lines collapsed: Keras progress bar]
2/2 [==============================] - ETA: 0s - loss: 0.6935 - accuracy: 0.5366
2/2 [==============================] - 1s 184ms/step - loss: 0.6935 - accuracy: 0.5366
Epoch 9/10

    ... [1 lines collapsed: Keras progress bar]
2/2 [==============================] - ETA: 0s - loss: 0.6698 - accuracy: 0.6341
2/2 [==============================] - 1s 194ms/step - loss: 0.6698 - accuracy: 0.6341
Epoch 10/10

    ... [1 lines collapsed: Keras progress bar]
2/2 [==============================] - ETA: 0s - loss: 0.6955 - accuracy: 0.3415
2/2 [==============================] - 1s 186ms/step - loss: 0.6955 - accuracy: 0.3415
Epoch 1/10

    ... [1 lines collapsed: Keras progress bar]
2/2 [==============================] - ETA: 0s - loss: 0.6779 - accuracy: 0.4878
2/2 [==============================] - 4s 284ms/step - loss: 0.6779 - accuracy: 0.4878
Epoch 2/10

    ... [1 lines collapsed: Keras progress bar]
2/2 [==============================] - ETA: 0s - loss: 0.6661 - accuracy: 0.5854
2/2 [==============================] - 1s 316ms/step - loss: 0.6661 - accuracy: 0.5854
Epoch 3/10

    ... [1 lines collapsed: Keras progress bar]
2/2 [==============================] - ETA: 0s - loss: 0.6567 - accuracy: 0.6341
2/2 [==============================] - 1s 258ms/step - loss: 0.6567 - accuracy: 0.6341
Epoch 4/10

    ... [1 lines collapsed: Keras progress bar]
2/2 [==============================] - ETA: 0s - loss: 0.6100 - accuracy: 0.6098
2/2 [==============================] - 1s 276ms/step - loss: 0.6100 - accuracy: 0.6098
Epoch 5/10

    ... [1 lines collapsed: Keras progress bar]
2/2 [==============================] - ETA: 0s - loss: 0.6913 - accuracy: 0.6098
2/2 [==============================] - 1s 324ms/step - loss: 0.6913 - accuracy: 0.6098
Epoch 6/10

    ... [1 lines collapsed: Keras progress bar]
2/2 [==============================] - ETA: 0s - loss: 0.5649 - accuracy: 0.8049
2/2 [==============================] - 1s 319ms/step - loss: 0.5649 - accuracy: 0.8049
Epoch 7/10

    ... [1 lines collapsed: Keras progress bar]
2/2 [==============================] - ETA: 0s - loss: 0.4706 - accuracy: 0.8537
2/2 [==============================] - 1s 326ms/step - loss: 0.4706 - accuracy: 0.8537
Epoch 8/10

    ... [1 lines collapsed: Keras progress bar]
2/2 [==============================] - ETA: 0s - loss: 0.4145 - accuracy: 0.8293
2/2 [==============================] - 1s 304ms/step - loss: 0.4145 - accuracy: 0.8293
Epoch 9/10

    ... [1 lines collapsed: Keras progress bar]
2/2 [==============================] - ETA: 0s - loss: 0.5214 - accuracy: 0.7805
2/2 [==============================] - 1s 308ms/step - loss: 0.5214 - accuracy: 0.7805
Epoch 10/10

    ... [1 lines collapsed: Keras progress bar]
2/2 [==============================] - ETA: 0s - loss: 0.4971 - accuracy: 0.6829
2/2 [==============================] - 1s 298ms/step - loss: 0.4971 - accuracy: 0.6829
Epoch 1/10

    ... [1 lines collapsed: Keras progress bar]
2/2 [==============================] - ETA: 0s - accuracy: 0.8611 - loss: 0.0523 - student_loss: 0.4482 - distillation_loss: 0.0083
2/2 [==============================] - 6s 1s/step - accuracy: 0.8611 - loss: 0.0538 - student_loss: 0.4739 - distillation_loss: 0.0071 - val_accuracy: 1.0000 - val_student_loss: 0.4381
Epoch 2/10

    ... [1 lines collapsed: Keras progress bar]
2/2 [==============================] - ETA: 0s - accuracy: 0.7500 - loss: 0.0649 - student_loss: 0.5937 - distillation_loss: 0.0062
2/2 [==============================] - 1s 328ms/step - accuracy: 0.7500 - loss: 0.0699 - student_loss: 0.6484 - distillation_loss: 0.0057 - val_accuracy: 0.8000 - val_student_loss: 0.4573
Epoch 3/10

    ... [1 lines collapsed: Keras progress bar]
2/2 [==============================] - ETA: 0s - accuracy: 0.6667 - loss: 0.0561 - student_loss: 0.5244 - distillation_loss: 0.0041
2/2 [==============================] - 1s 336ms/step - accuracy: 0.6667 - loss: 0.0550 - student_loss: 0.5202 - distillation_loss: 0.0034 - val_accuracy: 1.0000 - val_student_loss: 0.4123
Epoch 4/10

    ... [1 lines collapsed: Keras progress bar]
2/2 [==============================] - ETA: 0s - accuracy: 0.8889 - loss: 0.0464 - student_loss: 0.4079 - distillation_loss: 0.0062
2/2 [==============================] - 1s 342ms/step - accuracy: 0.8889 - loss: 0.0483 - student_loss: 0.4319 - distillation_loss: 0.0057 - val_accuracy: 1.0000 - val_student_loss: 0.4080
Epoch 5/10

    ... [1 lines collapsed: Keras progress bar]
2/2 [==============================] - ETA: 0s - accuracy: 1.0000 - loss: 0.0386 - student_loss: 0.3426 - distillation_loss: 0.0048
2/2 [==============================] - 2s 436ms/step - accuracy: 1.0000 - loss: 0.0391 - student_loss: 0.3574 - distillation_loss: 0.0038 - val_accuracy: 0.8000 - val_student_loss: 0.4124
Epoch 6/10

    ... [1 lines collapsed: Keras progress bar]
2/2 [==============================] - ETA: 0s - accuracy: 0.9444 - loss: 0.0287 - student_loss: 0.2429 - distillation_loss: 0.0049
2/2 [==============================] - 2s 343ms/step - accuracy: 0.9444 - loss: 0.0275 - student_loss: 0.2319 - distillation_loss: 0.0048 - val_accuracy: 0.8000 - val_student_loss: 0.3865
Epoch 7/10

    ... [1 lines collapsed: Keras progress bar]
2/2 [==============================] - ETA: 0s - accuracy: 0.9167 - loss: 0.0387 - student_loss: 0.3685 - distillation_loss: 0.0020
2/2 [==============================] - 2s 359ms/step - accuracy: 0.9167 - loss: 0.0445 - student_loss: 0.4311 - distillation_loss: 0.0015 - val_accuracy: 0.8000 - val_student_loss: 0.5248
Epoch 8/10

    ... [1 lines collapsed: Keras progress bar]
2/2 [==============================] - ETA: 0s - accuracy: 0.9722 - loss: 0.0184 - student_loss: 0.1599 - distillation_loss: 0.0027
2/2 [==============================] - 1s 204ms/step - accuracy: 0.9722 - loss: 0.0181 - student_loss: 0.1624 - distillation_loss: 0.0021 - val_accuracy: 0.8000 - val_student_loss: 0.5009
Epoch 9/10

    ... [1 lines collapsed: Keras progress bar]
2/2 [==============================] - ETA: 0s - accuracy: 0.8056 - loss: 0.0263 - student_loss: 0.2422 - distillation_loss: 0.0023
2/2 [==============================] - 1s 242ms/step - accuracy: 0.8056 - loss: 0.0249 - student_loss: 0.2295 - distillation_loss: 0.0022 - val_accuracy: 0.6000 - val_student_loss: 0.4299
Epoch 10/10

    ... [1 lines collapsed: Keras progress bar]
2/2 [==============================] - ETA: 0s - accuracy: 0.8333 - loss: 0.0528 - student_loss: 0.4678 - distillation_loss: 0.0067
2/2 [==============================] - 2s 388ms/step - accuracy: 0.8333 - loss: 0.0590 - student_loss: 0.5298 - distillation_loss: 0.0067 - val_accuracy: 0.8000 - val_student_loss: 0.3539

1/1 [==============================] - ETA: 0s
1/1 [==============================] - 1s 1s/step
[09:15:39]     STIDNet            acc  66.67  bal-acc  67.50  f1  66.67   [48s]
================================
[⚠️] CNN 
================================
Model: "model_3"
_________________________________________________________________
 Layer (type)                Output Shape              Param #   
=================================================================
 input_5 (InputLayer)        [(None, 128, 128, 10)]    0         
                                                                 
 conv2d_7 (Conv2D)           (None, 128, 128, 16)      1456      
                                                                 
 activation_2 (Activation)   (None, 128, 128, 16)      0         
                                                                 
 max_pooling2d_7 (MaxPooling  (None, 128, 128, 16)     0         
 2D)                                                             
                                                                 
 conv2d_8 (Conv2D)           (None, 128, 128, 32)      4640      
                                                                 
 activation_3 (Activation)   (None, 128, 128, 32)      0         
                                                                 
 max_pooling2d_8 (MaxPooling  (None, 128, 128, 32)     0         
 2D)                                                             
                                                                 
 conv2d_9 (Conv2D)           (None, 128, 128, 64)      18496     
                                                                 
 activation_4 (Activation)   (None, 128, 128, 64)      0         
                                                                 
 batch_normalization (BatchN  (None, 128, 128, 64)     256       
 ormalization)                                                   
                                                                 
 max_pooling2d_9 (MaxPooling  (None, 128, 128, 64)     0         
 2D)                                                             
                                                                 
 dropout_5 (Dropout)         (None, 128, 128, 64)      0         
                                                                 
 flatten_3 (Flatten)         (None, 1048576)           0         
                                                                 
 dense_8 (Dense)             (None, 100)               104857700 
                                                                 
 activation_5 (Activation)   (None, 100)               0         
                                                                 
 batch_normalization_1 (Batc  (None, 100)              400       
 hNormalization)                                                 
                                                                 
 dropout_6 (Dropout)         (None, 100)               0         
                                                                 
 dense2c (Dense)             (None, 64)                6464      
                                                                 
 activation_6 (Activation)   (None, 64)                0         
                                                                 
 batch_normalization_2 (Batc  (None, 64)               256       
 hNormalization)                                                 
                                                                 
 dropout_7 (Dropout)         (None, 64)                0         
                                                                 
 dense_9 (Dense)             (None, 2)                 130       
                                                                 
=================================================================
Total params: 104,889,798
Trainable params: 104,889,342
Non-trainable params: 456
_________________________________________________________________
Epoch 1/10

    ... [1 lines collapsed: Keras progress bar]
2/2 [==============================] - ETA: 0s - loss: 1.2279 - accuracy: 0.6829 
2/2 [==============================] - 15s 3s/step - loss: 1.2279 - accuracy: 0.6829
Epoch 2/10

    ... [1 lines collapsed: Keras progress bar]
2/2 [==============================] - ETA: 0s - loss: 1.2418 - accuracy: 0.5366
2/2 [==============================] - 12s 3s/step - loss: 1.2418 - accuracy: 0.5366
Epoch 3/10

    ... [1 lines collapsed: Keras progress bar]
2/2 [==============================] - ETA: 0s - loss: 1.3390 - accuracy: 0.4390
2/2 [==============================] - 11s 2s/step - loss: 1.3390 - accuracy: 0.4390
Epoch 4/10

    ... [1 lines collapsed: Keras progress bar]
2/2 [==============================] - ETA: 0s - loss: 0.6904 - accuracy: 0.6098
2/2 [==============================] - 7s 2s/step - loss: 0.6904 - accuracy: 0.6098
Epoch 5/10

    ... [1 lines collapsed: Keras progress bar]
2/2 [==============================] - ETA: 0s - loss: 0.7606 - accuracy: 0.6341
2/2 [==============================] - 7s 2s/step - loss: 0.7606 - accuracy: 0.6341
Epoch 6/10

    ... [1 lines collapsed: Keras progress bar]
2/2 [==============================] - ETA: 0s - loss: 0.8694 - accuracy: 0.6341
2/2 [==============================] - 8s 2s/step - loss: 0.8694 - accuracy: 0.6341
Epoch 7/10

    ... [1 lines collapsed: Keras progress bar]
2/2 [==============================] - ETA: 0s - loss: 0.6925 - accuracy: 0.6829
2/2 [==============================] - 8s 2s/step - loss: 0.6925 - accuracy: 0.6829
Epoch 8/10

    ... [1 lines collapsed: Keras progress bar]
2/2 [==============================] - ETA: 0s - loss: 0.7296 - accuracy: 0.6341
2/2 [==============================] - 7s 2s/step - loss: 0.7296 - accuracy: 0.6341
Epoch 9/10

    ... [1 lines collapsed: Keras progress bar]
2/2 [==============================] - ETA: 0s - loss: 0.8598 - accuracy: 0.6585
2/2 [==============================] - 7s 2s/step - loss: 0.8598 - accuracy: 0.6585
Epoch 10/10

    ... [1 lines collapsed: Keras progress bar]
2/2 [==============================] - ETA: 0s - loss: 0.7600 - accuracy: 0.6098
2/2 [==============================] - 8s 2s/step - loss: 0.7600 - accuracy: 0.6098

1/1 [==============================] - ETA: 0s
1/1 [==============================] - 1s 1s/step
[09:17:16]     DCNN               acc  55.56  bal-acc  50.00  f1  71.43   [96s]
================================
[⚠️] GLCM 
================================
Model: "model_4"
_________________________________________________________________
 Layer (type)                Output Shape              Param #   
=================================================================
 input_6 (InputLayer)        [(None, 10, 12)]          0         
                                                                 
 conv1d (Conv1D)             (None, 10, 32)            1184      
                                                                 
 activation_7 (Activation)   (None, 10, 32)            0         
                                                                 
 dropout_8 (Dropout)         (None, 10, 32)            0         
                                                                 
 max_pooling1d (MaxPooling1D  (None, 5, 32)            0         
 )                                                               
                                                                 
 conv1d_1 (Conv1D)           (None, 5, 64)             6208      
                                                                 
 activation_8 (Activation)   (None, 5, 64)             0         
                                                                 
 max_pooling1d_1 (MaxPooling  (None, 3, 64)            0         
 1D)                                                             
                                                                 
 flatten_4 (Flatten)         (None, 192)               0         
                                                                 
 dense_10 (Dense)            (None, 32)                6176      
                                                                 
 activation_9 (Activation)   (None, 32)                0         
                                                                 
 dense_11 (Dense)            (None, 2)                 66        
                                                                 
 activation_10 (Activation)  (None, 2)                 0         
                                                                 
=================================================================
Total params: 13,634
Trainable params: 13,634
Non-trainable params: 0
_________________________________________________________________
Epoch 1/10

    ... [1 lines collapsed: Keras progress bar]
2/2 [==============================] - 4s 16ms/step - loss: 152.9801 - accuracy: 0.4634
Epoch 2/10

    ... [1 lines collapsed: Keras progress bar]
2/2 [==============================] - 0s 17ms/step - loss: 107.6618 - accuracy: 0.5122
Epoch 3/10

    ... [1 lines collapsed: Keras progress bar]
2/2 [==============================] - 0s 9ms/step - loss: 78.9361 - accuracy: 0.4146
Epoch 4/10

    ... [1 lines collapsed: Keras progress bar]
2/2 [==============================] - 0s 12ms/step - loss: 103.0897 - accuracy: 0.4390
Epoch 5/10

    ... [1 lines collapsed: Keras progress bar]
2/2 [==============================] - 0s 8ms/step - loss: 149.2169 - accuracy: 0.5610
Epoch 6/10

    ... [1 lines collapsed: Keras progress bar]
2/2 [==============================] - 0s 7ms/step - loss: 126.5549 - accuracy: 0.5854
Epoch 7/10

    ... [1 lines collapsed: Keras progress bar]
2/2 [==============================] - 0s 14ms/step - loss: 41.1945 - accuracy: 0.6585
Epoch 8/10

    ... [1 lines collapsed: Keras progress bar]
2/2 [==============================] - 0s 17ms/step - loss: 116.9282 - accuracy: 0.3659
Epoch 9/10

    ... [1 lines collapsed: Keras progress bar]
2/2 [==============================] - 0s 26ms/step - loss: 121.4330 - accuracy: 0.4634
Epoch 10/10

    ... [1 lines collapsed: Keras progress bar]
2/2 [==============================] - 0s 23ms/step - loss: 56.6855 - accuracy: 0.5122

1/1 [==============================] - ETA: 0s
1/1 [==============================] - 1s 593ms/step
[09:17:23]     GLCM               acc  66.67  bal-acc  62.50  f1  76.92   [7s]
================================
[⚠️] 3DCNN Based Distributed LSTM with Modified Pooling 
================================
linspaced [0.09090909 0.18181818 0.27272727 0.36363636 0.45454545 0.54545455
 0.63636364 0.72727273 0.81818182 0.90909091 1.        ]
channel is 128
channel is 128
channel is 128
channel is 128
channel is 128
channel is 128
channel is 128
channel is 128
channel is 128
channel is 128
channel is 128
(None, 1, 128)
Model: "model_5"
__________________________________________________________________________________________________
 Layer (type)                   Output Shape         Param #     Connected to                     
==================================================================================================
 input_7 (InputLayer)           [(None, 10, 128, 12  0           []                               
                                8, 12)]                                                           
                                                                                                  
 conv3d (Conv3D)                (None, 10, 128, 128  5200        ['input_7[0][0]']                
                                , 16)                                                             
                                                                                                  
 activation_11 (Activation)     (None, 10, 128, 128  0           ['conv3d[0][0]']                 
                                , 16)                                                             
                                                                                                  
 max_pooling3d (MaxPooling3D)   (None, 10, 128, 128  0           ['activation_11[0][0]']          
                                , 16)                                                             
                                                                                                  
 average_pooling3d (AveragePool  (None, 10, 128, 128  0          ['activation_11[0][0]']          
 ing3D)                         , 16)                                                             
                                                                                                  
 lambda (Lambda)                (None, 10, 128, 128  0           ['max_pooling3d[0][0]',          
                                , 16)                             'average_pooling3d[0][0]']      
                                                                                                  
 conv3d_1 (Conv3D)              (None, 8, 126, 126,  13856       ['lambda[0][0]']                 
                                 32)                                                              
                                                                                                  
 activation_12 (Activation)     (None, 8, 126, 126,  0           ['conv3d_1[0][0]']               
                                 32)                                                              
                                                                                                  
 max_pooling3d_1 (MaxPooling3D)  (None, 4, 63, 63, 3  0          ['activation_12[0][0]']          
                                2)                                                                
                                                                                                  
 average_pooling3d_1 (AveragePo  (None, 4, 63, 63, 3  0          ['activation_12[0][0]']          
 oling3D)                       2)                                                                
                                                                                                  
 lambda_1 (Lambda)              (None, 4, 63, 63, 3  0           ['max_pooling3d_1[0][0]',        
                                2)                                'average_pooling3d_1[0][0]']    
                                                                                                  
 conv3d_2 (Conv3D)              (None, 2, 61, 61, 6  55360       ['lambda_1[0][0]']               
                                4)                                                                
                                                                                                  
 activation_13 (Activation)     (None, 2, 61, 61, 6  0           ['conv3d_2[0][0]']               
                                4)                                                                
                                                                                                  
 batch_normalization_3 (BatchNo  (None, 2, 61, 61, 6  256        ['activation_13[0][0]']          
 rmalization)                   4)                                                                
                                                                                                  
 max_pooling3d_2 (MaxPooling3D)  (None, 1, 31, 31, 6  0          ['batch_normalization_3[0][0]']  
                                4)                                                                
                                                                                                  
 average_pooling3d_2 (AveragePo  (None, 1, 31, 31, 6  0          ['batch_normalization_3[0][0]']  
 oling3D)                       4)                                                                
                                                                                                  
 lambda_2 (Lambda)              (None, 1, 31, 31, 6  0           ['max_pooling3d_2[0][0]',        
                                4)                                'average_pooling3d_2[0][0]']    
                                                                                                  
 dropout_9 (Dropout)            (None, 1, 31, 31, 6  0           ['lambda_2[0][0]']               
                                4)                                                                
                                                                                                  
 reshape (Reshape)              (None, 31, 31, 64)   0           ['dropout_9[0][0]']              
                                                                                                  
 reshape_1 (Reshape)            (None, 31, 1984)     0           ['reshape[0][0]']                
                                                                                                  
 lstm (LSTM)                    (None, 128)          1081856     ['reshape_1[0][0]']              
                                                                                                  
 lstm_1 (LSTM)                  (None, 128)          1081856     ['reshape_1[0][0]']              
                                                                                                  
 add (Add)                      (None, 128)          0           ['lstm[0][0]',                   
                                                                  'lstm_1[0][0]']                 
                                                                                                  
 reshape_2 (Reshape)            (None, 1, 128)       0           ['add[0][0]']                    
                                                                                                  
 reshape_3 (Reshape)            (None, 1, 128)       0           ['add[0][0]']                    
                                                                                                  
 reshape_4 (Reshape)            (None, 1, 128)       0           ['add[0][0]']                    
                                                                                                  
 reshape_5 (Reshape)            (None, 1, 128)       0           ['add[0][0]']                    
                                                                                                  
 reshape_6 (Reshape)            (None, 1, 128)       0           ['add[0][0]']                    
                                                                                                  
 reshape_7 (Reshape)            (None, 1, 128)       0           ['add[0][0]']                    
                                                                                                  
 reshape_8 (Reshape)            (None, 1, 128)       0           ['add[0][0]']                    
                                                                                                  
 reshape_9 (Reshape)            (None, 1, 128)       0           ['add[0][0]']                    
                                                                                                  
 reshape_10 (Reshape)           (None, 1, 128)       0           ['add[0][0]']                    
                                                                                                  
 reshape_11 (Reshape)           (None, 1, 128)       0           ['add[0][0]']                    
                                                                                                  
 reshape_12 (Reshape)           (None, 1, 128)       0           ['add[0][0]']                    
                                                                                                  
 dense_12 (Dense)               (None, 1, 11)        1419        ['reshape_2[0][0]']              
                                                                                                  
 dense_13 (Dense)               (None, 1, 23)        2967        ['reshape_3[0][0]']              
                                                                                                  
 dense_14 (Dense)               (None, 1, 34)        4386        ['reshape_4[0][0]']              
                                                                                                  
 dense_15 (Dense)               (None, 1, 46)        5934        ['reshape_5[0][0]']              
                                                                                                  
 dense_16 (Dense)               (None, 1, 58)        7482        ['reshape_6[0][0]']              
                                                                                                  
 dense_17 (Dense)               (None, 1, 69)        8901        ['reshape_7[0][0]']              
                                                                                                  
 dense_18 (Dense)               (None, 1, 81)        10449       ['reshape_8[0][0]']              
                                                                                                  
 dense_19 (Dense)               (None, 1, 93)        11997       ['reshape_9[0][0]']              
                                                                                                  
 dense_20 (Dense)               (None, 1, 104)       13416       ['reshape_10[0][0]']             
                                                                                                  
 dense_21 (Dense)               (None, 1, 116)       14964       ['reshape_11[0][0]']             
                                                                                                  
 dense_22 (Dense)               (None, 1, 128)       16512       ['reshape_12[0][0]']             
                                                                                                  
 activation_14 (Activation)     (None, 1, 11)        0           ['dense_12[0][0]']               
                                                                                                  
 activation_15 (Activation)     (None, 1, 23)        0           ['dense_13[0][0]']               
                                                                                                  
 activation_16 (Activation)     (None, 1, 34)        0           ['dense_14[0][0]']               
                                                                                                  
 activation_17 (Activation)     (None, 1, 46)        0           ['dense_15[0][0]']               
                                                                                                  
 activation_18 (Activation)     (None, 1, 58)        0           ['dense_16[0][0]']               
                                                                                                  
 activation_19 (Activation)     (None, 1, 69)        0           ['dense_17[0][0]']               
                                                                                                  
 activation_20 (Activation)     (None, 1, 81)        0           ['dense_18[0][0]']               
                                                                                                  
 activation_21 (Activation)     (None, 1, 93)        0           ['dense_19[0][0]']               
                                                                                                  
 activation_22 (Activation)     (None, 1, 104)       0           ['dense_20[0][0]']               
                                                                                                  
 activation_23 (Activation)     (None, 1, 116)       0           ['dense_21[0][0]']               
                                                                                                  
 activation_24 (Activation)     (None, 1, 128)       0           ['dense_22[0][0]']               
                                                                                                  
 excitation_0.091 (Dense)       (None, 1, 128)       1536        ['activation_14[0][0]']          
                                                                                                  
 excitation_0.182 (Dense)       (None, 1, 128)       3072        ['activation_15[0][0]']          
                                                                                                  
 excitation_0.273 (Dense)       (None, 1, 128)       4480        ['activation_16[0][0]']          
                                                                                                  
 excitation_0.364 (Dense)       (None, 1, 128)       6016        ['activation_17[0][0]']          
                                                                                                  
 excitation_0.455 (Dense)       (None, 1, 128)       7552        ['activation_18[0][0]']          
                                                                                                  
 excitation_0.545 (Dense)       (None, 1, 128)       8960        ['activation_19[0][0]']          
                                                                                                  
 excitation_0.636 (Dense)       (None, 1, 128)       10496       ['activation_20[0][0]']          
                                                                                                  
 excitation_0.727 (Dense)       (None, 1, 128)       12032       ['activation_21[0][0]']          
                                                                                                  
 excitation_0.818 (Dense)       (None, 1, 128)       13440       ['activation_22[0][0]']          
                                                                                                  
 excitation_0.909 (Dense)       (None, 1, 128)       14976       ['activation_23[0][0]']          
                                                                                                  
 excitation_1 (Dense)           (None, 1, 128)       16512       ['activation_24[0][0]']          
                                                                                                  
 average (Average)              (None, 1, 128)       0           ['excitation_0.091[0][0]',       
                                                                  'excitation_0.182[0][0]',       
                                                                  'excitation_0.273[0][0]',       
                                                                  'excitation_0.364[0][0]',       
                                                                  'excitation_0.455[0][0]',       
                                                                  'excitation_0.545[0][0]',       
                                                                  'excitation_0.636[0][0]',       
                                                                  'excitation_0.727[0][0]',       
                                                                  'excitation_0.818[0][0]',       
                                                                  'excitation_0.909[0][0]',       
                                                                  'excitation_1[0][0]']           
                                                                                                  
 normalized_attention (LayerNor  (None, 1, 128)      256         ['average[0][0]']                
 malization)                                                                                      
                                                                                                  
 hadamard (Multiply)            (None, 1, 128)       0           ['add[0][0]',                    
                                                                  'normalized_attention[0][0]']   
                                                                                                  
 normalized_attention2 (LayerNo  (None, 1, 128)      256         ['hadamard[0][0]']               
 rmalization)                                                                                     
                                                                                                  
 trainableatt (TrainableAttenti  (None, 1, 128)      16384       ['normalized_attention2[0][0]']  
 on)                                                                                              
                                                                                                  
 dense_23 (Dense)               (None, 1, 128)       16384       ['trainableatt[0][0]']           
                                                                                                  
 dense_24 (Dense)               (None, 1, 128)       16384       ['dense_23[0][0]']               
                                                                                                  
 flatten_5 (Flatten)            (None, 128)          0           ['dense_24[0][0]']               
                                                                                                  
 dense_25 (Dense)               (None, 100)          12900       ['flatten_5[0][0]']              
                                                                                                  
 activation_25 (Activation)     (None, 100)          0           ['dense_25[0][0]']               
                                                                                                  
 batch_normalization_4 (BatchNo  (None, 100)         400         ['activation_25[0][0]']          
 rmalization)                                                                                     
                                                                                                  
 dropout_10 (Dropout)           (None, 100)          0           ['batch_normalization_4[0][0]']  
                                                                                                  
 dense2c (Dense)                (None, 64)           6464        ['dropout_10[0][0]']             
                                                                                                  
 activation_26 (Activation)     (None, 64)           0           ['dense2c[0][0]']                
                                                                                                  
 batch_normalization_5 (BatchNo  (None, 64)          256         ['activation_26[0][0]']          
 rmalization)                                                                                     
                                                                                                  
 dropout_11 (Dropout)           (None, 64)           0           ['batch_normalization_5[0][0]']  
                                                                                                  
 dense_26 (Dense)               (None, 2)            130         ['dropout_11[0][0]']             
                                                                                                  
==================================================================================================
Total params: 2,505,697
Trainable params: 2,505,241
Non-trainable params: 456
__________________________________________________________________________________________________
Epoch 1/10

    ... [1 lines collapsed: Keras progress bar]
2/2 [==============================] - ETA: 0s - loss: 0.6475 - accuracy: 0.5610  
2/2 [==============================] - 153s 19s/step - loss: 0.6475 - accuracy: 0.5610
Epoch 2/10

    ... [1 lines collapsed: Keras progress bar]
2/2 [==============================] - ETA: 0s - loss: 1.0734 - accuracy: 0.5610  
2/2 [==============================] - 90s 27s/step - loss: 1.0734 - accuracy: 0.5610
Epoch 3/10

    ... [1 lines collapsed: Keras progress bar]
2/2 [==============================] - ETA: 0s - loss: 0.9961 - accuracy: 0.5610  
2/2 [==============================] - 89s 22s/step - loss: 0.9961 - accuracy: 0.5610
Epoch 4/10

    ... [1 lines collapsed: Keras progress bar]
2/2 [==============================] - ETA: 0s - loss: 1.2253 - accuracy: 0.5854  
2/2 [==============================] - 89s 19s/step - loss: 1.2253 - accuracy: 0.5854
Epoch 5/10

    ... [1 lines collapsed: Keras progress bar]
2/2 [==============================] - ETA: 0s - loss: 1.0459 - accuracy: 0.4878  
2/2 [==============================] - 96s 27s/step - loss: 1.0459 - accuracy: 0.4878
Epoch 6/10

    ... [1 lines collapsed: Keras progress bar]
2/2 [==============================] - ETA: 0s - loss: 1.2565 - accuracy: 0.4878  
2/2 [==============================] - 98s 21s/step - loss: 1.2565 - accuracy: 0.4878
Epoch 7/10

    ... [1 lines collapsed: Keras progress bar]
2/2 [==============================] - ETA: 0s - loss: 0.9946 - accuracy: 0.5610 
2/2 [==============================] - 77s 19s/step - loss: 0.9946 - accuracy: 0.5610
Epoch 8/10

    ... [1 lines collapsed: Keras progress bar]
2/2 [==============================] - ETA: 0s - loss: 0.7376 - accuracy: 0.6585  
2/2 [==============================] - 93s 26s/step - loss: 0.7376 - accuracy: 0.6585
Epoch 9/10

    ... [1 lines collapsed: Keras progress bar]
2/2 [==============================] - ETA: 0s - loss: 0.7365 - accuracy: 0.6098  
2/2 [==============================] - 87s 26s/step - loss: 0.7365 - accuracy: 0.6098
Epoch 10/10

    ... [1 lines collapsed: Keras progress bar]
2/2 [==============================] - ETA: 0s - loss: 1.1053 - accuracy: 0.6098  
2/2 [==============================] - 83s 18s/step - loss: 1.1053 - accuracy: 0.6098

1/1 [==============================] - ETA: 0s
1/1 [==============================] - 9s 9s/step
[09:33:41]     MUSE-CLMPNet       acc  55.56  bal-acc  50.00  f1  71.43   [978s]
================================
[⚠️] 3DCNN Based Distributed LSTM with Modified Pooling 
================================
Model: "model_6"
__________________________________________________________________________________________________
 Layer (type)                   Output Shape         Param #     Connected to                     
==================================================================================================
 input_8 (InputLayer)           [(None, 10, 128, 12  0           []                               
                                8, 12)]                                                           
                                                                                                  
 conv3d_3 (Conv3D)              (None, 10, 128, 128  5200        ['input_8[0][0]']                
                                , 16)                                                             
                                                                                                  
 activation_27 (Activation)     (None, 10, 128, 128  0           ['conv3d_3[0][0]']               
                                , 16)                                                             
                                                                                                  
 max_pooling3d_3 (MaxPooling3D)  (None, 10, 128, 128  0          ['activation_27[0][0]']          
                                , 16)                                                             
                                                                                                  
 average_pooling3d_3 (AveragePo  (None, 10, 128, 128  0          ['activation_27[0][0]']          
 oling3D)                       , 16)                                                             
                                                                                                  
 lambda_3 (Lambda)              (None, 10, 128, 128  0           ['max_pooling3d_3[0][0]',        
                                , 16)                             'average_pooling3d_3[0][0]']    
                                                                                                  
 conv3d_4 (Conv3D)              (None, 8, 126, 126,  13856       ['lambda_3[0][0]']               
                                 32)                                                              
                                                                                                  
 activation_28 (Activation)     (None, 8, 126, 126,  0           ['conv3d_4[0][0]']               
                                 32)                                                              
                                                                                                  
 max_pooling3d_4 (MaxPooling3D)  (None, 4, 63, 63, 3  0          ['activation_28[0][0]']          
                                2)                                                                
                                                                                                  
 average_pooling3d_4 (AveragePo  (None, 4, 63, 63, 3  0          ['activation_28[0][0]']          
 oling3D)                       2)                                                                
                                                                                                  
 lambda_4 (Lambda)              (None, 4, 63, 63, 3  0           ['max_pooling3d_4[0][0]',        
                                2)                                'average_pooling3d_4[0][0]']    
                                                                                                  
 conv3d_5 (Conv3D)              (None, 2, 61, 61, 6  55360       ['lambda_4[0][0]']               
                                4)                                                                
                                                                                                  
 activation_29 (Activation)     (None, 2, 61, 61, 6  0           ['conv3d_5[0][0]']               
                                4)                                                                
                                                                                                  
 batch_normalization_6 (BatchNo  (None, 2, 61, 61, 6  256        ['activation_29[0][0]']          
 rmalization)                   4)                                                                
                                                                                                  
 max_pooling3d_5 (MaxPooling3D)  (None, 1, 31, 31, 6  0          ['batch_normalization_6[0][0]']  
                                4)                                                                
                                                                                                  
 average_pooling3d_5 (AveragePo  (None, 1, 31, 31, 6  0          ['batch_normalization_6[0][0]']  
 oling3D)                       4)                                                                
                                                                                                  
 lambda_5 (Lambda)              (None, 1, 31, 31, 6  0           ['max_pooling3d_5[0][0]',        
                                4)                                'average_pooling3d_5[0][0]']    
                                                                                                  
 dropout_12 (Dropout)           (None, 1, 31, 31, 6  0           ['lambda_5[0][0]']               
                                4)                                                                
                                                                                                  
 reshape_13 (Reshape)           (None, 31, 31, 64)   0           ['dropout_12[0][0]']             
                                                                                                  
 spatial_and_channel_joint_atte  (None, 31, 31, 64)  0           ['reshape_13[0][0]']             
 ntion (SpatialAndChannelJointA                                                                   
 ttention)                                                                                        
                                                                                                  
 reshape_14 (Reshape)           (None, 31, 1984)     0           ['spatial_and_channel_joint_atten
                                                                 tion[0][0]']                     
                                                                                                  
 lstm_2 (LSTM)                  (None, 128)          1081856     ['reshape_14[0][0]']             
                                                                                                  
 lstm_3 (LSTM)                  (None, 128)          1081856     ['reshape_14[0][0]']             
                                                                                                  
 add_1 (Add)                    (None, 128)          0           ['lstm_2[0][0]',                 
                                                                  'lstm_3[0][0]']                 
                                                                                                  
 flatten_6 (Flatten)            (None, 128)          0           ['add_1[0][0]']                  
                                                                                                  
 dense_27 (Dense)               (None, 100)          12900       ['flatten_6[0][0]']              
                                                                                                  
 activation_30 (Activation)     (None, 100)          0           ['dense_27[0][0]']               
                                                                                                  
 batch_normalization_7 (BatchNo  (None, 100)         400         ['activation_30[0][0]']          
 rmalization)                                                                                     
                                                                                                  
 dropout_13 (Dropout)           (None, 100)          0           ['batch_normalization_7[0][0]']  
                                                                                                  
 dense2c (Dense)                (None, 64)           6464        ['dropout_13[0][0]']             
                                                                                                  
 activation_31 (Activation)     (None, 64)           0           ['dense2c[0][0]']                
                                                                                                  
 batch_normalization_8 (BatchNo  (None, 64)          256         ['activation_31[0][0]']          
 rmalization)                                                                                     
                                                                                                  
 dropout_14 (Dropout)           (None, 64)           0           ['batch_normalization_8[0][0]']  
                                                                                                  
 dense_28 (Dense)               (None, 2)            130         ['dropout_14[0][0]']             
                                                                                                  
==================================================================================================
Total params: 2,258,534
Trainable params: 2,258,078
Non-trainable params: 456
__________________________________________________________________________________________________
Epoch 1/10

    ... [1 lines collapsed: Keras progress bar]
2/2 [==============================] - ETA: 0s - loss: 0.9759 - accuracy: 0.5366  
2/2 [==============================] - 108s 23s/step - loss: 0.9759 - accuracy: 0.5366
Epoch 2/10

    ... [1 lines collapsed: Keras progress bar]
2/2 [==============================] - ETA: 0s - loss: 0.9456 - accuracy: 0.6098  
2/2 [==============================] - 93s 19s/step - loss: 0.9456 - accuracy: 0.6098
Epoch 3/10

    ... [1 lines collapsed: Keras progress bar]
2/2 [==============================] - ETA: 0s - loss: 1.2165 - accuracy: 0.6098  
2/2 [==============================] - 87s 26s/step - loss: 1.2165 - accuracy: 0.6098
Epoch 4/10

    ... [1 lines collapsed: Keras progress bar]
2/2 [==============================] - ETA: 0s - loss: 1.3371 - accuracy: 0.5122  
2/2 [==============================] - 87s 21s/step - loss: 1.3371 - accuracy: 0.5122
Epoch 5/10

    ... [1 lines collapsed: Keras progress bar]
2/2 [==============================] - ETA: 0s - loss: 0.8380 - accuracy: 0.6829  
2/2 [==============================] - 97s 21s/step - loss: 0.8380 - accuracy: 0.6829
Epoch 6/10

    ... [1 lines collapsed: Keras progress bar]
2/2 [==============================] - ETA: 0s - loss: 0.6319 - accuracy: 0.7073  
2/2 [==============================] - 93s 26s/step - loss: 0.6319 - accuracy: 0.7073
Epoch 7/10

    ... [1 lines collapsed: Keras progress bar]
2/2 [==============================] - ETA: 0s - loss: 0.7544 - accuracy: 0.6829  
2/2 [==============================] - 98s 24s/step - loss: 0.7544 - accuracy: 0.6829
Epoch 8/10

    ... [1 lines collapsed: Keras progress bar]
2/2 [==============================] - ETA: 0s - loss: 0.7361 - accuracy: 0.6829  
2/2 [==============================] - 91s 25s/step - loss: 0.7361 - accuracy: 0.6829
Epoch 9/10

    ... [1 lines collapsed: Keras progress bar]
2/2 [==============================] - ETA: 0s - loss: 0.6850 - accuracy: 0.6829  
2/2 [==============================] - 86s 25s/step - loss: 0.6850 - accuracy: 0.6829
Epoch 10/10

    ... [1 lines collapsed: Keras progress bar]
2/2 [==============================] - ETA: 0s - loss: 0.9090 - accuracy: 0.6341  
2/2 [==============================] - 81s 19s/step - loss: 0.9090 - accuracy: 0.6341

1/1 [==============================] - ETA: 0s
1/1 [==============================] - 6s 6s/step
[09:49:14]     SCAM-CLMPNet       acc  33.33  bal-acc  37.50  f1   0.00   [932s]
================================
[⚠️] 3DCNN Based Distributed LSTM with Modified Pooling 
================================
linspaced [0.09090909 0.18181818 0.27272727 0.36363636 0.45454545 0.54545455
 0.63636364 0.72727273 0.81818182 0.90909091 1.        ]
channel is 128
channel is 128
channel is 128
channel is 128
channel is 128
channel is 128
channel is 128
channel is 128
channel is 128
channel is 128
channel is 128
(None, 1, 128)
Model: "model_7"
__________________________________________________________________________________________________
 Layer (type)                   Output Shape         Param #     Connected to                     
==================================================================================================
 input_9 (InputLayer)           [(None, 10, 128, 12  0           []                               
                                8, 12)]                                                           
                                                                                                  
 conv3d_6 (Conv3D)              (None, 10, 128, 128  5200        ['input_9[0][0]']                
                                , 16)                                                             
                                                                                                  
 activation_32 (Activation)     (None, 10, 128, 128  0           ['conv3d_6[0][0]']               
                                , 16)                                                             
                                                                                                  
 max_pooling3d_6 (MaxPooling3D)  (None, 10, 128, 128  0          ['activation_32[0][0]']          
                                , 16)                                                             
                                                                                                  
 average_pooling3d_6 (AveragePo  (None, 10, 128, 128  0          ['activation_32[0][0]']          
 oling3D)                       , 16)                                                             
                                                                                                  
 lambda_6 (Lambda)              (None, 10, 128, 128  0           ['max_pooling3d_6[0][0]',        
                                , 16)                             'average_pooling3d_6[0][0]']    
                                                                                                  
 conv3d_7 (Conv3D)              (None, 8, 126, 126,  13856       ['lambda_6[0][0]']               
                                 32)                                                              
                                                                                                  
 activation_33 (Activation)     (None, 8, 126, 126,  0           ['conv3d_7[0][0]']               
                                 32)                                                              
                                                                                                  
 max_pooling3d_7 (MaxPooling3D)  (None, 4, 63, 63, 3  0          ['activation_33[0][0]']          
                                2)                                                                
                                                                                                  
 average_pooling3d_7 (AveragePo  (None, 4, 63, 63, 3  0          ['activation_33[0][0]']          
 oling3D)                       2)                                                                
                                                                                                  
 lambda_7 (Lambda)              (None, 4, 63, 63, 3  0           ['max_pooling3d_7[0][0]',        
                                2)                                'average_pooling3d_7[0][0]']    
                                                                                                  
 conv3d_8 (Conv3D)              (None, 2, 61, 61, 6  55360       ['lambda_7[0][0]']               
                                4)                                                                
                                                                                                  
 activation_34 (Activation)     (None, 2, 61, 61, 6  0           ['conv3d_8[0][0]']               
                                4)                                                                
                                                                                                  
 batch_normalization_9 (BatchNo  (None, 2, 61, 61, 6  256        ['activation_34[0][0]']          
 rmalization)                   4)                                                                
                                                                                                  
 max_pooling3d_8 (MaxPooling3D)  (None, 1, 31, 31, 6  0          ['batch_normalization_9[0][0]']  
                                4)                                                                
                                                                                                  
 average_pooling3d_8 (AveragePo  (None, 1, 31, 31, 6  0          ['batch_normalization_9[0][0]']  
 oling3D)                       4)                                                                
                                                                                                  
 lambda_8 (Lambda)              (None, 1, 31, 31, 6  0           ['max_pooling3d_8[0][0]',        
                                4)                                'average_pooling3d_8[0][0]']    
                                                                                                  
 dropout_15 (Dropout)           (None, 1, 31, 31, 6  0           ['lambda_8[0][0]']               
                                4)                                                                
                                                                                                  
 reshape_15 (Reshape)           (None, 31, 31, 64)   0           ['dropout_15[0][0]']             
                                                                                                  
 spatial_and_channel_joint_atte  (None, 31, 31, 64)  0           ['reshape_15[0][0]']             
 ntion_1 (SpatialAndChannelJoin                                                                   
 tAttention)                                                                                      
                                                                                                  
 reshape_16 (Reshape)           (None, 31, 1984)     0           ['spatial_and_channel_joint_atten
                                                                 tion_1[0][0]']                   
                                                                                                  
 lstm_4 (LSTM)                  (None, 128)          1081856     ['reshape_16[0][0]']             
                                                                                                  
 lstm_5 (LSTM)                  (None, 128)          1081856     ['reshape_16[0][0]']             
                                                                                                  
 add_2 (Add)                    (None, 128)          0           ['lstm_4[0][0]',                 
                                                                  'lstm_5[0][0]']                 
                                                                                                  
 reshape_17 (Reshape)           (None, 1, 128)       0           ['add_2[0][0]']                  
                                                                                                  
 reshape_18 (Reshape)           (None, 1, 128)       0           ['add_2[0][0]']                  
                                                                                                  
 reshape_19 (Reshape)           (None, 1, 128)       0           ['add_2[0][0]']                  
                                                                                                  
 reshape_20 (Reshape)           (None, 1, 128)       0           ['add_2[0][0]']                  
                                                                                                  
 reshape_21 (Reshape)           (None, 1, 128)       0           ['add_2[0][0]']                  
                                                                                                  
 reshape_22 (Reshape)           (None, 1, 128)       0           ['add_2[0][0]']                  
                                                                                                  
 reshape_23 (Reshape)           (None, 1, 128)       0           ['add_2[0][0]']                  
                                                                                                  
 reshape_24 (Reshape)           (None, 1, 128)       0           ['add_2[0][0]']                  
                                                                                                  
 reshape_25 (Reshape)           (None, 1, 128)       0           ['add_2[0][0]']                  
                                                                                                  
 reshape_26 (Reshape)           (None, 1, 128)       0           ['add_2[0][0]']                  
                                                                                                  
 reshape_27 (Reshape)           (None, 1, 128)       0           ['add_2[0][0]']                  
                                                                                                  
 dense_29 (Dense)               (None, 1, 11)        1419        ['reshape_17[0][0]']             
                                                                                                  
 dense_30 (Dense)               (None, 1, 23)        2967        ['reshape_18[0][0]']             
                                                                                                  
 dense_31 (Dense)               (None, 1, 34)        4386        ['reshape_19[0][0]']             
                                                                                                  
 dense_32 (Dense)               (None, 1, 46)        5934        ['reshape_20[0][0]']             
                                                                                                  
 dense_33 (Dense)               (None, 1, 58)        7482        ['reshape_21[0][0]']             
                                                                                                  
 dense_34 (Dense)               (None, 1, 69)        8901        ['reshape_22[0][0]']             
                                                                                                  
 dense_35 (Dense)               (None, 1, 81)        10449       ['reshape_23[0][0]']             
                                                                                                  
 dense_36 (Dense)               (None, 1, 93)        11997       ['reshape_24[0][0]']             
                                                                                                  
 dense_37 (Dense)               (None, 1, 104)       13416       ['reshape_25[0][0]']             
                                                                                                  
 dense_38 (Dense)               (None, 1, 116)       14964       ['reshape_26[0][0]']             
                                                                                                  
 dense_39 (Dense)               (None, 1, 128)       16512       ['reshape_27[0][0]']             
                                                                                                  
 activation_35 (Activation)     (None, 1, 11)        0           ['dense_29[0][0]']               
                                                                                                  
 activation_36 (Activation)     (None, 1, 23)        0           ['dense_30[0][0]']               
                                                                                                  
 activation_37 (Activation)     (None, 1, 34)        0           ['dense_31[0][0]']               
                                                                                                  
 activation_38 (Activation)     (None, 1, 46)        0           ['dense_32[0][0]']               
                                                                                                  
 activation_39 (Activation)     (None, 1, 58)        0           ['dense_33[0][0]']               
                                                                                                  
 activation_40 (Activation)     (None, 1, 69)        0           ['dense_34[0][0]']               
                                                                                                  
 activation_41 (Activation)     (None, 1, 81)        0           ['dense_35[0][0]']               
                                                                                                  
 activation_42 (Activation)     (None, 1, 93)        0           ['dense_36[0][0]']               
                                                                                                  
 activation_43 (Activation)     (None, 1, 104)       0           ['dense_37[0][0]']               
                                                                                                  
 activation_44 (Activation)     (None, 1, 116)       0           ['dense_38[0][0]']               
                                                                                                  
 activation_45 (Activation)     (None, 1, 128)       0           ['dense_39[0][0]']               
                                                                                                  
 excitation_0.091 (Dense)       (None, 1, 128)       1536        ['activation_35[0][0]']          
                                                                                                  
 excitation_0.182 (Dense)       (None, 1, 128)       3072        ['activation_36[0][0]']          
                                                                                                  
 excitation_0.273 (Dense)       (None, 1, 128)       4480        ['activation_37[0][0]']          
                                                                                                  
 excitation_0.364 (Dense)       (None, 1, 128)       6016        ['activation_38[0][0]']          
                                                                                                  
 excitation_0.455 (Dense)       (None, 1, 128)       7552        ['activation_39[0][0]']          
                                                                                                  
 excitation_0.545 (Dense)       (None, 1, 128)       8960        ['activation_40[0][0]']          
                                                                                                  
 excitation_0.636 (Dense)       (None, 1, 128)       10496       ['activation_41[0][0]']          
                                                                                                  
 excitation_0.727 (Dense)       (None, 1, 128)       12032       ['activation_42[0][0]']          
                                                                                                  
 excitation_0.818 (Dense)       (None, 1, 128)       13440       ['activation_43[0][0]']          
                                                                                                  
 excitation_0.909 (Dense)       (None, 1, 128)       14976       ['activation_44[0][0]']          
                                                                                                  
 excitation_1 (Dense)           (None, 1, 128)       16512       ['activation_45[0][0]']          
                                                                                                  
 average_1 (Average)            (None, 1, 128)       0           ['excitation_0.091[0][0]',       
                                                                  'excitation_0.182[0][0]',       
                                                                  'excitation_0.273[0][0]',       
                                                                  'excitation_0.364[0][0]',       
                                                                  'excitation_0.455[0][0]',       
                                                                  'excitation_0.545[0][0]',       
                                                                  'excitation_0.636[0][0]',       
                                                                  'excitation_0.727[0][0]',       
                                                                  'excitation_0.818[0][0]',       
                                                                  'excitation_0.909[0][0]',       
                                                                  'excitation_1[0][0]']           
                                                                                                  
 normalized_attention (LayerNor  (None, 1, 128)      256         ['average_1[0][0]']              
 malization)                                                                                      
                                                                                                  
 hadamard (Multiply)            (None, 1, 128)       0           ['add_2[0][0]',                  
                                                                  'normalized_attention[0][0]']   
                                                                                                  
 normalized_attention2 (LayerNo  (None, 1, 128)      256         ['hadamard[0][0]']               
 rmalization)                                                                                     
                                                                                                  
 trainableatt (TrainableAttenti  (None, 1, 128)      16384       ['normalized_attention2[0][0]']  
 on)                                                                                              
                                                                                                  
 dense_40 (Dense)               (None, 1, 128)       16384       ['trainableatt[0][0]']           
                                                                                                  
 dense_41 (Dense)               (None, 1, 128)       16384       ['dense_40[0][0]']               
                                                                                                  
 flatten_7 (Flatten)            (None, 128)          0           ['dense_41[0][0]']               
                                                                                                  
 dense_42 (Dense)               (None, 100)          12900       ['flatten_7[0][0]']              
                                                                                                  
 activation_46 (Activation)     (None, 100)          0           ['dense_42[0][0]']               
                                                                                                  
 batch_normalization_10 (BatchN  (None, 100)         400         ['activation_46[0][0]']          
 ormalization)                                                                                    
                                                                                                  
 dropout_16 (Dropout)           (None, 100)          0           ['batch_normalization_10[0][0]'] 
                                                                                                  
 dense2c (Dense)                (None, 64)           6464        ['dropout_16[0][0]']             
                                                                                                  
 activation_47 (Activation)     (None, 64)           0           ['dense2c[0][0]']                
                                                                                                  
 batch_normalization_11 (BatchN  (None, 64)          256         ['activation_47[0][0]']          
 ormalization)                                                                                    
                                                                                                  
 dropout_17 (Dropout)           (None, 64)           0           ['batch_normalization_11[0][0]'] 
                                                                                                  
 dense_43 (Dense)               (None, 2)            130         ['dropout_17[0][0]']             
                                                                                                  
==================================================================================================
Total params: 2,505,697
Trainable params: 2,505,241
Non-trainable params: 456
__________________________________________________________________________________________________
Epoch 1/10

    ... [1 lines collapsed: Keras progress bar]
2/2 [==============================] - ETA: 0s - loss: 0.6475 - accuracy: 0.5610  
2/2 [==============================] - 105s 20s/step - loss: 0.6475 - accuracy: 0.5610
Epoch 2/10

    ... [1 lines collapsed: Keras progress bar]
2/2 [==============================] - ETA: 0s - loss: 1.0751 - accuracy: 0.5610 
2/2 [==============================] - 74s 19s/step - loss: 1.0751 - accuracy: 0.5610
Epoch 3/10

    ... [1 lines collapsed: Keras progress bar]
2/2 [==============================] - ETA: 0s - loss: 1.0545 - accuracy: 0.4634 
2/2 [==============================] - 75s 19s/step - loss: 1.0545 - accuracy: 0.4634
Epoch 4/10

    ... [1 lines collapsed: Keras progress bar]
2/2 [==============================] - ETA: 0s - loss: 1.3408 - accuracy: 0.5122 
2/2 [==============================] - 75s 19s/step - loss: 1.3408 - accuracy: 0.5122
Epoch 5/10

    ... [1 lines collapsed: Keras progress bar]
2/2 [==============================] - ETA: 0s - loss: 0.7060 - accuracy: 0.6829 
2/2 [==============================] - 76s 20s/step - loss: 0.7060 - accuracy: 0.6829
Epoch 6/10

    ... [1 lines collapsed: Keras progress bar]
2/2 [==============================] - ETA: 0s - loss: 1.0491 - accuracy: 0.4878 
2/2 [==============================] - 75s 19s/step - loss: 1.0491 - accuracy: 0.4878
Epoch 7/10

    ... [1 lines collapsed: Keras progress bar]
2/2 [==============================] - ETA: 0s - loss: 1.2294 - accuracy: 0.4878 
2/2 [==============================] - 77s 19s/step - loss: 1.2294 - accuracy: 0.4878
Epoch 8/10

    ... [1 lines collapsed: Keras progress bar]
2/2 [==============================] - ETA: 0s - loss: 0.7747 - accuracy: 0.7073 
2/2 [==============================] - 76s 19s/step - loss: 0.7747 - accuracy: 0.7073
Epoch 9/10

    ... [1 lines collapsed: Keras progress bar]
2/2 [==============================] - ETA: 0s - loss: 0.8596 - accuracy: 0.6829 
2/2 [==============================] - 73s 19s/step - loss: 0.8596 - accuracy: 0.6829
Epoch 10/10

    ... [1 lines collapsed: Keras progress bar]
2/2 [==============================] - ETA: 0s - loss: 0.6971 - accuracy: 0.7561 
2/2 [==============================] - 75s 19s/step - loss: 0.6971 - accuracy: 0.7561

1/1 [==============================] - ETA: 0s
1/1 [==============================] - 9s 9s/step
[10:02:31]     SMA-CLMPNet        acc  55.56  bal-acc  50.00  f1  71.43   [797s]
[10:02:44]     EfficientNetV2S    acc  55.56  bal-acc  52.50  f1  66.67   [13s]
[10:02:55]     ConvNeXtTiny       acc  44.44  bal-acc  40.00  f1  61.54   [12s]
[10:03:09]     MobileNetV3Large   acc  33.33  bal-acc  35.00  f1  25.00   [13s]
[10:03:21]     ResNetRS50         acc  11.11  bal-acc  10.00  f1  20.00   [13s]
linspaced [0.09090909 0.18181818 0.27272727 0.36363636 0.45454545 0.54545455
 0.63636364 0.72727273 0.81818182 0.90909091 1.        ]
channel is 128
channel is 128
channel is 128
channel is 128
channel is 128
channel is 128
channel is 128
channel is 128
channel is 128
channel is 128
channel is 128
(None, 1, 128)
Epoch 1/30
6/6 - 119s - loss: 1.3127 - accuracy: 0.4634 - 119s/epoch - 20s/step
Epoch 2/30
6/6 - 90s - loss: 1.1889 - accuracy: 0.4634 - 90s/epoch - 15s/step
Epoch 3/30
6/6 - 88s - loss: 0.7647 - accuracy: 0.7073 - 88s/epoch - 15s/step
Epoch 4/30
6/6 - 89s - loss: 1.2922 - accuracy: 0.5366 - 89s/epoch - 15s/step
Epoch 5/30
6/6 - 89s - loss: 1.1381 - accuracy: 0.5366 - 89s/epoch - 15s/step
Epoch 6/30
6/6 - 89s - loss: 0.7052 - accuracy: 0.6341 - 89s/epoch - 15s/step
Epoch 7/30
6/6 - 91s - loss: 0.7351 - accuracy: 0.7073 - 91s/epoch - 15s/step
Epoch 8/30
6/6 - 93s - loss: 0.9082 - accuracy: 0.5854 - 93s/epoch - 16s/step
Epoch 9/30
6/6 - 55s - loss: 0.9168 - accuracy: 0.7317 - 55s/epoch - 9s/step
Epoch 10/30
6/6 - 53s - loss: 0.6564 - accuracy: 0.7317 - 53s/epoch - 9s/step
Epoch 11/30
6/6 - 52s - loss: 0.7471 - accuracy: 0.5366 - 52s/epoch - 9s/step
Epoch 12/30
6/6 - 51s - loss: 1.0538 - accuracy: 0.5854 - 51s/epoch - 8s/step
Epoch 13/30
6/6 - 51s - loss: 0.6735 - accuracy: 0.6098 - 51s/epoch - 9s/step
Epoch 14/30
6/6 - 54s - loss: 0.5575 - accuracy: 0.7317 - 54s/epoch - 9s/step
Epoch 15/30
6/6 - 54s - loss: 0.7212 - accuracy: 0.6341 - 54s/epoch - 9s/step
Epoch 16/30
6/6 - 52s - loss: 0.4904 - accuracy: 0.7317 - 52s/epoch - 9s/step
Epoch 17/30
6/6 - 49s - loss: 1.0654 - accuracy: 0.6829 - 49s/epoch - 8s/step
Epoch 18/30
6/6 - 50s - loss: 0.5123 - accuracy: 0.8049 - 50s/epoch - 8s/step
Epoch 19/30
6/6 - 54s - loss: 0.2401 - accuracy: 0.9024 - 54s/epoch - 9s/step
Epoch 20/30
6/6 - 54s - loss: 0.4725 - accuracy: 0.8049 - 54s/epoch - 9s/step
Epoch 21/30
6/6 - 54s - loss: 0.4016 - accuracy: 0.8293 - 54s/epoch - 9s/step
Epoch 22/30
6/6 - 55s - loss: 0.1854 - accuracy: 0.9512 - 55s/epoch - 9s/step
Epoch 23/30
6/6 - 54s - loss: 0.4751 - accuracy: 0.7805 - 54s/epoch - 9s/step
Epoch 24/30
6/6 - 53s - loss: 0.3561 - accuracy: 0.8293 - 53s/epoch - 9s/step
Epoch 25/30
6/6 - 54s - loss: 0.4145 - accuracy: 0.8049 - 54s/epoch - 9s/step
Epoch 26/30
6/6 - 53s - loss: 0.2836 - accuracy: 0.8537 - 53s/epoch - 9s/step
Epoch 27/30
6/6 - 54s - loss: 0.2638 - accuracy: 0.9024 - 54s/epoch - 9s/step
Epoch 28/30
6/6 - 55s - loss: 0.2771 - accuracy: 0.9512 - 55s/epoch - 9s/step
Epoch 29/30
6/6 - 54s - loss: 0.4713 - accuracy: 0.8293 - 54s/epoch - 9s/step
Epoch 30/30
6/6 - 51s - loss: 0.3269 - accuracy: 0.9024 - 51s/epoch - 9s/step
[10:35:34]     SMA-CLMPNet-Opt    acc  44.44  bal-acc  50.00  f1   0.00   [1933s]
[10:35:34]   [checkpoint] k values done: [6]
[10:35:34] === k=7 fold 1/1: 42 train / 8 test (test classes [5, 3])
================================
[⚠️] DCNN 
================================
Model: "model_13"
_________________________________________________________________
 Layer (type)                Output Shape              Param #   
=================================================================
 input_15 (InputLayer)       [(None, 224, 224, 3)]     0         
                                                                 
 input_1 (InputLayer)        multiple                  0         
                                                                 
 rescaling (Rescaling)       (None, 224, 224, 3)       0         
                                                                 
 normalization (Normalizatio  (None, 224, 224, 3)      7         
 n)                                                              
                                                                 
 rescaling_1 (Rescaling)     (None, 224, 224, 3)       0         
                                                                 
 stem_conv_pad (ZeroPadding2  (None, 225, 225, 3)      0         
 D)                                                              
                                                                 
 stem_conv (Conv2D)          (None, 112, 112, 64)      1728      
                                                                 
 conv2d_13 (Conv2D)          (None, 112, 112, 64)      36928     
                                                                 
 max_pooling2d_10 (MaxPoolin  (None, 56, 56, 64)       0         
 g2D)                                                            
                                                                 
 conv2d_14 (Conv2D)          (None, 56, 56, 32)        18464     
                                                                 
 max_pooling2d_11 (MaxPoolin  (None, 28, 28, 32)       0         
 g2D)                                                            
                                                                 
 flatten_9 (Flatten)         (None, 25088)             0         
                                                                 
 dense_67 (Dense)            (None, 128)               3211392   
                                                                 
 activation_64 (Activation)  (None, 128)               0         
                                                                 
 dropout_29 (Dropout)        (None, 128)               0         
                                                                 
 dense_68 (Dense)            (None, 32)                4128      
                                                                 
 activation_65 (Activation)  (None, 32)                0         
                                                                 
 dropout_30 (Dropout)        (None, 32)                0         
                                                                 
 dense_69 (Dense)            (None, 2)                 66        
                                                                 
=================================================================
Total params: 3,272,713
Trainable params: 3,272,706
Non-trainable params: 7
_________________________________________________________________
Epoch 1/10

    ... [1 lines collapsed: Keras progress bar]
2/2 [==============================] - ETA: 0s - loss: 3.5257 - accuracy: 0.4286
2/2 [==============================] - 4s 593ms/step - loss: 3.5257 - accuracy: 0.4286
Epoch 2/10

    ... [1 lines collapsed: Keras progress bar]
2/2 [==============================] - ETA: 0s - loss: 1.6131 - accuracy: 0.5238
2/2 [==============================] - 2s 576ms/step - loss: 1.6131 - accuracy: 0.5238
Epoch 3/10

    ... [1 lines collapsed: Keras progress bar]
2/2 [==============================] - ETA: 0s - loss: 1.0213 - accuracy: 0.5000
2/2 [==============================] - 2s 543ms/step - loss: 1.0213 - accuracy: 0.5000
Epoch 4/10

    ... [1 lines collapsed: Keras progress bar]
2/2 [==============================] - ETA: 0s - loss: 0.8331 - accuracy: 0.5000
2/2 [==============================] - 2s 522ms/step - loss: 0.8331 - accuracy: 0.5000
Epoch 5/10

    ... [1 lines collapsed: Keras progress bar]
2/2 [==============================] - ETA: 0s - loss: 0.6859 - accuracy: 0.5714
2/2 [==============================] - 2s 495ms/step - loss: 0.6859 - accuracy: 0.5714
Epoch 6/10

    ... [1 lines collapsed: Keras progress bar]
2/2 [==============================] - ETA: 0s - loss: 0.7118 - accuracy: 0.5000
2/2 [==============================] - 2s 508ms/step - loss: 0.7118 - accuracy: 0.5000
Epoch 7/10

    ... [1 lines collapsed: Keras progress bar]
2/2 [==============================] - ETA: 0s - loss: 0.6713 - accuracy: 0.6905
2/2 [==============================] - 2s 529ms/step - loss: 0.6713 - accuracy: 0.6905
Epoch 8/10

    ... [1 lines collapsed: Keras progress bar]
2/2 [==============================] - ETA: 0s - loss: 0.6820 - accuracy: 0.5714
2/2 [==============================] - 2s 520ms/step - loss: 0.6820 - accuracy: 0.5714
Epoch 9/10

    ... [1 lines collapsed: Keras progress bar]
2/2 [==============================] - ETA: 0s - loss: 0.6943 - accuracy: 0.5238
2/2 [==============================] - 2s 510ms/step - loss: 0.6943 - accuracy: 0.5238
Epoch 10/10

    ... [1 lines collapsed: Keras progress bar]
2/2 [==============================] - ETA: 0s - loss: 0.6801 - accuracy: 0.5714
2/2 [==============================] - 2s 502ms/step - loss: 0.6801 - accuracy: 0.5714

1/1 [==============================] - ETA: 0s
1/1 [==============================] - 0s 306ms/step
[10:35:59]     EfficientNet       acc  62.50  bal-acc  50.00  f1  76.92   [25s]
================================
[⚠️] STIDNet 
================================
Model: "model_14"
_________________________________________________________________
 Layer (type)                Output Shape              Param #   
=================================================================
 input_16 (InputLayer)       [(None, 128, 128, 10)]    0         
                                                                 
 conv2d_15 (Conv2D)          (None, 126, 126, 16)      1456      
                                                                 
 max_pooling2d_12 (MaxPoolin  (None, 63, 63, 16)       0         
 g2D)                                                            
                                                                 
 conv2d_16 (Conv2D)          (None, 61, 61, 32)        4640      
                                                                 
 max_pooling2d_13 (MaxPoolin  (None, 30, 30, 32)       0         
 g2D)                                                            
                                                                 
 conv2d_17 (Conv2D)          (None, 28, 28, 64)        18496     
                                                                 
 max_pooling2d_14 (MaxPoolin  (None, 14, 14, 64)       0         
 g2D)                                                            
                                                                 
 flatten_10 (Flatten)        (None, 12544)             0         
                                                                 
 dense_70 (Dense)            (None, 256)               3211520   
                                                                 
 dropout_31 (Dropout)        (None, 256)               0         
                                                                 
 dense_71 (Dense)            (None, 256)               65792     
                                                                 
 dropout_32 (Dropout)        (None, 256)               0         
                                                                 
 dense_72 (Dense)            (None, 2)                 514       
                                                                 
=================================================================
Total params: 3,302,418
Trainable params: 3,302,418
Non-trainable params: 0
_________________________________________________________________
Model: "model_15"
_________________________________________________________________
 Layer (type)                Output Shape              Param #   
=================================================================
 input_17 (InputLayer)       [(None, 128, 128, 10)]    0         
                                                                 
 conv2d_18 (Conv2D)          (None, 126, 126, 64)      5824      
                                                                 
 max_pooling2d_15 (MaxPoolin  (None, 63, 63, 64)       0         
 g2D)                                                            
                                                                 
 conv2d_19 (Conv2D)          (None, 61, 61, 16)        9232      
                                                                 
 max_pooling2d_16 (MaxPoolin  (None, 30, 30, 16)       0         
 g2D)                                                            
                                                                 
 flatten_11 (Flatten)        (None, 14400)             0         
                                                                 
 dense_73 (Dense)            (None, 64)                921664    
                                                                 
 dropout_33 (Dropout)        (None, 64)                0         
                                                                 
 dense_74 (Dense)            (None, 2)                 130       
                                                                 
=================================================================
Total params: 936,850
Trainable params: 936,850
Non-trainable params: 0
_________________________________________________________________
Epoch 1/10

    ... [1 lines collapsed: Keras progress bar]
2/2 [==============================] - ETA: 0s - loss: 0.7291 - accuracy: 0.5714
2/2 [==============================] - 2s 136ms/step - loss: 0.7291 - accuracy: 0.5714
Epoch 2/10

    ... [1 lines collapsed: Keras progress bar]
2/2 [==============================] - ETA: 0s - loss: 0.8401 - accuracy: 0.5714
2/2 [==============================] - 0s 168ms/step - loss: 0.8401 - accuracy: 0.5714
Epoch 3/10

    ... [1 lines collapsed: Keras progress bar]
2/2 [==============================] - ETA: 0s - loss: 1.1857 - accuracy: 0.3333
2/2 [==============================] - 0s 115ms/step - loss: 1.1857 - accuracy: 0.3333
Epoch 4/10

    ... [1 lines collapsed: Keras progress bar]
2/2 [==============================] - ETA: 0s - loss: 0.7393 - accuracy: 0.5238
2/2 [==============================] - 0s 112ms/step - loss: 0.7393 - accuracy: 0.5238
Epoch 5/10

    ... [1 lines collapsed: Keras progress bar]
2/2 [==============================] - ETA: 0s - loss: 0.6988 - accuracy: 0.4524
2/2 [==============================] - 0s 124ms/step - loss: 0.6988 - accuracy: 0.4524
Epoch 6/10

    ... [1 lines collapsed: Keras progress bar]
2/2 [==============================] - ETA: 0s - loss: 0.6593 - accuracy: 0.5476
2/2 [==============================] - 0s 119ms/step - loss: 0.6593 - accuracy: 0.5476
Epoch 7/10

    ... [1 lines collapsed: Keras progress bar]
2/2 [==============================] - ETA: 0s - loss: 0.6933 - accuracy: 0.5238
2/2 [==============================] - 0s 115ms/step - loss: 0.6933 - accuracy: 0.5238
Epoch 8/10

    ... [1 lines collapsed: Keras progress bar]
2/2 [==============================] - ETA: 0s - loss: 0.6784 - accuracy: 0.5714
2/2 [==============================] - 0s 112ms/step - loss: 0.6784 - accuracy: 0.5714
Epoch 9/10

    ... [1 lines collapsed: Keras progress bar]
2/2 [==============================] - ETA: 0s - loss: 0.6321 - accuracy: 0.7143
2/2 [==============================] - 0s 105ms/step - loss: 0.6321 - accuracy: 0.7143
Epoch 10/10

    ... [1 lines collapsed: Keras progress bar]
2/2 [==============================] - ETA: 0s - loss: 0.6700 - accuracy: 0.5952
2/2 [==============================] - 0s 106ms/step - loss: 0.6700 - accuracy: 0.5952
Epoch 1/10

    ... [1 lines collapsed: Keras progress bar]
2/2 [==============================] - ETA: 0s - loss: 1.1565 - accuracy: 0.4286
2/2 [==============================] - 2s 179ms/step - loss: 1.1565 - accuracy: 0.4286
Epoch 2/10

    ... [1 lines collapsed: Keras progress bar]
2/2 [==============================] - ETA: 0s - loss: 0.6690 - accuracy: 0.6667
2/2 [==============================] - 1s 177ms/step - loss: 0.6690 - accuracy: 0.6667
Epoch 3/10

    ... [1 lines collapsed: Keras progress bar]
2/2 [==============================] - ETA: 0s - loss: 0.6907 - accuracy: 0.4524
2/2 [==============================] - 1s 174ms/step - loss: 0.6907 - accuracy: 0.4524
Epoch 4/10

    ... [1 lines collapsed: Keras progress bar]
2/2 [==============================] - ETA: 0s - loss: 0.6788 - accuracy: 0.5952
2/2 [==============================] - 1s 181ms/step - loss: 0.6788 - accuracy: 0.5952
Epoch 5/10

    ... [1 lines collapsed: Keras progress bar]
2/2 [==============================] - ETA: 0s - loss: 0.6411 - accuracy: 0.6190
2/2 [==============================] - 1s 180ms/step - loss: 0.6411 - accuracy: 0.6190
Epoch 6/10

    ... [1 lines collapsed: Keras progress bar]
2/2 [==============================] - ETA: 0s - loss: 0.6236 - accuracy: 0.6190
2/2 [==============================] - 1s 178ms/step - loss: 0.6236 - accuracy: 0.6190
Epoch 7/10

    ... [1 lines collapsed: Keras progress bar]
2/2 [==============================] - ETA: 0s - loss: 0.5426 - accuracy: 0.7143
2/2 [==============================] - 1s 202ms/step - loss: 0.5426 - accuracy: 0.7143
Epoch 8/10

    ... [1 lines collapsed: Keras progress bar]
2/2 [==============================] - ETA: 0s - loss: 0.6572 - accuracy: 0.6667
2/2 [==============================] - 1s 181ms/step - loss: 0.6572 - accuracy: 0.6667
Epoch 9/10

    ... [1 lines collapsed: Keras progress bar]
2/2 [==============================] - ETA: 0s - loss: 0.5362 - accuracy: 0.6905
2/2 [==============================] - 1s 183ms/step - loss: 0.5362 - accuracy: 0.6905
Epoch 10/10

    ... [1 lines collapsed: Keras progress bar]
2/2 [==============================] - ETA: 0s - loss: 0.6022 - accuracy: 0.6667
2/2 [==============================] - 1s 193ms/step - loss: 0.6022 - accuracy: 0.6667
Epoch 1/10

    ... [1 lines collapsed: Keras progress bar]
2/2 [==============================] - ETA: 0s - accuracy: 0.7568 - loss: 0.0757 - student_loss: 0.6894 - distillation_loss: 0.0075
2/2 [==============================] - 3s 526ms/step - accuracy: 0.7568 - loss: 0.0843 - student_loss: 0.7635 - distillation_loss: 0.0088 - val_accuracy: 0.4000 - val_student_loss: 1.1205
Epoch 2/10

    ... [1 lines collapsed: Keras progress bar]
2/2 [==============================] - ETA: 0s - accuracy: 0.5405 - loss: 0.1420 - student_loss: 1.0665 - distillation_loss: 0.0392
2/2 [==============================] - 1s 195ms/step - accuracy: 0.5405 - loss: 0.1294 - student_loss: 1.0070 - distillation_loss: 0.0319 - val_accuracy: 0.6000 - val_student_loss: 0.4818
Epoch 3/10

    ... [1 lines collapsed: Keras progress bar]
2/2 [==============================] - ETA: 0s - accuracy: 0.6486 - loss: 0.0581 - student_loss: 0.5368 - distillation_loss: 0.0049
2/2 [==============================] - 1s 231ms/step - accuracy: 0.6486 - loss: 0.0540 - student_loss: 0.5064 - distillation_loss: 0.0037 - val_accuracy: 1.0000 - val_student_loss: 0.5036
Epoch 4/10

    ... [1 lines collapsed: Keras progress bar]
2/2 [==============================] - ETA: 0s - accuracy: 0.8378 - loss: 0.0489 - student_loss: 0.4550 - distillation_loss: 0.0038
2/2 [==============================] - 1s 195ms/step - accuracy: 0.8378 - loss: 0.0494 - student_loss: 0.4601 - distillation_loss: 0.0037 - val_accuracy: 0.8000 - val_student_loss: 0.5657
Epoch 5/10

    ... [1 lines collapsed: Keras progress bar]
2/2 [==============================] - ETA: 0s - accuracy: 0.8108 - loss: 0.0542 - student_loss: 0.5198 - distillation_loss: 0.0024
2/2 [==============================] - 1s 246ms/step - accuracy: 0.8108 - loss: 0.0541 - student_loss: 0.5198 - distillation_loss: 0.0023 - val_accuracy: 0.8000 - val_student_loss: 0.5660
Epoch 6/10

    ... [1 lines collapsed: Keras progress bar]
2/2 [==============================] - ETA: 0s - accuracy: 0.8649 - loss: 0.0551 - student_loss: 0.5244 - distillation_loss: 0.0030
2/2 [==============================] - 1s 238ms/step - accuracy: 0.8649 - loss: 0.0575 - student_loss: 0.5500 - distillation_loss: 0.0027 - val_accuracy: 0.6000 - val_student_loss: 0.5412
Epoch 7/10

    ... [1 lines collapsed: Keras progress bar]
2/2 [==============================] - ETA: 0s - accuracy: 0.6757 - loss: 0.0506 - student_loss: 0.4538 - distillation_loss: 0.0058
2/2 [==============================] - 1s 196ms/step - accuracy: 0.6757 - loss: 0.0500 - student_loss: 0.4434 - distillation_loss: 0.0063 - val_accuracy: 0.8000 - val_student_loss: 0.5534
Epoch 8/10

    ... [1 lines collapsed: Keras progress bar]
2/2 [==============================] - ETA: 0s - accuracy: 0.8649 - loss: 0.0453 - student_loss: 0.3764 - distillation_loss: 0.0085
2/2 [==============================] - 1s 214ms/step - accuracy: 0.8649 - loss: 0.0456 - student_loss: 0.3721 - distillation_loss: 0.0093 - val_accuracy: 0.8000 - val_student_loss: 0.5375
Epoch 9/10

    ... [1 lines collapsed: Keras progress bar]
2/2 [==============================] - ETA: 0s - accuracy: 0.8919 - loss: 0.0335 - student_loss: 0.2831 - distillation_loss: 0.0057
2/2 [==============================] - 1s 220ms/step - accuracy: 0.8919 - loss: 0.0285 - student_loss: 0.2310 - distillation_loss: 0.0060 - val_accuracy: 0.6000 - val_student_loss: 0.5004
Epoch 10/10

    ... [1 lines collapsed: Keras progress bar]
2/2 [==============================] - ETA: 0s - accuracy: 0.7838 - loss: 0.0387 - student_loss: 0.3487 - distillation_loss: 0.0043
2/2 [==============================] - 1s 236ms/step - accuracy: 0.7838 - loss: 0.0357 - student_loss: 0.3230 - distillation_loss: 0.0038 - val_accuracy: 1.0000 - val_student_loss: 0.4371

1/1 [==============================] - ETA: 0s
1/1 [==============================] - 0s 235ms/step
[10:36:25]     STIDNet            acc  75.00  bal-acc  73.33  f1  80.00   [26s]
================================
[⚠️] CNN 
================================
Model: "model_16"
_________________________________________________________________
 Layer (type)                Output Shape              Param #   
=================================================================
 input_18 (InputLayer)       [(None, 128, 128, 10)]    0         
                                                                 
 conv2d_20 (Conv2D)          (None, 128, 128, 16)      1456      
                                                                 
 activation_66 (Activation)  (None, 128, 128, 16)      0         
                                                                 
 max_pooling2d_17 (MaxPoolin  (None, 128, 128, 16)     0         
 g2D)                                                            
                                                                 
 conv2d_21 (Conv2D)          (None, 128, 128, 32)      4640      
                                                                 
 activation_67 (Activation)  (None, 128, 128, 32)      0         
                                                                 
 max_pooling2d_18 (MaxPoolin  (None, 128, 128, 32)     0         
 g2D)                                                            
                                                                 
 conv2d_22 (Conv2D)          (None, 128, 128, 64)      18496     
                                                                 
 activation_68 (Activation)  (None, 128, 128, 64)      0         
                                                                 
 batch_normalization_15 (Bat  (None, 128, 128, 64)     256       
 chNormalization)                                                
                                                                 
 max_pooling2d_19 (MaxPoolin  (None, 128, 128, 64)     0         
 g2D)                                                            
                                                                 
 dropout_34 (Dropout)        (None, 128, 128, 64)      0         
                                                                 
 flatten_12 (Flatten)        (None, 1048576)           0         
                                                                 
 dense_75 (Dense)            (None, 100)               104857700 
                                                                 
 activation_69 (Activation)  (None, 100)               0         
                                                                 
 batch_normalization_16 (Bat  (None, 100)              400       
 chNormalization)                                                
                                                                 
 dropout_35 (Dropout)        (None, 100)               0         
                                                                 
 dense2c (Dense)             (None, 64)                6464      
                                                                 
 activation_70 (Activation)  (None, 64)                0         
                                                                 
 batch_normalization_17 (Bat  (None, 64)               256       
 chNormalization)                                                
                                                                 
 dropout_36 (Dropout)        (None, 64)                0         
                                                                 
 dense_76 (Dense)            (None, 2)                 130       
                                                                 
=================================================================
Total params: 104,889,798
Trainable params: 104,889,342
Non-trainable params: 456
_________________________________________________________________
Epoch 1/10

    ... [1 lines collapsed: Keras progress bar]
2/2 [==============================] - ETA: 0s - loss: 1.5324 - accuracy: 0.3810
2/2 [==============================] - 5s 902ms/step - loss: 1.5324 - accuracy: 0.3810
Epoch 2/10

    ... [1 lines collapsed: Keras progress bar]
2/2 [==============================] - ETA: 0s - loss: 0.9483 - accuracy: 0.5952
2/2 [==============================] - 3s 934ms/step - loss: 0.9483 - accuracy: 0.5952
Epoch 3/10

    ... [1 lines collapsed: Keras progress bar]
2/2 [==============================] - ETA: 0s - loss: 0.9411 - accuracy: 0.6190
2/2 [==============================] - 3s 993ms/step - loss: 0.9411 - accuracy: 0.6190
Epoch 4/10

    ... [1 lines collapsed: Keras progress bar]
2/2 [==============================] - ETA: 0s - loss: 0.8565 - accuracy: 0.6429
2/2 [==============================] - 4s 943ms/step - loss: 0.8565 - accuracy: 0.6429
Epoch 5/10

    ... [1 lines collapsed: Keras progress bar]
2/2 [==============================] - ETA: 0s - loss: 1.0927 - accuracy: 0.6190
2/2 [==============================] - 3s 884ms/step - loss: 1.0927 - accuracy: 0.6190
Epoch 6/10

    ... [1 lines collapsed: Keras progress bar]
2/2 [==============================] - ETA: 0s - loss: 0.6257 - accuracy: 0.6429
2/2 [==============================] - 3s 1s/step - loss: 0.6257 - accuracy: 0.6429
Epoch 7/10

    ... [1 lines collapsed: Keras progress bar]
2/2 [==============================] - ETA: 0s - loss: 0.7856 - accuracy: 0.6905
2/2 [==============================] - 4s 984ms/step - loss: 0.7856 - accuracy: 0.6905
Epoch 8/10

    ... [1 lines collapsed: Keras progress bar]
2/2 [==============================] - ETA: 0s - loss: 1.0185 - accuracy: 0.6905
2/2 [==============================] - 3s 870ms/step - loss: 1.0185 - accuracy: 0.6905
Epoch 9/10

    ... [1 lines collapsed: Keras progress bar]
2/2 [==============================] - ETA: 0s - loss: 0.7607 - accuracy: 0.6429
2/2 [==============================] - 3s 888ms/step - loss: 0.7607 - accuracy: 0.6429
Epoch 10/10

    ... [1 lines collapsed: Keras progress bar]
2/2 [==============================] - ETA: 0s - loss: 0.4967 - accuracy: 0.8333
2/2 [==============================] - 3s 892ms/step - loss: 0.4967 - accuracy: 0.8333

1/1 [==============================] - ETA: 0s
1/1 [==============================] - 1s 523ms/step
[10:37:03]     DCNN               acc  62.50  bal-acc  50.00  f1  76.92   [38s]
================================
[⚠️] GLCM 
================================
Model: "model_17"
_________________________________________________________________
 Layer (type)                Output Shape              Param #   
=================================================================
 input_19 (InputLayer)       [(None, 10, 12)]          0         
                                                                 
 conv1d_2 (Conv1D)           (None, 10, 32)            1184      
                                                                 
 activation_71 (Activation)  (None, 10, 32)            0         
                                                                 
 dropout_37 (Dropout)        (None, 10, 32)            0         
                                                                 
 max_pooling1d_2 (MaxPooling  (None, 5, 32)            0         
 1D)                                                             
                                                                 
 conv1d_3 (Conv1D)           (None, 5, 64)             6208      
                                                                 
 activation_72 (Activation)  (None, 5, 64)             0         
                                                                 
 max_pooling1d_3 (MaxPooling  (None, 3, 64)            0         
 1D)                                                             
                                                                 
 flatten_13 (Flatten)        (None, 192)               0         
                                                                 
 dense_77 (Dense)            (None, 32)                6176      
                                                                 
 activation_73 (Activation)  (None, 32)                0         
                                                                 
 dense_78 (Dense)            (None, 2)                 66        
                                                                 
 activation_74 (Activation)  (None, 2)                 0         
                                                                 
=================================================================
Total params: 13,634
Trainable params: 13,634
Non-trainable params: 0
_________________________________________________________________
Epoch 1/10

    ... [1 lines collapsed: Keras progress bar]
2/2 [==============================] - 1s 6ms/step - loss: 147.1821 - accuracy: 0.5476
Epoch 2/10

    ... [1 lines collapsed: Keras progress bar]
2/2 [==============================] - 0s 6ms/step - loss: 101.0313 - accuracy: 0.5238
Epoch 3/10

    ... [1 lines collapsed: Keras progress bar]
2/2 [==============================] - 0s 5ms/step - loss: 67.1230 - accuracy: 0.5476
Epoch 4/10

    ... [1 lines collapsed: Keras progress bar]
2/2 [==============================] - 0s 6ms/step - loss: 79.8740 - accuracy: 0.5476
Epoch 5/10

    ... [1 lines collapsed: Keras progress bar]
2/2 [==============================] - 0s 5ms/step - loss: 94.8803 - accuracy: 0.4524
Epoch 6/10

    ... [1 lines collapsed: Keras progress bar]
2/2 [==============================] - 0s 5ms/step - loss: 50.3232 - accuracy: 0.5952
Epoch 7/10

    ... [1 lines collapsed: Keras progress bar]
2/2 [==============================] - 0s 5ms/step - loss: 36.8280 - accuracy: 0.5952
Epoch 8/10

    ... [1 lines collapsed: Keras progress bar]
2/2 [==============================] - 0s 4ms/step - loss: 67.4706 - accuracy: 0.5476
Epoch 9/10

    ... [1 lines collapsed: Keras progress bar]
2/2 [==============================] - 0s 4ms/step - loss: 35.3340 - accuracy: 0.6190
Epoch 10/10

    ... [1 lines collapsed: Keras progress bar]
2/2 [==============================] - 0s 5ms/step - loss: 64.0266 - accuracy: 0.5238

1/1 [==============================] - ETA: 0s
1/1 [==============================] - 0s 179ms/step
[10:37:06]     GLCM               acc  87.50  bal-acc  83.33  f1  90.91   [2s]
================================
[⚠️] 3DCNN Based Distributed LSTM with Modified Pooling 
================================
linspaced [0.09090909 0.18181818 0.27272727 0.36363636 0.45454545 0.54545455
 0.63636364 0.72727273 0.81818182 0.90909091 1.        ]
channel is 128
channel is 128
channel is 128
channel is 128
channel is 128
channel is 128
channel is 128
channel is 128
channel is 128
channel is 128
channel is 128
(None, 1, 128)
Model: "model_18"
__________________________________________________________________________________________________
 Layer (type)                   Output Shape         Param #     Connected to                     
==================================================================================================
 input_20 (InputLayer)          [(None, 10, 128, 12  0           []                               
                                8, 12)]                                                           
                                                                                                  
 conv3d_12 (Conv3D)             (None, 10, 128, 128  5200        ['input_20[0][0]']               
                                , 16)                                                             
                                                                                                  
 activation_75 (Activation)     (None, 10, 128, 128  0           ['conv3d_12[0][0]']              
                                , 16)                                                             
                                                                                                  
 max_pooling3d_12 (MaxPooling3D  (None, 10, 128, 128  0          ['activation_75[0][0]']          
 )                              , 16)                                                             
                                                                                                  
 average_pooling3d_12 (AverageP  (None, 10, 128, 128  0          ['activation_75[0][0]']          
 ooling3D)                      , 16)                                                             
                                                                                                  
 lambda_12 (Lambda)             (None, 10, 128, 128  0           ['max_pooling3d_12[0][0]',       
                                , 16)                             'average_pooling3d_12[0][0]']   
                                                                                                  
 conv3d_13 (Conv3D)             (None, 8, 126, 126,  13856       ['lambda_12[0][0]']              
                                 32)                                                              
                                                                                                  
 activation_76 (Activation)     (None, 8, 126, 126,  0           ['conv3d_13[0][0]']              
                                 32)                                                              
                                                                                                  
 max_pooling3d_13 (MaxPooling3D  (None, 4, 63, 63, 3  0          ['activation_76[0][0]']          
 )                              2)                                                                
                                                                                                  
 average_pooling3d_13 (AverageP  (None, 4, 63, 63, 3  0          ['activation_76[0][0]']          
 ooling3D)                      2)                                                                
                                                                                                  
 lambda_13 (Lambda)             (None, 4, 63, 63, 3  0           ['max_pooling3d_13[0][0]',       
                                2)                                'average_pooling3d_13[0][0]']   
                                                                                                  
 conv3d_14 (Conv3D)             (None, 2, 61, 61, 6  55360       ['lambda_13[0][0]']              
                                4)                                                                
                                                                                                  
 activation_77 (Activation)     (None, 2, 61, 61, 6  0           ['conv3d_14[0][0]']              
                                4)                                                                
                                                                                                  
 batch_normalization_18 (BatchN  (None, 2, 61, 61, 6  256        ['activation_77[0][0]']          
 ormalization)                  4)                                                                
                                                                                                  
 max_pooling3d_14 (MaxPooling3D  (None, 1, 31, 31, 6  0          ['batch_normalization_18[0][0]'] 
 )                              4)                                                                
                                                                                                  
 average_pooling3d_14 (AverageP  (None, 1, 31, 31, 6  0          ['batch_normalization_18[0][0]'] 
 ooling3D)                      4)                                                                
                                                                                                  
 lambda_14 (Lambda)             (None, 1, 31, 31, 6  0           ['max_pooling3d_14[0][0]',       
                                4)                                'average_pooling3d_14[0][0]']   
                                                                                                  
 dropout_38 (Dropout)           (None, 1, 31, 31, 6  0           ['lambda_14[0][0]']              
                                4)                                                                
                                                                                                  
 reshape_41 (Reshape)           (None, 31, 31, 64)   0           ['dropout_38[0][0]']             
                                                                                                  
 reshape_42 (Reshape)           (None, 31, 1984)     0           ['reshape_41[0][0]']             
                                                                                                  
 lstm_8 (LSTM)                  (None, 128)          1081856     ['reshape_42[0][0]']             
                                                                                                  
 lstm_9 (LSTM)                  (None, 128)          1081856     ['reshape_42[0][0]']             
                                                                                                  
 add_4 (Add)                    (None, 128)          0           ['lstm_8[0][0]',                 
                                                                  'lstm_9[0][0]']                 
                                                                                                  
 reshape_43 (Reshape)           (None, 1, 128)       0           ['add_4[0][0]']                  
                                                                                                  
 reshape_44 (Reshape)           (None, 1, 128)       0           ['add_4[0][0]']                  
                                                                                                  
 reshape_45 (Reshape)           (None, 1, 128)       0           ['add_4[0][0]']                  
                                                                                                  
 reshape_46 (Reshape)           (None, 1, 128)       0           ['add_4[0][0]']                  
                                                                                                  
 reshape_47 (Reshape)           (None, 1, 128)       0           ['add_4[0][0]']                  
                                                                                                  
 reshape_48 (Reshape)           (None, 1, 128)       0           ['add_4[0][0]']                  
                                                                                                  
 reshape_49 (Reshape)           (None, 1, 128)       0           ['add_4[0][0]']                  
                                                                                                  
 reshape_50 (Reshape)           (None, 1, 128)       0           ['add_4[0][0]']                  
                                                                                                  
 reshape_51 (Reshape)           (None, 1, 128)       0           ['add_4[0][0]']                  
                                                                                                  
 reshape_52 (Reshape)           (None, 1, 128)       0           ['add_4[0][0]']                  
                                                                                                  
 reshape_53 (Reshape)           (None, 1, 128)       0           ['add_4[0][0]']                  
                                                                                                  
 dense_79 (Dense)               (None, 1, 11)        1419        ['reshape_43[0][0]']             
                                                                                                  
 dense_80 (Dense)               (None, 1, 23)        2967        ['reshape_44[0][0]']             
                                                                                                  
 dense_81 (Dense)               (None, 1, 34)        4386        ['reshape_45[0][0]']             
                                                                                                  
 dense_82 (Dense)               (None, 1, 46)        5934        ['reshape_46[0][0]']             
                                                                                                  
 dense_83 (Dense)               (None, 1, 58)        7482        ['reshape_47[0][0]']             
                                                                                                  
 dense_84 (Dense)               (None, 1, 69)        8901        ['reshape_48[0][0]']             
                                                                                                  
 dense_85 (Dense)               (None, 1, 81)        10449       ['reshape_49[0][0]']             
                                                                                                  
 dense_86 (Dense)               (None, 1, 93)        11997       ['reshape_50[0][0]']             
                                                                                                  
 dense_87 (Dense)               (None, 1, 104)       13416       ['reshape_51[0][0]']             
                                                                                                  
 dense_88 (Dense)               (None, 1, 116)       14964       ['reshape_52[0][0]']             
                                                                                                  
 dense_89 (Dense)               (None, 1, 128)       16512       ['reshape_53[0][0]']             
                                                                                                  
 activation_78 (Activation)     (None, 1, 11)        0           ['dense_79[0][0]']               
                                                                                                  
 activation_79 (Activation)     (None, 1, 23)        0           ['dense_80[0][0]']               
                                                                                                  
 activation_80 (Activation)     (None, 1, 34)        0           ['dense_81[0][0]']               
                                                                                                  
 activation_81 (Activation)     (None, 1, 46)        0           ['dense_82[0][0]']               
                                                                                                  
 activation_82 (Activation)     (None, 1, 58)        0           ['dense_83[0][0]']               
                                                                                                  
 activation_83 (Activation)     (None, 1, 69)        0           ['dense_84[0][0]']               
                                                                                                  
 activation_84 (Activation)     (None, 1, 81)        0           ['dense_85[0][0]']               
                                                                                                  
 activation_85 (Activation)     (None, 1, 93)        0           ['dense_86[0][0]']               
                                                                                                  
 activation_86 (Activation)     (None, 1, 104)       0           ['dense_87[0][0]']               
                                                                                                  
 activation_87 (Activation)     (None, 1, 116)       0           ['dense_88[0][0]']               
                                                                                                  
 activation_88 (Activation)     (None, 1, 128)       0           ['dense_89[0][0]']               
                                                                                                  
 excitation_0.091 (Dense)       (None, 1, 128)       1536        ['activation_78[0][0]']          
                                                                                                  
 excitation_0.182 (Dense)       (None, 1, 128)       3072        ['activation_79[0][0]']          
                                                                                                  
 excitation_0.273 (Dense)       (None, 1, 128)       4480        ['activation_80[0][0]']          
                                                                                                  
 excitation_0.364 (Dense)       (None, 1, 128)       6016        ['activation_81[0][0]']          
                                                                                                  
 excitation_0.455 (Dense)       (None, 1, 128)       7552        ['activation_82[0][0]']          
                                                                                                  
 excitation_0.545 (Dense)       (None, 1, 128)       8960        ['activation_83[0][0]']          
                                                                                                  
 excitation_0.636 (Dense)       (None, 1, 128)       10496       ['activation_84[0][0]']          
                                                                                                  
 excitation_0.727 (Dense)       (None, 1, 128)       12032       ['activation_85[0][0]']          
                                                                                                  
 excitation_0.818 (Dense)       (None, 1, 128)       13440       ['activation_86[0][0]']          
                                                                                                  
 excitation_0.909 (Dense)       (None, 1, 128)       14976       ['activation_87[0][0]']          
                                                                                                  
 excitation_1 (Dense)           (None, 1, 128)       16512       ['activation_88[0][0]']          
                                                                                                  
 average_3 (Average)            (None, 1, 128)       0           ['excitation_0.091[0][0]',       
                                                                  'excitation_0.182[0][0]',       
                                                                  'excitation_0.273[0][0]',       
                                                                  'excitation_0.364[0][0]',       
                                                                  'excitation_0.455[0][0]',       
                                                                  'excitation_0.545[0][0]',       
                                                                  'excitation_0.636[0][0]',       
                                                                  'excitation_0.727[0][0]',       
                                                                  'excitation_0.818[0][0]',       
                                                                  'excitation_0.909[0][0]',       
                                                                  'excitation_1[0][0]']           
                                                                                                  
 normalized_attention (LayerNor  (None, 1, 128)      256         ['average_3[0][0]']              
 malization)                                                                                      
                                                                                                  
 hadamard (Multiply)            (None, 1, 128)       0           ['add_4[0][0]',                  
                                                                  'normalized_attention[0][0]']   
                                                                                                  
 normalized_attention2 (LayerNo  (None, 1, 128)      256         ['hadamard[0][0]']               
 rmalization)                                                                                     
                                                                                                  
 trainableatt (TrainableAttenti  (None, 1, 128)      16384       ['normalized_attention2[0][0]']  
 on)                                                                                              
                                                                                                  
 dense_90 (Dense)               (None, 1, 128)       16384       ['trainableatt[0][0]']           
                                                                                                  
 dense_91 (Dense)               (None, 1, 128)       16384       ['dense_90[0][0]']               
                                                                                                  
 flatten_14 (Flatten)           (None, 128)          0           ['dense_91[0][0]']               
                                                                                                  
 dense_92 (Dense)               (None, 100)          12900       ['flatten_14[0][0]']             
                                                                                                  
 activation_89 (Activation)     (None, 100)          0           ['dense_92[0][0]']               
                                                                                                  
 batch_normalization_19 (BatchN  (None, 100)         400         ['activation_89[0][0]']          
 ormalization)                                                                                    
                                                                                                  
 dropout_39 (Dropout)           (None, 100)          0           ['batch_normalization_19[0][0]'] 
                                                                                                  
 dense2c (Dense)                (None, 64)           6464        ['dropout_39[0][0]']             
                                                                                                  
 activation_90 (Activation)     (None, 64)           0           ['dense2c[0][0]']                
                                                                                                  
 batch_normalization_20 (BatchN  (None, 64)          256         ['activation_90[0][0]']          
 ormalization)                                                                                    
                                                                                                  
 dropout_40 (Dropout)           (None, 64)           0           ['batch_normalization_20[0][0]'] 
                                                                                                  
 dense_93 (Dense)               (None, 2)            130         ['dropout_40[0][0]']             
                                                                                                  
==================================================================================================
Total params: 2,505,697
Trainable params: 2,505,241
Non-trainable params: 456
__________________________________________________________________________________________________
Epoch 1/10

    ... [1 lines collapsed: Keras progress bar]
2/2 [==============================] - ETA: 0s - loss: 0.9348 - accuracy: 0.3571 
2/2 [==============================] - 59s 11s/step - loss: 0.9348 - accuracy: 0.3571
Epoch 2/10

    ... [1 lines collapsed: Keras progress bar]
2/2 [==============================] - ETA: 0s - loss: 1.0499 - accuracy: 0.5476 
2/2 [==============================] - 46s 12s/step - loss: 1.0499 - accuracy: 0.5476
Epoch 3/10

    ... [1 lines collapsed: Keras progress bar]
2/2 [==============================] - ETA: 0s - loss: 1.0804 - accuracy: 0.5000 
2/2 [==============================] - 47s 12s/step - loss: 1.0804 - accuracy: 0.5000
Epoch 4/10

    ... [1 lines collapsed: Keras progress bar]
2/2 [==============================] - ETA: 0s - loss: 0.6157 - accuracy: 0.7619 
2/2 [==============================] - 53s 14s/step - loss: 0.6157 - accuracy: 0.7619
Epoch 5/10

    ... [1 lines collapsed: Keras progress bar]
2/2 [==============================] - ETA: 0s - loss: 0.4425 - accuracy: 0.8095 
2/2 [==============================] - 55s 15s/step - loss: 0.4425 - accuracy: 0.8095
Epoch 6/10

    ... [1 lines collapsed: Keras progress bar]
2/2 [==============================] - ETA: 0s - loss: 0.5036 - accuracy: 0.7857 
2/2 [==============================] - 52s 14s/step - loss: 0.5036 - accuracy: 0.7857
Epoch 7/10

    ... [1 lines collapsed: Keras progress bar]
2/2 [==============================] - ETA: 0s - loss: 0.2865 - accuracy: 0.8571 
2/2 [==============================] - 51s 14s/step - loss: 0.2865 - accuracy: 0.8571
Epoch 8/10

    ... [1 lines collapsed: Keras progress bar]
2/2 [==============================] - ETA: 0s - loss: 0.9765 - accuracy: 0.5476 
2/2 [==============================] - 53s 14s/step - loss: 0.9765 - accuracy: 0.5476
Epoch 9/10

    ... [1 lines collapsed: Keras progress bar]
2/2 [==============================] - ETA: 0s - loss: 0.5519 - accuracy: 0.7857 
2/2 [==============================] - 55s 14s/step - loss: 0.5519 - accuracy: 0.7857
Epoch 10/10

    ... [1 lines collapsed: Keras progress bar]
2/2 [==============================] - ETA: 0s - loss: 0.3498 - accuracy: 0.8571 
2/2 [==============================] - 55s 15s/step - loss: 0.3498 - accuracy: 0.8571

1/1 [==============================] - ETA: 0s
1/1 [==============================] - 7s 7s/step
[10:46:03]     MUSE-CLMPNet       acc  62.50  bal-acc  50.00  f1  76.92   [538s]
================================
[⚠️] 3DCNN Based Distributed LSTM with Modified Pooling 
================================
Model: "model_19"
__________________________________________________________________________________________________
 Layer (type)                   Output Shape         Param #     Connected to                     
==================================================================================================
 input_21 (InputLayer)          [(None, 10, 128, 12  0           []                               
                                8, 12)]                                                           
                                                                                                  
 conv3d_15 (Conv3D)             (None, 10, 128, 128  5200        ['input_21[0][0]']               
                                , 16)                                                             
                                                                                                  
 activation_91 (Activation)     (None, 10, 128, 128  0           ['conv3d_15[0][0]']              
                                , 16)                                                             
                                                                                                  
 max_pooling3d_15 (MaxPooling3D  (None, 10, 128, 128  0          ['activation_91[0][0]']          
 )                              , 16)                                                             
                                                                                                  
 average_pooling3d_15 (AverageP  (None, 10, 128, 128  0          ['activation_91[0][0]']          
 ooling3D)                      , 16)                                                             
                                                                                                  
 lambda_15 (Lambda)             (None, 10, 128, 128  0           ['max_pooling3d_15[0][0]',       
                                , 16)                             'average_pooling3d_15[0][0]']   
                                                                                                  
 conv3d_16 (Conv3D)             (None, 8, 126, 126,  13856       ['lambda_15[0][0]']              
                                 32)                                                              
                                                                                                  
 activation_92 (Activation)     (None, 8, 126, 126,  0           ['conv3d_16[0][0]']              
                                 32)                                                              
                                                                                                  
 max_pooling3d_16 (MaxPooling3D  (None, 4, 63, 63, 3  0          ['activation_92[0][0]']          
 )                              2)                                                                
                                                                                                  
 average_pooling3d_16 (AverageP  (None, 4, 63, 63, 3  0          ['activation_92[0][0]']          
 ooling3D)                      2)                                                                
                                                                                                  
 lambda_16 (Lambda)             (None, 4, 63, 63, 3  0           ['max_pooling3d_16[0][0]',       
                                2)                                'average_pooling3d_16[0][0]']   
                                                                                                  
 conv3d_17 (Conv3D)             (None, 2, 61, 61, 6  55360       ['lambda_16[0][0]']              
                                4)                                                                
                                                                                                  
 activation_93 (Activation)     (None, 2, 61, 61, 6  0           ['conv3d_17[0][0]']              
                                4)                                                                
                                                                                                  
 batch_normalization_21 (BatchN  (None, 2, 61, 61, 6  256        ['activation_93[0][0]']          
 ormalization)                  4)                                                                
                                                                                                  
 max_pooling3d_17 (MaxPooling3D  (None, 1, 31, 31, 6  0          ['batch_normalization_21[0][0]'] 
 )                              4)                                                                
                                                                                                  
 average_pooling3d_17 (AverageP  (None, 1, 31, 31, 6  0          ['batch_normalization_21[0][0]'] 
 ooling3D)                      4)                                                                
                                                                                                  
 lambda_17 (Lambda)             (None, 1, 31, 31, 6  0           ['max_pooling3d_17[0][0]',       
                                4)                                'average_pooling3d_17[0][0]']   
                                                                                                  
 dropout_41 (Dropout)           (None, 1, 31, 31, 6  0           ['lambda_17[0][0]']              
                                4)                                                                
                                                                                                  
 reshape_54 (Reshape)           (None, 31, 31, 64)   0           ['dropout_41[0][0]']             
                                                                                                  
 spatial_and_channel_joint_atte  (None, 31, 31, 64)  0           ['reshape_54[0][0]']             
 ntion_3 (SpatialAndChannelJoin                                                                   
 tAttention)                                                                                      
                                                                                                  
 reshape_55 (Reshape)           (None, 31, 1984)     0           ['spatial_and_channel_joint_atten
                                                                 tion_3[0][0]']                   
                                                                                                  
 lstm_10 (LSTM)                 (None, 128)          1081856     ['reshape_55[0][0]']             
                                                                                                  
 lstm_11 (LSTM)                 (None, 128)          1081856     ['reshape_55[0][0]']             
                                                                                                  
 add_5 (Add)                    (None, 128)          0           ['lstm_10[0][0]',                
                                                                  'lstm_11[0][0]']                
                                                                                                  
 flatten_15 (Flatten)           (None, 128)          0           ['add_5[0][0]']                  
                                                                                                  
 dense_94 (Dense)               (None, 100)          12900       ['flatten_15[0][0]']             
                                                                                                  
 activation_94 (Activation)     (None, 100)          0           ['dense_94[0][0]']               
                                                                                                  
 batch_normalization_22 (BatchN  (None, 100)         400         ['activation_94[0][0]']          
 ormalization)                                                                                    
                                                                                                  
 dropout_42 (Dropout)           (None, 100)          0           ['batch_normalization_22[0][0]'] 
                                                                                                  
 dense2c (Dense)                (None, 64)           6464        ['dropout_42[0][0]']             
                                                                                                  
 activation_95 (Activation)     (None, 64)           0           ['dense2c[0][0]']                
                                                                                                  
 batch_normalization_23 (BatchN  (None, 64)          256         ['activation_95[0][0]']          
 ormalization)                                                                                    
                                                                                                  
 dropout_43 (Dropout)           (None, 64)           0           ['batch_normalization_23[0][0]'] 
                                                                                                  
 dense_95 (Dense)               (None, 2)            130         ['dropout_43[0][0]']             
                                                                                                  
==================================================================================================
Total params: 2,258,534
Trainable params: 2,258,078
Non-trainable params: 456
__________________________________________________________________________________________________
Epoch 1/10

    ... [1 lines collapsed: Keras progress bar]
2/2 [==============================] - ETA: 0s - loss: 0.9522 - accuracy: 0.5000 
2/2 [==============================] - 66s 14s/step - loss: 0.9522 - accuracy: 0.5000
Epoch 2/10

    ... [1 lines collapsed: Keras progress bar]
2/2 [==============================] - ETA: 0s - loss: 1.2959 - accuracy: 0.5000 
2/2 [==============================] - 55s 15s/step - loss: 1.2959 - accuracy: 0.5000
Epoch 3/10

    ... [1 lines collapsed: Keras progress bar]
2/2 [==============================] - ETA: 0s - loss: 0.8318 - accuracy: 0.6905 
2/2 [==============================] - 55s 15s/step - loss: 0.8318 - accuracy: 0.6905
Epoch 4/10

    ... [1 lines collapsed: Keras progress bar]
2/2 [==============================] - ETA: 0s - loss: 0.8123 - accuracy: 0.5714 
2/2 [==============================] - 56s 15s/step - loss: 0.8123 - accuracy: 0.5714
Epoch 5/10

    ... [1 lines collapsed: Keras progress bar]
2/2 [==============================] - ETA: 0s - loss: 1.1805 - accuracy: 0.6667 
2/2 [==============================] - 52s 13s/step - loss: 1.1805 - accuracy: 0.6667
Epoch 6/10

    ... [1 lines collapsed: Keras progress bar]
2/2 [==============================] - ETA: 0s - loss: 0.8880 - accuracy: 0.7381 
2/2 [==============================] - 49s 13s/step - loss: 0.8880 - accuracy: 0.7381
Epoch 7/10

    ... [1 lines collapsed: Keras progress bar]
2/2 [==============================] - ETA: 0s - loss: 0.8240 - accuracy: 0.6667 
2/2 [==============================] - 50s 14s/step - loss: 0.8240 - accuracy: 0.6667
Epoch 8/10

    ... [1 lines collapsed: Keras progress bar]
2/2 [==============================] - ETA: 0s - loss: 0.8261 - accuracy: 0.5714 
2/2 [==============================] - 51s 14s/step - loss: 0.8261 - accuracy: 0.5714
Epoch 9/10

    ... [1 lines collapsed: Keras progress bar]
2/2 [==============================] - ETA: 0s - loss: 0.5829 - accuracy: 0.7143 
2/2 [==============================] - 52s 15s/step - loss: 0.5829 - accuracy: 0.7143
Epoch 10/10

    ... [1 lines collapsed: Keras progress bar]
2/2 [==============================] - ETA: 0s - loss: 0.6132 - accuracy: 0.7143 
2/2 [==============================] - 54s 15s/step - loss: 0.6132 - accuracy: 0.7143

1/1 [==============================] - ETA: 0s
1/1 [==============================] - 3s 3s/step
[10:55:11]     SCAM-CLMPNet       acc  50.00  bal-acc  60.00  f1  33.33   [548s]
================================
[⚠️] 3DCNN Based Distributed LSTM with Modified Pooling 
================================
linspaced [0.09090909 0.18181818 0.27272727 0.36363636 0.45454545 0.54545455
 0.63636364 0.72727273 0.81818182 0.90909091 1.        ]
channel is 128
channel is 128
channel is 128
channel is 128
channel is 128
channel is 128
channel is 128
channel is 128
channel is 128
channel is 128
channel is 128
(None, 1, 128)
Model: "model_20"
__________________________________________________________________________________________________
 Layer (type)                   Output Shape         Param #     Connected to                     
==================================================================================================
 input_22 (InputLayer)          [(None, 10, 128, 12  0           []                               
                                8, 12)]                                                           
                                                                                                  
 conv3d_18 (Conv3D)             (None, 10, 128, 128  5200        ['input_22[0][0]']               
                                , 16)                                                             
                                                                                                  
 activation_96 (Activation)     (None, 10, 128, 128  0           ['conv3d_18[0][0]']              
                                , 16)                                                             
                                                                                                  
 max_pooling3d_18 (MaxPooling3D  (None, 10, 128, 128  0          ['activation_96[0][0]']          
 )                              , 16)                                                             
                                                                                                  
 average_pooling3d_18 (AverageP  (None, 10, 128, 128  0          ['activation_96[0][0]']          
 ooling3D)                      , 16)                                                             
                                                                                                  
 lambda_18 (Lambda)             (None, 10, 128, 128  0           ['max_pooling3d_18[0][0]',       
                                , 16)                             'average_pooling3d_18[0][0]']   
                                                                                                  
 conv3d_19 (Conv3D)             (None, 8, 126, 126,  13856       ['lambda_18[0][0]']              
                                 32)                                                              
                                                                                                  
 activation_97 (Activation)     (None, 8, 126, 126,  0           ['conv3d_19[0][0]']              
                                 32)                                                              
                                                                                                  
 max_pooling3d_19 (MaxPooling3D  (None, 4, 63, 63, 3  0          ['activation_97[0][0]']          
 )                              2)                                                                
                                                                                                  
 average_pooling3d_19 (AverageP  (None, 4, 63, 63, 3  0          ['activation_97[0][0]']          
 ooling3D)                      2)                                                                
                                                                                                  
 lambda_19 (Lambda)             (None, 4, 63, 63, 3  0           ['max_pooling3d_19[0][0]',       
                                2)                                'average_pooling3d_19[0][0]']   
                                                                                                  
 conv3d_20 (Conv3D)             (None, 2, 61, 61, 6  55360       ['lambda_19[0][0]']              
                                4)                                                                
                                                                                                  
 activation_98 (Activation)     (None, 2, 61, 61, 6  0           ['conv3d_20[0][0]']              
                                4)                                                                
                                                                                                  
 batch_normalization_24 (BatchN  (None, 2, 61, 61, 6  256        ['activation_98[0][0]']          
 ormalization)                  4)                                                                
                                                                                                  
 max_pooling3d_20 (MaxPooling3D  (None, 1, 31, 31, 6  0          ['batch_normalization_24[0][0]'] 
 )                              4)                                                                
                                                                                                  
 average_pooling3d_20 (AverageP  (None, 1, 31, 31, 6  0          ['batch_normalization_24[0][0]'] 
 ooling3D)                      4)                                                                
                                                                                                  
 lambda_20 (Lambda)             (None, 1, 31, 31, 6  0           ['max_pooling3d_20[0][0]',       
                                4)                                'average_pooling3d_20[0][0]']   
                                                                                                  
 dropout_44 (Dropout)           (None, 1, 31, 31, 6  0           ['lambda_20[0][0]']              
                                4)                                                                
                                                                                                  
 reshape_56 (Reshape)           (None, 31, 31, 64)   0           ['dropout_44[0][0]']             
                                                                                                  
 spatial_and_channel_joint_atte  (None, 31, 31, 64)  0           ['reshape_56[0][0]']             
 ntion_4 (SpatialAndChannelJoin                                                                   
 tAttention)                                                                                      
                                                                                                  
 reshape_57 (Reshape)           (None, 31, 1984)     0           ['spatial_and_channel_joint_atten
                                                                 tion_4[0][0]']                   
                                                                                                  
 lstm_12 (LSTM)                 (None, 128)          1081856     ['reshape_57[0][0]']             
                                                                                                  
 lstm_13 (LSTM)                 (None, 128)          1081856     ['reshape_57[0][0]']             
                                                                                                  
 add_6 (Add)                    (None, 128)          0           ['lstm_12[0][0]',                
                                                                  'lstm_13[0][0]']                
                                                                                                  
 reshape_58 (Reshape)           (None, 1, 128)       0           ['add_6[0][0]']                  
                                                                                                  
 reshape_59 (Reshape)           (None, 1, 128)       0           ['add_6[0][0]']                  
                                                                                                  
 reshape_60 (Reshape)           (None, 1, 128)       0           ['add_6[0][0]']                  
                                                                                                  
 reshape_61 (Reshape)           (None, 1, 128)       0           ['add_6[0][0]']                  
                                                                                                  
 reshape_62 (Reshape)           (None, 1, 128)       0           ['add_6[0][0]']                  
                                                                                                  
 reshape_63 (Reshape)           (None, 1, 128)       0           ['add_6[0][0]']                  
                                                                                                  
 reshape_64 (Reshape)           (None, 1, 128)       0           ['add_6[0][0]']                  
                                                                                                  
 reshape_65 (Reshape)           (None, 1, 128)       0           ['add_6[0][0]']                  
                                                                                                  
 reshape_66 (Reshape)           (None, 1, 128)       0           ['add_6[0][0]']                  
                                                                                                  
 reshape_67 (Reshape)           (None, 1, 128)       0           ['add_6[0][0]']                  
                                                                                                  
 reshape_68 (Reshape)           (None, 1, 128)       0           ['add_6[0][0]']                  
                                                                                                  
 dense_96 (Dense)               (None, 1, 11)        1419        ['reshape_58[0][0]']             
                                                                                                  
 dense_97 (Dense)               (None, 1, 23)        2967        ['reshape_59[0][0]']             
                                                                                                  
 dense_98 (Dense)               (None, 1, 34)        4386        ['reshape_60[0][0]']             
                                                                                                  
 dense_99 (Dense)               (None, 1, 46)        5934        ['reshape_61[0][0]']             
                                                                                                  
 dense_100 (Dense)              (None, 1, 58)        7482        ['reshape_62[0][0]']             
                                                                                                  
 dense_101 (Dense)              (None, 1, 69)        8901        ['reshape_63[0][0]']             
                                                                                                  
 dense_102 (Dense)              (None, 1, 81)        10449       ['reshape_64[0][0]']             
                                                                                                  
 dense_103 (Dense)              (None, 1, 93)        11997       ['reshape_65[0][0]']             
                                                                                                  
 dense_104 (Dense)              (None, 1, 104)       13416       ['reshape_66[0][0]']             
                                                                                                  
 dense_105 (Dense)              (None, 1, 116)       14964       ['reshape_67[0][0]']             
                                                                                                  
 dense_106 (Dense)              (None, 1, 128)       16512       ['reshape_68[0][0]']             
                                                                                                  
 activation_99 (Activation)     (None, 1, 11)        0           ['dense_96[0][0]']               
                                                                                                  
 activation_100 (Activation)    (None, 1, 23)        0           ['dense_97[0][0]']               
                                                                                                  
 activation_101 (Activation)    (None, 1, 34)        0           ['dense_98[0][0]']               
                                                                                                  
 activation_102 (Activation)    (None, 1, 46)        0           ['dense_99[0][0]']               
                                                                                                  
 activation_103 (Activation)    (None, 1, 58)        0           ['dense_100[0][0]']              
                                                                                                  
 activation_104 (Activation)    (None, 1, 69)        0           ['dense_101[0][0]']              
                                                                                                  
 activation_105 (Activation)    (None, 1, 81)        0           ['dense_102[0][0]']              
                                                                                                  
 activation_106 (Activation)    (None, 1, 93)        0           ['dense_103[0][0]']              
                                                                                                  
 activation_107 (Activation)    (None, 1, 104)       0           ['dense_104[0][0]']              
                                                                                                  
 activation_108 (Activation)    (None, 1, 116)       0           ['dense_105[0][0]']              
                                                                                                  
 activation_109 (Activation)    (None, 1, 128)       0           ['dense_106[0][0]']              
                                                                                                  
 excitation_0.091 (Dense)       (None, 1, 128)       1536        ['activation_99[0][0]']          
                                                                                                  
 excitation_0.182 (Dense)       (None, 1, 128)       3072        ['activation_100[0][0]']         
                                                                                                  
 excitation_0.273 (Dense)       (None, 1, 128)       4480        ['activation_101[0][0]']         
                                                                                                  
 excitation_0.364 (Dense)       (None, 1, 128)       6016        ['activation_102[0][0]']         
                                                                                                  
 excitation_0.455 (Dense)       (None, 1, 128)       7552        ['activation_103[0][0]']         
                                                                                                  
 excitation_0.545 (Dense)       (None, 1, 128)       8960        ['activation_104[0][0]']         
                                                                                                  
 excitation_0.636 (Dense)       (None, 1, 128)       10496       ['activation_105[0][0]']         
                                                                                                  
 excitation_0.727 (Dense)       (None, 1, 128)       12032       ['activation_106[0][0]']         
                                                                                                  
 excitation_0.818 (Dense)       (None, 1, 128)       13440       ['activation_107[0][0]']         
                                                                                                  
 excitation_0.909 (Dense)       (None, 1, 128)       14976       ['activation_108[0][0]']         
                                                                                                  
 excitation_1 (Dense)           (None, 1, 128)       16512       ['activation_109[0][0]']         
                                                                                                  
 average_4 (Average)            (None, 1, 128)       0           ['excitation_0.091[0][0]',       
                                                                  'excitation_0.182[0][0]',       
                                                                  'excitation_0.273[0][0]',       
                                                                  'excitation_0.364[0][0]',       
                                                                  'excitation_0.455[0][0]',       
                                                                  'excitation_0.545[0][0]',       
                                                                  'excitation_0.636[0][0]',       
                                                                  'excitation_0.727[0][0]',       
                                                                  'excitation_0.818[0][0]',       
                                                                  'excitation_0.909[0][0]',       
                                                                  'excitation_1[0][0]']           
                                                                                                  
 normalized_attention (LayerNor  (None, 1, 128)      256         ['average_4[0][0]']              
 malization)                                                                                      
                                                                                                  
 hadamard (Multiply)            (None, 1, 128)       0           ['add_6[0][0]',                  
                                                                  'normalized_attention[0][0]']   
                                                                                                  
 normalized_attention2 (LayerNo  (None, 1, 128)      256         ['hadamard[0][0]']               
 rmalization)                                                                                     
                                                                                                  
 trainableatt (TrainableAttenti  (None, 1, 128)      16384       ['normalized_attention2[0][0]']  
 on)                                                                                              
                                                                                                  
 dense_107 (Dense)              (None, 1, 128)       16384       ['trainableatt[0][0]']           
                                                                                                  
 dense_108 (Dense)              (None, 1, 128)       16384       ['dense_107[0][0]']              
                                                                                                  
 flatten_16 (Flatten)           (None, 128)          0           ['dense_108[0][0]']              
                                                                                                  
 dense_109 (Dense)              (None, 100)          12900       ['flatten_16[0][0]']             
                                                                                                  
 activation_110 (Activation)    (None, 100)          0           ['dense_109[0][0]']              
                                                                                                  
 batch_normalization_25 (BatchN  (None, 100)         400         ['activation_110[0][0]']         
 ormalization)                                                                                    
                                                                                                  
 dropout_45 (Dropout)           (None, 100)          0           ['batch_normalization_25[0][0]'] 
                                                                                                  
 dense2c (Dense)                (None, 64)           6464        ['dropout_45[0][0]']             
                                                                                                  
 activation_111 (Activation)    (None, 64)           0           ['dense2c[0][0]']                
                                                                                                  
 batch_normalization_26 (BatchN  (None, 64)          256         ['activation_111[0][0]']         
 ormalization)                                                                                    
                                                                                                  
 dropout_46 (Dropout)           (None, 64)           0           ['batch_normalization_26[0][0]'] 
                                                                                                  
 dense_110 (Dense)              (None, 2)            130         ['dropout_46[0][0]']             
                                                                                                  
==================================================================================================
Total params: 2,505,697
Trainable params: 2,505,241
Non-trainable params: 456
__________________________________________________________________________________________________
Epoch 1/10

    ... [1 lines collapsed: Keras progress bar]
2/2 [==============================] - ETA: 0s - loss: 0.9348 - accuracy: 0.3571 
2/2 [==============================] - 72s 15s/step - loss: 0.9348 - accuracy: 0.3571
Epoch 2/10

    ... [1 lines collapsed: Keras progress bar]
2/2 [==============================] - ETA: 0s - loss: 1.0499 - accuracy: 0.5476 
2/2 [==============================] - 53s 14s/step - loss: 1.0499 - accuracy: 0.5476
Epoch 3/10

    ... [1 lines collapsed: Keras progress bar]
2/2 [==============================] - ETA: 0s - loss: 1.0804 - accuracy: 0.5000 
2/2 [==============================] - 51s 13s/step - loss: 1.0804 - accuracy: 0.5000
Epoch 4/10

    ... [1 lines collapsed: Keras progress bar]
2/2 [==============================] - ETA: 0s - loss: 0.6157 - accuracy: 0.7619 
2/2 [==============================] - 55s 15s/step - loss: 0.6157 - accuracy: 0.7619
Epoch 5/10

    ... [1 lines collapsed: Keras progress bar]
2/2 [==============================] - ETA: 0s - loss: 0.4425 - accuracy: 0.8095 
2/2 [==============================] - 47s 13s/step - loss: 0.4425 - accuracy: 0.8095
Epoch 6/10

    ... [1 lines collapsed: Keras progress bar]
2/2 [==============================] - ETA: 0s - loss: 0.5036 - accuracy: 0.7857 
2/2 [==============================] - 45s 12s/step - loss: 0.5036 - accuracy: 0.7857
Epoch 7/10

    ... [1 lines collapsed: Keras progress bar]
2/2 [==============================] - ETA: 0s - loss: 0.2865 - accuracy: 0.8571 
2/2 [==============================] - 44s 12s/step - loss: 0.2865 - accuracy: 0.8571
Epoch 8/10

    ... [1 lines collapsed: Keras progress bar]
2/2 [==============================] - ETA: 0s - loss: 0.9765 - accuracy: 0.5476 
2/2 [==============================] - 45s 12s/step - loss: 0.9765 - accuracy: 0.5476
Epoch 9/10

    ... [1 lines collapsed: Keras progress bar]
2/2 [==============================] - ETA: 0s - loss: 0.5519 - accuracy: 0.7857 
2/2 [==============================] - 45s 12s/step - loss: 0.5519 - accuracy: 0.7857
Epoch 10/10

    ... [1 lines collapsed: Keras progress bar]
2/2 [==============================] - ETA: 0s - loss: 0.3498 - accuracy: 0.8571 
2/2 [==============================] - 45s 12s/step - loss: 0.3498 - accuracy: 0.8571

1/1 [==============================] - ETA: 0s
1/1 [==============================] - 4s 4s/step
[11:03:42]     SMA-CLMPNet        acc  62.50  bal-acc  50.00  f1  76.92   [510s]
[11:03:48]     EfficientNetV2S    acc  62.50  bal-acc  56.67  f1  72.73   [7s]
[11:03:54]     ConvNeXtTiny       acc  62.50  bal-acc  56.67  f1  72.73   [6s]
[11:04:00]     MobileNetV3Large   acc  12.50  bal-acc  10.00  f1  22.22   [6s]
[11:04:06]     ResNetRS50         acc  12.50  bal-acc  10.00  f1  22.22   [7s]
linspaced [0.09090909 0.18181818 0.27272727 0.36363636 0.45454545 0.54545455
 0.63636364 0.72727273 0.81818182 0.90909091 1.        ]
channel is 128
channel is 128
channel is 128
channel is 128
channel is 128
channel is 128
channel is 128
channel is 128
channel is 128
channel is 128
channel is 128
(None, 1, 128)
Epoch 1/30
6/6 - 68s - loss: 1.1210 - accuracy: 0.4048 - 68s/epoch - 11s/step
Epoch 2/30
6/6 - 55s - loss: 1.3630 - accuracy: 0.3810 - 55s/epoch - 9s/step
Epoch 3/30
6/6 - 54s - loss: 1.2234 - accuracy: 0.5000 - 54s/epoch - 9s/step
Epoch 4/30
6/6 - 55s - loss: 0.8879 - accuracy: 0.5238 - 55s/epoch - 9s/step
Epoch 5/30
6/6 - 54s - loss: 1.0748 - accuracy: 0.4286 - 54s/epoch - 9s/step
Epoch 6/30
6/6 - 53s - loss: 1.0103 - accuracy: 0.5238 - 53s/epoch - 9s/step
Epoch 7/30
6/6 - 53s - loss: 0.7469 - accuracy: 0.5952 - 53s/epoch - 9s/step
Epoch 8/30
6/6 - 54s - loss: 0.9393 - accuracy: 0.5714 - 54s/epoch - 9s/step
Epoch 9/30
6/6 - 53s - loss: 0.8707 - accuracy: 0.5952 - 53s/epoch - 9s/step
Epoch 10/30
6/6 - 55s - loss: 0.9594 - accuracy: 0.5238 - 55s/epoch - 9s/step
Epoch 11/30
6/6 - 56s - loss: 0.7222 - accuracy: 0.5952 - 56s/epoch - 9s/step
Epoch 12/30
6/6 - 56s - loss: 1.1989 - accuracy: 0.5476 - 56s/epoch - 9s/step
Epoch 13/30
6/6 - 57s - loss: 0.8931 - accuracy: 0.6190 - 57s/epoch - 9s/step
Epoch 14/30
6/6 - 56s - loss: 1.0946 - accuracy: 0.5000 - 56s/epoch - 9s/step
Epoch 15/30
6/6 - 57s - loss: 0.7730 - accuracy: 0.5952 - 57s/epoch - 9s/step
Epoch 16/30
6/6 - 57s - loss: 0.9219 - accuracy: 0.6667 - 57s/epoch - 9s/step
Epoch 17/30
6/6 - 56s - loss: 0.7998 - accuracy: 0.5714 - 56s/epoch - 9s/step
Epoch 18/30
6/6 - 55s - loss: 1.1696 - accuracy: 0.6429 - 55s/epoch - 9s/step
Epoch 19/30
6/6 - 57s - loss: 1.3953 - accuracy: 0.4524 - 57s/epoch - 9s/step
Epoch 20/30
6/6 - 56s - loss: 1.0709 - accuracy: 0.7143 - 56s/epoch - 9s/step
Epoch 21/30
6/6 - 56s - loss: 0.9867 - accuracy: 0.5476 - 56s/epoch - 9s/step
Epoch 22/30
6/6 - 57s - loss: 1.2413 - accuracy: 0.5476 - 57s/epoch - 9s/step
Epoch 23/30
6/6 - 56s - loss: 0.9969 - accuracy: 0.5476 - 56s/epoch - 9s/step
Epoch 24/30
6/6 - 57s - loss: 0.7413 - accuracy: 0.6667 - 57s/epoch - 9s/step
Epoch 25/30
6/6 - 56s - loss: 1.0016 - accuracy: 0.5952 - 56s/epoch - 9s/step
Epoch 26/30
6/6 - 56s - loss: 0.8191 - accuracy: 0.5476 - 56s/epoch - 9s/step
Epoch 27/30
6/6 - 56s - loss: 0.7274 - accuracy: 0.6667 - 56s/epoch - 9s/step
Epoch 28/30
6/6 - 56s - loss: 0.7420 - accuracy: 0.6190 - 56s/epoch - 9s/step
Epoch 29/30
6/6 - 56s - loss: 1.4628 - accuracy: 0.4524 - 56s/epoch - 9s/step
Epoch 30/30
6/6 - 56s - loss: 0.7964 - accuracy: 0.6190 - 56s/epoch - 9s/step
[11:32:16]     SMA-CLMPNet-Opt    acc  62.50  bal-acc  50.00  f1  76.92   [1689s]
[11:32:16]   [checkpoint] k values done: [6, 7]
[11:32:16] === k=8 fold 1/1: 43 train / 7 test (test classes [4, 3])
================================
[⚠️] DCNN 
================================
Model: "model_26"
_________________________________________________________________
 Layer (type)                Output Shape              Param #   
=================================================================
 input_28 (InputLayer)       [(None, 224, 224, 3)]     0         
                                                                 
 input_1 (InputLayer)        multiple                  0         
                                                                 
 rescaling (Rescaling)       (None, 224, 224, 3)       0         
                                                                 
 normalization (Normalizatio  (None, 224, 224, 3)      7         
 n)                                                              
                                                                 
 rescaling_1 (Rescaling)     (None, 224, 224, 3)       0         
                                                                 
 stem_conv_pad (ZeroPadding2  (None, 225, 225, 3)      0         
 D)                                                              
                                                                 
 stem_conv (Conv2D)          (None, 112, 112, 64)      1728      
                                                                 
 conv2d_26 (Conv2D)          (None, 112, 112, 64)      36928     
                                                                 
 max_pooling2d_20 (MaxPoolin  (None, 56, 56, 64)       0         
 g2D)                                                            
                                                                 
 conv2d_27 (Conv2D)          (None, 56, 56, 32)        18464     
                                                                 
 max_pooling2d_21 (MaxPoolin  (None, 28, 28, 32)       0         
 g2D)                                                            
                                                                 
 flatten_18 (Flatten)        (None, 25088)             0         
                                                                 
 dense_134 (Dense)           (None, 128)               3211392   
                                                                 
 activation_128 (Activation)  (None, 128)              0         
                                                                 
 dropout_58 (Dropout)        (None, 128)               0         
                                                                 
 dense_135 (Dense)           (None, 32)                4128      
                                                                 
 activation_129 (Activation)  (None, 32)               0         
                                                                 
 dropout_59 (Dropout)        (None, 32)                0         
                                                                 
 dense_136 (Dense)           (None, 2)                 66        
                                                                 
=================================================================
Total params: 3,272,713
Trainable params: 3,272,706
Non-trainable params: 7
_________________________________________________________________
Epoch 1/10

    ... [1 lines collapsed: Keras progress bar]
2/2 [==============================] - ETA: 0s - loss: 3.5227 - accuracy: 0.3953
2/2 [==============================] - 4s 632ms/step - loss: 3.5227 - accuracy: 0.3953
Epoch 2/10

    ... [1 lines collapsed: Keras progress bar]
2/2 [==============================] - ETA: 0s - loss: 1.3232 - accuracy: 0.4884
2/2 [==============================] - 2s 628ms/step - loss: 1.3232 - accuracy: 0.4884
Epoch 3/10

    ... [1 lines collapsed: Keras progress bar]
2/2 [==============================] - ETA: 0s - loss: 0.7726 - accuracy: 0.5349
2/2 [==============================] - 2s 612ms/step - loss: 0.7726 - accuracy: 0.5349
Epoch 4/10

    ... [1 lines collapsed: Keras progress bar]
2/2 [==============================] - ETA: 0s - loss: 0.8737 - accuracy: 0.3953
2/2 [==============================] - 2s 633ms/step - loss: 0.8737 - accuracy: 0.3953
Epoch 5/10

    ... [1 lines collapsed: Keras progress bar]
2/2 [==============================] - ETA: 0s - loss: 0.8808 - accuracy: 0.5814
2/2 [==============================] - 2s 631ms/step - loss: 0.8808 - accuracy: 0.5814
Epoch 6/10

    ... [1 lines collapsed: Keras progress bar]
2/2 [==============================] - ETA: 0s - loss: 0.6778 - accuracy: 0.6047
2/2 [==============================] - 2s 649ms/step - loss: 0.6778 - accuracy: 0.6047
Epoch 7/10

    ... [1 lines collapsed: Keras progress bar]
2/2 [==============================] - ETA: 0s - loss: 0.6865 - accuracy: 0.5814
2/2 [==============================] - 2s 587ms/step - loss: 0.6865 - accuracy: 0.5814
Epoch 8/10

    ... [1 lines collapsed: Keras progress bar]
2/2 [==============================] - ETA: 0s - loss: 0.7038 - accuracy: 0.5349
2/2 [==============================] - 2s 617ms/step - loss: 0.7038 - accuracy: 0.5349
Epoch 9/10

    ... [1 lines collapsed: Keras progress bar]
2/2 [==============================] - ETA: 0s - loss: 0.6496 - accuracy: 0.6279
2/2 [==============================] - 2s 599ms/step - loss: 0.6496 - accuracy: 0.6279
Epoch 10/10

    ... [1 lines collapsed: Keras progress bar]
2/2 [==============================] - ETA: 0s - loss: 0.6749 - accuracy: 0.5814
2/2 [==============================] - 2s 589ms/step - loss: 0.6749 - accuracy: 0.5814

1/1 [==============================] - ETA: 0s
1/1 [==============================] - 0s 326ms/step
[11:32:42]     EfficientNet       acc  57.14  bal-acc  50.00  f1  72.73   [26s]
================================
[⚠️] STIDNet 
================================
Model: "model_27"
_________________________________________________________________
 Layer (type)                Output Shape              Param #   
=================================================================
 input_29 (InputLayer)       [(None, 128, 128, 10)]    0         
                                                                 
 conv2d_28 (Conv2D)          (None, 126, 126, 16)      1456      
                                                                 
 max_pooling2d_22 (MaxPoolin  (None, 63, 63, 16)       0         
 g2D)                                                            
                                                                 
 conv2d_29 (Conv2D)          (None, 61, 61, 32)        4640      
                                                                 
 max_pooling2d_23 (MaxPoolin  (None, 30, 30, 32)       0         
 g2D)                                                            
                                                                 
 conv2d_30 (Conv2D)          (None, 28, 28, 64)        18496     
                                                                 
 max_pooling2d_24 (MaxPoolin  (None, 14, 14, 64)       0         
 g2D)                                                            
                                                                 
 flatten_19 (Flatten)        (None, 12544)             0         
                                                                 
 dense_137 (Dense)           (None, 256)               3211520   
                                                                 
 dropout_60 (Dropout)        (None, 256)               0         
                                                                 
 dense_138 (Dense)           (None, 256)               65792     
                                                                 
 dropout_61 (Dropout)        (None, 256)               0         
                                                                 
 dense_139 (Dense)           (None, 2)                 514       
                                                                 
=================================================================
Total params: 3,302,418
Trainable params: 3,302,418
Non-trainable params: 0
_________________________________________________________________
Model: "model_28"
_________________________________________________________________
 Layer (type)                Output Shape              Param #   
=================================================================
 input_30 (InputLayer)       [(None, 128, 128, 10)]    0         
                                                                 
 conv2d_31 (Conv2D)          (None, 126, 126, 64)      5824      
                                                                 
 max_pooling2d_25 (MaxPoolin  (None, 63, 63, 64)       0         
 g2D)                                                            
                                                                 
 conv2d_32 (Conv2D)          (None, 61, 61, 16)        9232      
                                                                 
 max_pooling2d_26 (MaxPoolin  (None, 30, 30, 16)       0         
 g2D)                                                            
                                                                 
 flatten_20 (Flatten)        (None, 14400)             0         
                                                                 
 dense_140 (Dense)           (None, 64)                921664    
                                                                 
 dropout_62 (Dropout)        (None, 64)                0         
                                                                 
 dense_141 (Dense)           (None, 2)                 130       
                                                                 
=================================================================
Total params: 936,850
Trainable params: 936,850
Non-trainable params: 0
_________________________________________________________________
Epoch 1/10

    ... [1 lines collapsed: Keras progress bar]
2/2 [==============================] - ETA: 0s - loss: 0.9937 - accuracy: 0.5116
2/2 [==============================] - 2s 187ms/step - loss: 0.9937 - accuracy: 0.5116
Epoch 2/10

    ... [1 lines collapsed: Keras progress bar]
2/2 [==============================] - ETA: 0s - loss: 0.9276 - accuracy: 0.5349
2/2 [==============================] - 1s 196ms/step - loss: 0.9276 - accuracy: 0.5349
Epoch 3/10

    ... [1 lines collapsed: Keras progress bar]
2/2 [==============================] - ETA: 0s - loss: 1.0031 - accuracy: 0.4651
2/2 [==============================] - 0s 158ms/step - loss: 1.0031 - accuracy: 0.4651
Epoch 4/10

    ... [1 lines collapsed: Keras progress bar]
2/2 [==============================] - ETA: 0s - loss: 0.6925 - accuracy: 0.4651
2/2 [==============================] - 0s 134ms/step - loss: 0.6925 - accuracy: 0.4651
Epoch 5/10

    ... [1 lines collapsed: Keras progress bar]
2/2 [==============================] - ETA: 0s - loss: 0.7085 - accuracy: 0.5814
2/2 [==============================] - 0s 140ms/step - loss: 0.7085 - accuracy: 0.5814
Epoch 6/10

    ... [1 lines collapsed: Keras progress bar]
2/2 [==============================] - ETA: 0s - loss: 0.6945 - accuracy: 0.6047
2/2 [==============================] - 0s 144ms/step - loss: 0.6945 - accuracy: 0.6047
Epoch 7/10

    ... [1 lines collapsed: Keras progress bar]
2/2 [==============================] - ETA: 0s - loss: 0.6980 - accuracy: 0.5581
2/2 [==============================] - 0s 143ms/step - loss: 0.6980 - accuracy: 0.5581
Epoch 8/10

    ... [1 lines collapsed: Keras progress bar]
2/2 [==============================] - ETA: 0s - loss: 0.6961 - accuracy: 0.5349
2/2 [==============================] - 0s 135ms/step - loss: 0.6961 - accuracy: 0.5349
Epoch 9/10

    ... [1 lines collapsed: Keras progress bar]
2/2 [==============================] - ETA: 0s - loss: 0.6824 - accuracy: 0.5581
2/2 [==============================] - 0s 138ms/step - loss: 0.6824 - accuracy: 0.5581
Epoch 10/10

    ... [1 lines collapsed: Keras progress bar]
2/2 [==============================] - ETA: 0s - loss: 0.6403 - accuracy: 0.6279
2/2 [==============================] - 0s 132ms/step - loss: 0.6403 - accuracy: 0.6279
Epoch 1/10

    ... [1 lines collapsed: Keras progress bar]
2/2 [==============================] - ETA: 0s - loss: 1.0294 - accuracy: 0.3953
2/2 [==============================] - 2s 278ms/step - loss: 1.0294 - accuracy: 0.3953
Epoch 2/10

    ... [1 lines collapsed: Keras progress bar]
2/2 [==============================] - ETA: 0s - loss: 0.6629 - accuracy: 0.6512
2/2 [==============================] - 1s 279ms/step - loss: 0.6629 - accuracy: 0.6512
Epoch 3/10

    ... [1 lines collapsed: Keras progress bar]
2/2 [==============================] - ETA: 0s - loss: 0.6029 - accuracy: 0.6047
2/2 [==============================] - 1s 288ms/step - loss: 0.6029 - accuracy: 0.6047
Epoch 4/10

    ... [1 lines collapsed: Keras progress bar]
2/2 [==============================] - ETA: 0s - loss: 0.7030 - accuracy: 0.5814
2/2 [==============================] - 1s 252ms/step - loss: 0.7030 - accuracy: 0.5814
Epoch 5/10

    ... [1 lines collapsed: Keras progress bar]
2/2 [==============================] - ETA: 0s - loss: 0.5570 - accuracy: 0.6512
2/2 [==============================] - 1s 265ms/step - loss: 0.5570 - accuracy: 0.6512
Epoch 6/10

    ... [1 lines collapsed: Keras progress bar]
2/2 [==============================] - ETA: 0s - loss: 0.5728 - accuracy: 0.6279
2/2 [==============================] - 1s 250ms/step - loss: 0.5728 - accuracy: 0.6279
Epoch 7/10

    ... [1 lines collapsed: Keras progress bar]
2/2 [==============================] - ETA: 0s - loss: 0.4860 - accuracy: 0.8140
2/2 [==============================] - 1s 267ms/step - loss: 0.4860 - accuracy: 0.8140
Epoch 8/10

    ... [1 lines collapsed: Keras progress bar]
2/2 [==============================] - ETA: 0s - loss: 0.5001 - accuracy: 0.7674
2/2 [==============================] - 1s 276ms/step - loss: 0.5001 - accuracy: 0.7674
Epoch 9/10

    ... [1 lines collapsed: Keras progress bar]
2/2 [==============================] - ETA: 0s - loss: 0.4468 - accuracy: 0.8372
2/2 [==============================] - 1s 261ms/step - loss: 0.4468 - accuracy: 0.8372
Epoch 10/10

    ... [1 lines collapsed: Keras progress bar]
2/2 [==============================] - ETA: 0s - loss: 0.3571 - accuracy: 0.9535
2/2 [==============================] - 1s 315ms/step - loss: 0.3571 - accuracy: 0.9535
Epoch 1/10

    ... [1 lines collapsed: Keras progress bar]
2/2 [==============================] - ETA: 0s - accuracy: 0.9474 - loss: 0.0406 - student_loss: 0.3003 - distillation_loss: 0.0118
2/2 [==============================] - 3s 524ms/step - accuracy: 0.9474 - loss: 0.0399 - student_loss: 0.2964 - distillation_loss: 0.0115 - val_accuracy: 0.8000 - val_student_loss: 0.4273
Epoch 2/10

    ... [1 lines collapsed: Keras progress bar]
2/2 [==============================] - ETA: 0s - accuracy: 0.7895 - loss: 0.0488 - student_loss: 0.3866 - distillation_loss: 0.0112
2/2 [==============================] - 1s 251ms/step - accuracy: 0.7895 - loss: 0.0468 - student_loss: 0.3681 - distillation_loss: 0.0111 - val_accuracy: 0.6000 - val_student_loss: 0.4480
Epoch 3/10

    ... [1 lines collapsed: Keras progress bar]
2/2 [==============================] - ETA: 0s - accuracy: 0.8947 - loss: 0.0402 - student_loss: 0.3154 - distillation_loss: 0.0096
2/2 [==============================] - 1s 261ms/step - accuracy: 0.8947 - loss: 0.0388 - student_loss: 0.2938 - distillation_loss: 0.0104 - val_accuracy: 1.0000 - val_student_loss: 0.4304
Epoch 4/10

    ... [1 lines collapsed: Keras progress bar]
2/2 [==============================] - ETA: 0s - accuracy: 0.8158 - loss: 0.0456 - student_loss: 0.3861 - distillation_loss: 0.0078
2/2 [==============================] - 1s 264ms/step - accuracy: 0.8158 - loss: 0.0472 - student_loss: 0.3951 - distillation_loss: 0.0086 - val_accuracy: 1.0000 - val_student_loss: 0.4330
Epoch 5/10

    ... [1 lines collapsed: Keras progress bar]
2/2 [==============================] - ETA: 0s - accuracy: 0.9737 - loss: 0.0357 - student_loss: 0.2861 - distillation_loss: 0.0079
2/2 [==============================] - 1s 246ms/step - accuracy: 0.9737 - loss: 0.0359 - student_loss: 0.2764 - distillation_loss: 0.0092 - val_accuracy: 0.8000 - val_student_loss: 0.4738
Epoch 6/10

    ... [1 lines collapsed: Keras progress bar]
2/2 [==============================] - ETA: 0s - accuracy: 0.8947 - loss: 0.0361 - student_loss: 0.3336 - distillation_loss: 0.0030
2/2 [==============================] - 1s 279ms/step - accuracy: 0.8947 - loss: 0.0359 - student_loss: 0.3380 - distillation_loss: 0.0023 - val_accuracy: 0.8000 - val_student_loss: 0.4680
Epoch 7/10

    ... [1 lines collapsed: Keras progress bar]
2/2 [==============================] - ETA: 0s - accuracy: 0.8684 - loss: 0.0424 - student_loss: 0.3359 - distillation_loss: 0.0098
2/2 [==============================] - 1s 264ms/step - accuracy: 0.8684 - loss: 0.0400 - student_loss: 0.2988 - distillation_loss: 0.0112 - val_accuracy: 0.8000 - val_student_loss: 0.4355
Epoch 8/10

    ... [1 lines collapsed: Keras progress bar]
2/2 [==============================] - ETA: 0s - accuracy: 0.8684 - loss: 0.0382 - student_loss: 0.3163 - distillation_loss: 0.0072
2/2 [==============================] - 1s 254ms/step - accuracy: 0.8684 - loss: 0.0410 - student_loss: 0.3411 - distillation_loss: 0.0076 - val_accuracy: 0.8000 - val_student_loss: 0.4266
Epoch 9/10

    ... [1 lines collapsed: Keras progress bar]
2/2 [==============================] - ETA: 0s - accuracy: 0.9211 - loss: 0.0333 - student_loss: 0.2853 - distillation_loss: 0.0053
2/2 [==============================] - 1s 271ms/step - accuracy: 0.9211 - loss: 0.0333 - student_loss: 0.2971 - distillation_loss: 0.0040 - val_accuracy: 0.6000 - val_student_loss: 0.4481
Epoch 10/10

    ... [1 lines collapsed: Keras progress bar]
2/2 [==============================] - ETA: 0s - accuracy: 0.8684 - loss: 0.0465 - student_loss: 0.4384 - distillation_loss: 0.0029
2/2 [==============================] - 1s 291ms/step - accuracy: 0.8684 - loss: 0.0503 - student_loss: 0.4753 - distillation_loss: 0.0031 - val_accuracy: 0.8000 - val_student_loss: 0.4444

1/1 [==============================] - ETA: 0s
1/1 [==============================] - 0s 268ms/step
[11:33:12]     STIDNet            acc  71.43  bal-acc  70.83  f1  75.00   [30s]
================================
[⚠️] CNN 
================================
Model: "model_29"
_________________________________________________________________
 Layer (type)                Output Shape              Param #   
=================================================================
 input_31 (InputLayer)       [(None, 128, 128, 10)]    0         
                                                                 
 conv2d_33 (Conv2D)          (None, 128, 128, 16)      1456      
                                                                 
 activation_130 (Activation)  (None, 128, 128, 16)     0         
                                                                 
 max_pooling2d_27 (MaxPoolin  (None, 128, 128, 16)     0         
 g2D)                                                            
                                                                 
 conv2d_34 (Conv2D)          (None, 128, 128, 32)      4640      
                                                                 
 activation_131 (Activation)  (None, 128, 128, 32)     0         
                                                                 
 max_pooling2d_28 (MaxPoolin  (None, 128, 128, 32)     0         
 g2D)                                                            
                                                                 
 conv2d_35 (Conv2D)          (None, 128, 128, 64)      18496     
                                                                 
 activation_132 (Activation)  (None, 128, 128, 64)     0         
                                                                 
 batch_normalization_30 (Bat  (None, 128, 128, 64)     256       
 chNormalization)                                                
                                                                 
 max_pooling2d_29 (MaxPoolin  (None, 128, 128, 64)     0         
 g2D)                                                            
                                                                 
 dropout_63 (Dropout)        (None, 128, 128, 64)      0         
                                                                 
 flatten_21 (Flatten)        (None, 1048576)           0         
                                                                 
 dense_142 (Dense)           (None, 100)               104857700 
                                                                 
 activation_133 (Activation)  (None, 100)              0         
                                                                 
 batch_normalization_31 (Bat  (None, 100)              400       
 chNormalization)                                                
                                                                 
 dropout_64 (Dropout)        (None, 100)               0         
                                                                 
 dense2c (Dense)             (None, 64)                6464      
                                                                 
 activation_134 (Activation)  (None, 64)               0         
                                                                 
 batch_normalization_32 (Bat  (None, 64)               256       
 chNormalization)                                                
                                                                 
 dropout_65 (Dropout)        (None, 64)                0         
                                                                 
 dense_143 (Dense)           (None, 2)                 130       
                                                                 
=================================================================
Total params: 104,889,798
Trainable params: 104,889,342
Non-trainable params: 456
_________________________________________________________________
Epoch 1/10

    ... [1 lines collapsed: Keras progress bar]
2/2 [==============================] - ETA: 0s - loss: 1.3094 - accuracy: 0.3953
2/2 [==============================] - 6s 1s/step - loss: 1.3094 - accuracy: 0.3953
Epoch 2/10

    ... [1 lines collapsed: Keras progress bar]
2/2 [==============================] - ETA: 0s - loss: 0.9546 - accuracy: 0.6512
2/2 [==============================] - 4s 1s/step - loss: 0.9546 - accuracy: 0.6512
Epoch 3/10

    ... [1 lines collapsed: Keras progress bar]
2/2 [==============================] - ETA: 0s - loss: 1.0886 - accuracy: 0.6047
2/2 [==============================] - 4s 1s/step - loss: 1.0886 - accuracy: 0.6047
Epoch 4/10

    ... [1 lines collapsed: Keras progress bar]
2/2 [==============================] - ETA: 0s - loss: 0.8182 - accuracy: 0.7209
2/2 [==============================] - 4s 1s/step - loss: 0.8182 - accuracy: 0.7209
Epoch 5/10

    ... [1 lines collapsed: Keras progress bar]
2/2 [==============================] - ETA: 0s - loss: 1.0908 - accuracy: 0.5349
2/2 [==============================] - 4s 1s/step - loss: 1.0908 - accuracy: 0.5349
Epoch 6/10

    ... [1 lines collapsed: Keras progress bar]
2/2 [==============================] - ETA: 0s - loss: 0.8512 - accuracy: 0.6279
2/2 [==============================] - 4s 1s/step - loss: 0.8512 - accuracy: 0.6279
Epoch 7/10

    ... [1 lines collapsed: Keras progress bar]
2/2 [==============================] - ETA: 0s - loss: 1.0246 - accuracy: 0.6279
2/2 [==============================] - 4s 1s/step - loss: 1.0246 - accuracy: 0.6279
Epoch 8/10

    ... [1 lines collapsed: Keras progress bar]
2/2 [==============================] - ETA: 0s - loss: 0.6480 - accuracy: 0.6744
2/2 [==============================] - 4s 1s/step - loss: 0.6480 - accuracy: 0.6744
Epoch 9/10

    ... [1 lines collapsed: Keras progress bar]
2/2 [==============================] - ETA: 0s - loss: 0.7631 - accuracy: 0.7209
2/2 [==============================] - 4s 1s/step - loss: 0.7631 - accuracy: 0.7209
Epoch 10/10

    ... [1 lines collapsed: Keras progress bar]
2/2 [==============================] - ETA: 0s - loss: 0.8945 - accuracy: 0.6279
2/2 [==============================] - 4s 1s/step - loss: 0.8945 - accuracy: 0.6279

1/1 [==============================] - ETA: 0s
1/1 [==============================] - 1s 542ms/step
[11:33:54]     DCNN               acc  57.14  bal-acc  50.00  f1  72.73   [42s]
================================
[⚠️] GLCM 
================================
Model: "model_30"
_________________________________________________________________
 Layer (type)                Output Shape              Param #   
=================================================================
 input_32 (InputLayer)       [(None, 10, 12)]          0         
                                                                 
 conv1d_4 (Conv1D)           (None, 10, 32)            1184      
                                                                 
 activation_135 (Activation)  (None, 10, 32)           0         
                                                                 
 dropout_66 (Dropout)        (None, 10, 32)            0         
                                                                 
 max_pooling1d_4 (MaxPooling  (None, 5, 32)            0         
 1D)                                                             
                                                                 
 conv1d_5 (Conv1D)           (None, 5, 64)             6208      
                                                                 
 activation_136 (Activation)  (None, 5, 64)            0         
                                                                 
 max_pooling1d_5 (MaxPooling  (None, 3, 64)            0         
 1D)                                                             
                                                                 
 flatten_22 (Flatten)        (None, 192)               0         
                                                                 
 dense_144 (Dense)           (None, 32)                6176      
                                                                 
 activation_137 (Activation)  (None, 32)               0         
                                                                 
 dense_145 (Dense)           (None, 2)                 66        
                                                                 
 activation_138 (Activation)  (None, 2)                0         
                                                                 
=================================================================
Total params: 13,634
Trainable params: 13,634
Non-trainable params: 0
_________________________________________________________________
Epoch 1/10

    ... [1 lines collapsed: Keras progress bar]
2/2 [==============================] - 1s 6ms/step - loss: 151.7050 - accuracy: 0.5349
Epoch 2/10

    ... [1 lines collapsed: Keras progress bar]
2/2 [==============================] - 0s 6ms/step - loss: 101.0337 - accuracy: 0.3953
Epoch 3/10

    ... [1 lines collapsed: Keras progress bar]
2/2 [==============================] - 0s 4ms/step - loss: 85.0418 - accuracy: 0.5814
Epoch 4/10

    ... [1 lines collapsed: Keras progress bar]
2/2 [==============================] - 0s 6ms/step - loss: 93.4437 - accuracy: 0.5581
Epoch 5/10

    ... [1 lines collapsed: Keras progress bar]
2/2 [==============================] - 0s 6ms/step - loss: 57.4537 - accuracy: 0.6279
Epoch 6/10

    ... [1 lines collapsed: Keras progress bar]
2/2 [==============================] - 0s 5ms/step - loss: 68.4708 - accuracy: 0.5116
Epoch 7/10

    ... [1 lines collapsed: Keras progress bar]
2/2 [==============================] - 0s 5ms/step - loss: 70.9137 - accuracy: 0.5349
Epoch 8/10

    ... [1 lines collapsed: Keras progress bar]
2/2 [==============================] - 0s 4ms/step - loss: 49.4871 - accuracy: 0.5349
Epoch 9/10

    ... [1 lines collapsed: Keras progress bar]
2/2 [==============================] - 0s 6ms/step - loss: 75.1239 - accuracy: 0.5814
Epoch 10/10

    ... [1 lines collapsed: Keras progress bar]
2/2 [==============================] - 0s 5ms/step - loss: 85.7634 - accuracy: 0.5349

1/1 [==============================] - ETA: 0s
1/1 [==============================] - 0s 176ms/step
[11:33:57]     GLCM               acc  57.14  bal-acc  50.00  f1  72.73   [2s]
================================
[⚠️] 3DCNN Based Distributed LSTM with Modified Pooling 
================================
linspaced [0.09090909 0.18181818 0.27272727 0.36363636 0.45454545 0.54545455
 0.63636364 0.72727273 0.81818182 0.90909091 1.        ]
channel is 128
channel is 128
channel is 128
channel is 128
channel is 128
channel is 128
channel is 128
channel is 128
channel is 128
channel is 128
channel is 128
(None, 1, 128)
Model: "model_31"
__________________________________________________________________________________________________
 Layer (type)                   Output Shape         Param #     Connected to                     
==================================================================================================
 input_33 (InputLayer)          [(None, 10, 128, 12  0           []                               
                                8, 12)]                                                           
                                                                                                  
 conv3d_24 (Conv3D)             (None, 10, 128, 128  5200        ['input_33[0][0]']               
                                , 16)                                                             
                                                                                                  
 activation_139 (Activation)    (None, 10, 128, 128  0           ['conv3d_24[0][0]']              
                                , 16)                                                             
                                                                                                  
 max_pooling3d_24 (MaxPooling3D  (None, 10, 128, 128  0          ['activation_139[0][0]']         
 )                              , 16)                                                             
                                                                                                  
 average_pooling3d_24 (AverageP  (None, 10, 128, 128  0          ['activation_139[0][0]']         
 ooling3D)                      , 16)                                                             
                                                                                                  
 lambda_24 (Lambda)             (None, 10, 128, 128  0           ['max_pooling3d_24[0][0]',       
                                , 16)                             'average_pooling3d_24[0][0]']   
                                                                                                  
 conv3d_25 (Conv3D)             (None, 8, 126, 126,  13856       ['lambda_24[0][0]']              
                                 32)                                                              
                                                                                                  
 activation_140 (Activation)    (None, 8, 126, 126,  0           ['conv3d_25[0][0]']              
                                 32)                                                              
                                                                                                  
 max_pooling3d_25 (MaxPooling3D  (None, 4, 63, 63, 3  0          ['activation_140[0][0]']         
 )                              2)                                                                
                                                                                                  
 average_pooling3d_25 (AverageP  (None, 4, 63, 63, 3  0          ['activation_140[0][0]']         
 ooling3D)                      2)                                                                
                                                                                                  
 lambda_25 (Lambda)             (None, 4, 63, 63, 3  0           ['max_pooling3d_25[0][0]',       
                                2)                                'average_pooling3d_25[0][0]']   
                                                                                                  
 conv3d_26 (Conv3D)             (None, 2, 61, 61, 6  55360       ['lambda_25[0][0]']              
                                4)                                                                
                                                                                                  
 activation_141 (Activation)    (None, 2, 61, 61, 6  0           ['conv3d_26[0][0]']              
                                4)                                                                
                                                                                                  
 batch_normalization_33 (BatchN  (None, 2, 61, 61, 6  256        ['activation_141[0][0]']         
 ormalization)                  4)                                                                
                                                                                                  
 max_pooling3d_26 (MaxPooling3D  (None, 1, 31, 31, 6  0          ['batch_normalization_33[0][0]'] 
 )                              4)                                                                
                                                                                                  
 average_pooling3d_26 (AverageP  (None, 1, 31, 31, 6  0          ['batch_normalization_33[0][0]'] 
 ooling3D)                      4)                                                                
                                                                                                  
 lambda_26 (Lambda)             (None, 1, 31, 31, 6  0           ['max_pooling3d_26[0][0]',       
                                4)                                'average_pooling3d_26[0][0]']   
                                                                                                  
 dropout_67 (Dropout)           (None, 1, 31, 31, 6  0           ['lambda_26[0][0]']              
                                4)                                                                
                                                                                                  
 reshape_82 (Reshape)           (None, 31, 31, 64)   0           ['dropout_67[0][0]']             
                                                                                                  
 reshape_83 (Reshape)           (None, 31, 1984)     0           ['reshape_82[0][0]']             
                                                                                                  
 lstm_16 (LSTM)                 (None, 128)          1081856     ['reshape_83[0][0]']             
                                                                                                  
 lstm_17 (LSTM)                 (None, 128)          1081856     ['reshape_83[0][0]']             
                                                                                                  
 add_8 (Add)                    (None, 128)          0           ['lstm_16[0][0]',                
                                                                  'lstm_17[0][0]']                
                                                                                                  
 reshape_84 (Reshape)           (None, 1, 128)       0           ['add_8[0][0]']                  
                                                                                                  
 reshape_85 (Reshape)           (None, 1, 128)       0           ['add_8[0][0]']                  
                                                                                                  
 reshape_86 (Reshape)           (None, 1, 128)       0           ['add_8[0][0]']                  
                                                                                                  
 reshape_87 (Reshape)           (None, 1, 128)       0           ['add_8[0][0]']                  
                                                                                                  
 reshape_88 (Reshape)           (None, 1, 128)       0           ['add_8[0][0]']                  
                                                                                                  
 reshape_89 (Reshape)           (None, 1, 128)       0           ['add_8[0][0]']                  
                                                                                                  
 reshape_90 (Reshape)           (None, 1, 128)       0           ['add_8[0][0]']                  
                                                                                                  
 reshape_91 (Reshape)           (None, 1, 128)       0           ['add_8[0][0]']                  
                                                                                                  
 reshape_92 (Reshape)           (None, 1, 128)       0           ['add_8[0][0]']                  
                                                                                                  
 reshape_93 (Reshape)           (None, 1, 128)       0           ['add_8[0][0]']                  
                                                                                                  
 reshape_94 (Reshape)           (None, 1, 128)       0           ['add_8[0][0]']                  
                                                                                                  
 dense_146 (Dense)              (None, 1, 11)        1419        ['reshape_84[0][0]']             
                                                                                                  
 dense_147 (Dense)              (None, 1, 23)        2967        ['reshape_85[0][0]']             
                                                                                                  
 dense_148 (Dense)              (None, 1, 34)        4386        ['reshape_86[0][0]']             
                                                                                                  
 dense_149 (Dense)              (None, 1, 46)        5934        ['reshape_87[0][0]']             
                                                                                                  
 dense_150 (Dense)              (None, 1, 58)        7482        ['reshape_88[0][0]']             
                                                                                                  
 dense_151 (Dense)              (None, 1, 69)        8901        ['reshape_89[0][0]']             
                                                                                                  
 dense_152 (Dense)              (None, 1, 81)        10449       ['reshape_90[0][0]']             
                                                                                                  
 dense_153 (Dense)              (None, 1, 93)        11997       ['reshape_91[0][0]']             
                                                                                                  
 dense_154 (Dense)              (None, 1, 104)       13416       ['reshape_92[0][0]']             
                                                                                                  
 dense_155 (Dense)              (None, 1, 116)       14964       ['reshape_93[0][0]']             
                                                                                                  
 dense_156 (Dense)              (None, 1, 128)       16512       ['reshape_94[0][0]']             
                                                                                                  
 activation_142 (Activation)    (None, 1, 11)        0           ['dense_146[0][0]']              
                                                                                                  
 activation_143 (Activation)    (None, 1, 23)        0           ['dense_147[0][0]']              
                                                                                                  
 activation_144 (Activation)    (None, 1, 34)        0           ['dense_148[0][0]']              
                                                                                                  
 activation_145 (Activation)    (None, 1, 46)        0           ['dense_149[0][0]']              
                                                                                                  
 activation_146 (Activation)    (None, 1, 58)        0           ['dense_150[0][0]']              
                                                                                                  
 activation_147 (Activation)    (None, 1, 69)        0           ['dense_151[0][0]']              
                                                                                                  
 activation_148 (Activation)    (None, 1, 81)        0           ['dense_152[0][0]']              
                                                                                                  
 activation_149 (Activation)    (None, 1, 93)        0           ['dense_153[0][0]']              
                                                                                                  
 activation_150 (Activation)    (None, 1, 104)       0           ['dense_154[0][0]']              
                                                                                                  
 activation_151 (Activation)    (None, 1, 116)       0           ['dense_155[0][0]']              
                                                                                                  
 activation_152 (Activation)    (None, 1, 128)       0           ['dense_156[0][0]']              
                                                                                                  
 excitation_0.091 (Dense)       (None, 1, 128)       1536        ['activation_142[0][0]']         
                                                                                                  
 excitation_0.182 (Dense)       (None, 1, 128)       3072        ['activation_143[0][0]']         
                                                                                                  
 excitation_0.273 (Dense)       (None, 1, 128)       4480        ['activation_144[0][0]']         
                                                                                                  
 excitation_0.364 (Dense)       (None, 1, 128)       6016        ['activation_145[0][0]']         
                                                                                                  
 excitation_0.455 (Dense)       (None, 1, 128)       7552        ['activation_146[0][0]']         
                                                                                                  
 excitation_0.545 (Dense)       (None, 1, 128)       8960        ['activation_147[0][0]']         
                                                                                                  
 excitation_0.636 (Dense)       (None, 1, 128)       10496       ['activation_148[0][0]']         
                                                                                                  
 excitation_0.727 (Dense)       (None, 1, 128)       12032       ['activation_149[0][0]']         
                                                                                                  
 excitation_0.818 (Dense)       (None, 1, 128)       13440       ['activation_150[0][0]']         
                                                                                                  
 excitation_0.909 (Dense)       (None, 1, 128)       14976       ['activation_151[0][0]']         
                                                                                                  
 excitation_1 (Dense)           (None, 1, 128)       16512       ['activation_152[0][0]']         
                                                                                                  
 average_6 (Average)            (None, 1, 128)       0           ['excitation_0.091[0][0]',       
                                                                  'excitation_0.182[0][0]',       
                                                                  'excitation_0.273[0][0]',       
                                                                  'excitation_0.364[0][0]',       
                                                                  'excitation_0.455[0][0]',       
                                                                  'excitation_0.545[0][0]',       
                                                                  'excitation_0.636[0][0]',       
                                                                  'excitation_0.727[0][0]',       
                                                                  'excitation_0.818[0][0]',       
                                                                  'excitation_0.909[0][0]',       
                                                                  'excitation_1[0][0]']           
                                                                                                  
 normalized_attention (LayerNor  (None, 1, 128)      256         ['average_6[0][0]']              
 malization)                                                                                      
                                                                                                  
 hadamard (Multiply)            (None, 1, 128)       0           ['add_8[0][0]',                  
                                                                  'normalized_attention[0][0]']   
                                                                                                  
 normalized_attention2 (LayerNo  (None, 1, 128)      256         ['hadamard[0][0]']               
 rmalization)                                                                                     
                                                                                                  
 trainableatt (TrainableAttenti  (None, 1, 128)      16384       ['normalized_attention2[0][0]']  
 on)                                                                                              
                                                                                                  
 dense_157 (Dense)              (None, 1, 128)       16384       ['trainableatt[0][0]']           
                                                                                                  
 dense_158 (Dense)              (None, 1, 128)       16384       ['dense_157[0][0]']              
                                                                                                  
 flatten_23 (Flatten)           (None, 128)          0           ['dense_158[0][0]']              
                                                                                                  
 dense_159 (Dense)              (None, 100)          12900       ['flatten_23[0][0]']             
                                                                                                  
 activation_153 (Activation)    (None, 100)          0           ['dense_159[0][0]']              
                                                                                                  
 batch_normalization_34 (BatchN  (None, 100)         400         ['activation_153[0][0]']         
 ormalization)                                                                                    
                                                                                                  
 dropout_68 (Dropout)           (None, 100)          0           ['batch_normalization_34[0][0]'] 
                                                                                                  
 dense2c (Dense)                (None, 64)           6464        ['dropout_68[0][0]']             
                                                                                                  
 activation_154 (Activation)    (None, 64)           0           ['dense2c[0][0]']                
                                                                                                  
 batch_normalization_35 (BatchN  (None, 64)          256         ['activation_154[0][0]']         
 ormalization)                                                                                    
                                                                                                  
 dropout_69 (Dropout)           (None, 64)           0           ['batch_normalization_35[0][0]'] 
                                                                                                  
 dense_160 (Dense)              (None, 2)            130         ['dropout_69[0][0]']             
                                                                                                  
==================================================================================================
Total params: 2,505,697
Trainable params: 2,505,241
Non-trainable params: 456
__________________________________________________________________________________________________
Epoch 1/10

    ... [1 lines collapsed: Keras progress bar]
2/2 [==============================] - ETA: 0s - loss: 1.0797 - accuracy: 0.5581 
2/2 [==============================] - 60s 13s/step - loss: 1.0797 - accuracy: 0.5581
Epoch 2/10

    ... [1 lines collapsed: Keras progress bar]
2/2 [==============================] - ETA: 0s - loss: 1.1226 - accuracy: 0.5116 
2/2 [==============================] - 47s 14s/step - loss: 1.1226 - accuracy: 0.5116
Epoch 3/10

    ... [1 lines collapsed: Keras progress bar]
2/2 [==============================] - ETA: 0s - loss: 1.1148 - accuracy: 0.4651 
2/2 [==============================] - 47s 13s/step - loss: 1.1148 - accuracy: 0.4651
Epoch 4/10

    ... [1 lines collapsed: Keras progress bar]
2/2 [==============================] - ETA: 0s - loss: 0.7973 - accuracy: 0.6047 
2/2 [==============================] - 46s 13s/step - loss: 0.7973 - accuracy: 0.6047
Epoch 5/10

    ... [1 lines collapsed: Keras progress bar]
2/2 [==============================] - ETA: 0s - loss: 0.9298 - accuracy: 0.5349 
2/2 [==============================] - 47s 13s/step - loss: 0.9298 - accuracy: 0.5349
Epoch 6/10

    ... [1 lines collapsed: Keras progress bar]
2/2 [==============================] - ETA: 0s - loss: 1.0738 - accuracy: 0.5581 
2/2 [==============================] - 46s 14s/step - loss: 1.0738 - accuracy: 0.5581
Epoch 7/10

    ... [1 lines collapsed: Keras progress bar]
2/2 [==============================] - ETA: 0s - loss: 0.9184 - accuracy: 0.5814 
2/2 [==============================] - 46s 12s/step - loss: 0.9184 - accuracy: 0.5814
Epoch 8/10

    ... [1 lines collapsed: Keras progress bar]
2/2 [==============================] - ETA: 0s - loss: 0.9678 - accuracy: 0.6279 
2/2 [==============================] - 45s 13s/step - loss: 0.9678 - accuracy: 0.6279
Epoch 9/10

    ... [1 lines collapsed: Keras progress bar]
2/2 [==============================] - ETA: 0s - loss: 0.6055 - accuracy: 0.7442 
2/2 [==============================] - 48s 14s/step - loss: 0.6055 - accuracy: 0.7442
Epoch 10/10

    ... [1 lines collapsed: Keras progress bar]
2/2 [==============================] - ETA: 0s - loss: 0.7481 - accuracy: 0.6047 
2/2 [==============================] - 48s 14s/step - loss: 0.7481 - accuracy: 0.6047

1/1 [==============================] - ETA: 0s
1/1 [==============================] - 5s 5s/step
[11:42:05]     MUSE-CLMPNet       acc  57.14  bal-acc  50.00  f1  72.73   [489s]
================================
[⚠️] 3DCNN Based Distributed LSTM with Modified Pooling 
================================
Model: "model_32"
__________________________________________________________________________________________________
 Layer (type)                   Output Shape         Param #     Connected to                     
==================================================================================================
 input_34 (InputLayer)          [(None, 10, 128, 12  0           []                               
                                8, 12)]                                                           
                                                                                                  
 conv3d_27 (Conv3D)             (None, 10, 128, 128  5200        ['input_34[0][0]']               
                                , 16)                                                             
                                                                                                  
 activation_155 (Activation)    (None, 10, 128, 128  0           ['conv3d_27[0][0]']              
                                , 16)                                                             
                                                                                                  
 max_pooling3d_27 (MaxPooling3D  (None, 10, 128, 128  0          ['activation_155[0][0]']         
 )                              , 16)                                                             
                                                                                                  
 average_pooling3d_27 (AverageP  (None, 10, 128, 128  0          ['activation_155[0][0]']         
 ooling3D)                      , 16)                                                             
                                                                                                  
 lambda_27 (Lambda)             (None, 10, 128, 128  0           ['max_pooling3d_27[0][0]',       
                                , 16)                             'average_pooling3d_27[0][0]']   
                                                                                                  
 conv3d_28 (Conv3D)             (None, 8, 126, 126,  13856       ['lambda_27[0][0]']              
                                 32)                                                              
                                                                                                  
 activation_156 (Activation)    (None, 8, 126, 126,  0           ['conv3d_28[0][0]']              
                                 32)                                                              
                                                                                                  
 max_pooling3d_28 (MaxPooling3D  (None, 4, 63, 63, 3  0          ['activation_156[0][0]']         
 )                              2)                                                                
                                                                                                  
 average_pooling3d_28 (AverageP  (None, 4, 63, 63, 3  0          ['activation_156[0][0]']         
 ooling3D)                      2)                                                                
                                                                                                  
 lambda_28 (Lambda)             (None, 4, 63, 63, 3  0           ['max_pooling3d_28[0][0]',       
                                2)                                'average_pooling3d_28[0][0]']   
                                                                                                  
 conv3d_29 (Conv3D)             (None, 2, 61, 61, 6  55360       ['lambda_28[0][0]']              
                                4)                                                                
                                                                                                  
 activation_157 (Activation)    (None, 2, 61, 61, 6  0           ['conv3d_29[0][0]']              
                                4)                                                                
                                                                                                  
 batch_normalization_36 (BatchN  (None, 2, 61, 61, 6  256        ['activation_157[0][0]']         
 ormalization)                  4)                                                                
                                                                                                  
 max_pooling3d_29 (MaxPooling3D  (None, 1, 31, 31, 6  0          ['batch_normalization_36[0][0]'] 
 )                              4)                                                                
                                                                                                  
 average_pooling3d_29 (AverageP  (None, 1, 31, 31, 6  0          ['batch_normalization_36[0][0]'] 
 ooling3D)                      4)                                                                
                                                                                                  
 lambda_29 (Lambda)             (None, 1, 31, 31, 6  0           ['max_pooling3d_29[0][0]',       
                                4)                                'average_pooling3d_29[0][0]']   
                                                                                                  
 dropout_70 (Dropout)           (None, 1, 31, 31, 6  0           ['lambda_29[0][0]']              
                                4)                                                                
                                                                                                  
 reshape_95 (Reshape)           (None, 31, 31, 64)   0           ['dropout_70[0][0]']             
                                                                                                  
 spatial_and_channel_joint_atte  (None, 31, 31, 64)  0           ['reshape_95[0][0]']             
 ntion_6 (SpatialAndChannelJoin                                                                   
 tAttention)                                                                                      
                                                                                                  
 reshape_96 (Reshape)           (None, 31, 1984)     0           ['spatial_and_channel_joint_atten
                                                                 tion_6[0][0]']                   
                                                                                                  
 lstm_18 (LSTM)                 (None, 128)          1081856     ['reshape_96[0][0]']             
                                                                                                  
 lstm_19 (LSTM)                 (None, 128)          1081856     ['reshape_96[0][0]']             
                                                                                                  
 add_9 (Add)                    (None, 128)          0           ['lstm_18[0][0]',                
                                                                  'lstm_19[0][0]']                
                                                                                                  
 flatten_24 (Flatten)           (None, 128)          0           ['add_9[0][0]']                  
                                                                                                  
 dense_161 (Dense)              (None, 100)          12900       ['flatten_24[0][0]']             
                                                                                                  
 activation_158 (Activation)    (None, 100)          0           ['dense_161[0][0]']              
                                                                                                  
 batch_normalization_37 (BatchN  (None, 100)         400         ['activation_158[0][0]']         
 ormalization)                                                                                    
                                                                                                  
 dropout_71 (Dropout)           (None, 100)          0           ['batch_normalization_37[0][0]'] 
                                                                                                  
 dense2c (Dense)                (None, 64)           6464        ['dropout_71[0][0]']             
                                                                                                  
 activation_159 (Activation)    (None, 64)           0           ['dense2c[0][0]']                
                                                                                                  
 batch_normalization_38 (BatchN  (None, 64)          256         ['activation_159[0][0]']         
 ormalization)                                                                                    
                                                                                                  
 dropout_72 (Dropout)           (None, 64)           0           ['batch_normalization_38[0][0]'] 
                                                                                                  
 dense_162 (Dense)              (None, 2)            130         ['dropout_72[0][0]']             
                                                                                                  
==================================================================================================
Total params: 2,258,534
Trainable params: 2,258,078
Non-trainable params: 456
__________________________________________________________________________________________________
Epoch 1/10

    ... [1 lines collapsed: Keras progress bar]
2/2 [==============================] - ETA: 0s - loss: 1.0055 - accuracy: 0.5349 
2/2 [==============================] - 57s 13s/step - loss: 1.0055 - accuracy: 0.5349
Epoch 2/10

    ... [1 lines collapsed: Keras progress bar]
2/2 [==============================] - ETA: 0s - loss: 1.2148 - accuracy: 0.5814 
2/2 [==============================] - 49s 14s/step - loss: 1.2148 - accuracy: 0.5814
Epoch 3/10

    ... [1 lines collapsed: Keras progress bar]
2/2 [==============================] - ETA: 0s - loss: 0.9900 - accuracy: 0.4884 
2/2 [==============================] - 49s 14s/step - loss: 0.9900 - accuracy: 0.4884
Epoch 4/10

    ... [1 lines collapsed: Keras progress bar]
2/2 [==============================] - ETA: 0s - loss: 0.8021 - accuracy: 0.6744 
2/2 [==============================] - 49s 14s/step - loss: 0.8021 - accuracy: 0.6744
Epoch 5/10

    ... [1 lines collapsed: Keras progress bar]
2/2 [==============================] - ETA: 0s - loss: 0.7979 - accuracy: 0.5814 
2/2 [==============================] - 49s 14s/step - loss: 0.7979 - accuracy: 0.5814
Epoch 6/10

    ... [1 lines collapsed: Keras progress bar]
2/2 [==============================] - ETA: 0s - loss: 0.5907 - accuracy: 0.7442 
2/2 [==============================] - 49s 14s/step - loss: 0.5907 - accuracy: 0.7442
Epoch 7/10

    ... [1 lines collapsed: Keras progress bar]
2/2 [==============================] - ETA: 0s - loss: 1.0536 - accuracy: 0.5814 
2/2 [==============================] - 50s 14s/step - loss: 1.0536 - accuracy: 0.5814
Epoch 8/10

    ... [1 lines collapsed: Keras progress bar]
2/2 [==============================] - ETA: 0s - loss: 1.0583 - accuracy: 0.6279 
2/2 [==============================] - 48s 15s/step - loss: 1.0583 - accuracy: 0.6279
Epoch 9/10

    ... [1 lines collapsed: Keras progress bar]
2/2 [==============================] - ETA: 0s - loss: 0.9740 - accuracy: 0.5581 
2/2 [==============================] - 52s 14s/step - loss: 0.9740 - accuracy: 0.5581
Epoch 10/10

    ... [1 lines collapsed: Keras progress bar]
2/2 [==============================] - ETA: 0s - loss: 0.7802 - accuracy: 0.6977 
2/2 [==============================] - 50s 14s/step - loss: 0.7802 - accuracy: 0.6977

1/1 [==============================] - ETA: 0s
1/1 [==============================] - 3s 3s/step
[11:50:31]     SCAM-CLMPNet       acc  28.57  bal-acc  33.33  f1   0.00   [506s]
================================
[⚠️] 3DCNN Based Distributed LSTM with Modified Pooling 
================================
linspaced [0.09090909 0.18181818 0.27272727 0.36363636 0.45454545 0.54545455
 0.63636364 0.72727273 0.81818182 0.90909091 1.        ]
channel is 128
channel is 128
channel is 128
channel is 128
channel is 128
channel is 128
channel is 128
channel is 128
channel is 128
channel is 128
channel is 128
(None, 1, 128)
Model: "model_33"
__________________________________________________________________________________________________
 Layer (type)                   Output Shape         Param #     Connected to                     
==================================================================================================
 input_35 (InputLayer)          [(None, 10, 128, 12  0           []                               
                                8, 12)]                                                           
                                                                                                  
 conv3d_30 (Conv3D)             (None, 10, 128, 128  5200        ['input_35[0][0]']               
                                , 16)                                                             
                                                                                                  
 activation_160 (Activation)    (None, 10, 128, 128  0           ['conv3d_30[0][0]']              
                                , 16)                                                             
                                                                                                  
 max_pooling3d_30 (MaxPooling3D  (None, 10, 128, 128  0          ['activation_160[0][0]']         
 )                              , 16)                                                             
                                                                                                  
 average_pooling3d_30 (AverageP  (None, 10, 128, 128  0          ['activation_160[0][0]']         
 ooling3D)                      , 16)                                                             
                                                                                                  
 lambda_30 (Lambda)             (None, 10, 128, 128  0           ['max_pooling3d_30[0][0]',       
                                , 16)                             'average_pooling3d_30[0][0]']   
                                                                                                  
 conv3d_31 (Conv3D)             (None, 8, 126, 126,  13856       ['lambda_30[0][0]']              
                                 32)                                                              
                                                                                                  
 activation_161 (Activation)    (None, 8, 126, 126,  0           ['conv3d_31[0][0]']              
                                 32)                                                              
                                                                                                  
 max_pooling3d_31 (MaxPooling3D  (None, 4, 63, 63, 3  0          ['activation_161[0][0]']         
 )                              2)                                                                
                                                                                                  
 average_pooling3d_31 (AverageP  (None, 4, 63, 63, 3  0          ['activation_161[0][0]']         
 ooling3D)                      2)                                                                
                                                                                                  
 lambda_31 (Lambda)             (None, 4, 63, 63, 3  0           ['max_pooling3d_31[0][0]',       
                                2)                                'average_pooling3d_31[0][0]']   
                                                                                                  
 conv3d_32 (Conv3D)             (None, 2, 61, 61, 6  55360       ['lambda_31[0][0]']              
                                4)                                                                
                                                                                                  
 activation_162 (Activation)    (None, 2, 61, 61, 6  0           ['conv3d_32[0][0]']              
                                4)                                                                
                                                                                                  
 batch_normalization_39 (BatchN  (None, 2, 61, 61, 6  256        ['activation_162[0][0]']         
 ormalization)                  4)                                                                
                                                                                                  
 max_pooling3d_32 (MaxPooling3D  (None, 1, 31, 31, 6  0          ['batch_normalization_39[0][0]'] 
 )                              4)                                                                
                                                                                                  
 average_pooling3d_32 (AverageP  (None, 1, 31, 31, 6  0          ['batch_normalization_39[0][0]'] 
 ooling3D)                      4)                                                                
                                                                                                  
 lambda_32 (Lambda)             (None, 1, 31, 31, 6  0           ['max_pooling3d_32[0][0]',       
                                4)                                'average_pooling3d_32[0][0]']   
                                                                                                  
 dropout_73 (Dropout)           (None, 1, 31, 31, 6  0           ['lambda_32[0][0]']              
                                4)                                                                
                                                                                                  
 reshape_97 (Reshape)           (None, 31, 31, 64)   0           ['dropout_73[0][0]']             
                                                                                                  
 spatial_and_channel_joint_atte  (None, 31, 31, 64)  0           ['reshape_97[0][0]']             
 ntion_7 (SpatialAndChannelJoin                                                                   
 tAttention)                                                                                      
                                                                                                  
 reshape_98 (Reshape)           (None, 31, 1984)     0           ['spatial_and_channel_joint_atten
                                                                 tion_7[0][0]']                   
                                                                                                  
 lstm_20 (LSTM)                 (None, 128)          1081856     ['reshape_98[0][0]']             
                                                                                                  
 lstm_21 (LSTM)                 (None, 128)          1081856     ['reshape_98[0][0]']             
                                                                                                  
 add_10 (Add)                   (None, 128)          0           ['lstm_20[0][0]',                
                                                                  'lstm_21[0][0]']                
                                                                                                  
 reshape_99 (Reshape)           (None, 1, 128)       0           ['add_10[0][0]']                 
                                                                                                  
 reshape_100 (Reshape)          (None, 1, 128)       0           ['add_10[0][0]']                 
                                                                                                  
 reshape_101 (Reshape)          (None, 1, 128)       0           ['add_10[0][0]']                 
                                                                                                  
 reshape_102 (Reshape)          (None, 1, 128)       0           ['add_10[0][0]']                 
                                                                                                  
 reshape_103 (Reshape)          (None, 1, 128)       0           ['add_10[0][0]']                 
                                                                                                  
 reshape_104 (Reshape)          (None, 1, 128)       0           ['add_10[0][0]']                 
                                                                                                  
 reshape_105 (Reshape)          (None, 1, 128)       0           ['add_10[0][0]']                 
                                                                                                  
 reshape_106 (Reshape)          (None, 1, 128)       0           ['add_10[0][0]']                 
                                                                                                  
 reshape_107 (Reshape)          (None, 1, 128)       0           ['add_10[0][0]']                 
                                                                                                  
 reshape_108 (Reshape)          (None, 1, 128)       0           ['add_10[0][0]']                 
                                                                                                  
 reshape_109 (Reshape)          (None, 1, 128)       0           ['add_10[0][0]']                 
                                                                                                  
 dense_163 (Dense)              (None, 1, 11)        1419        ['reshape_99[0][0]']             
                                                                                                  
 dense_164 (Dense)              (None, 1, 23)        2967        ['reshape_100[0][0]']            
                                                                                                  
 dense_165 (Dense)              (None, 1, 34)        4386        ['reshape_101[0][0]']            
                                                                                                  
 dense_166 (Dense)              (None, 1, 46)        5934        ['reshape_102[0][0]']            
                                                                                                  
 dense_167 (Dense)              (None, 1, 58)        7482        ['reshape_103[0][0]']            
                                                                                                  
 dense_168 (Dense)              (None, 1, 69)        8901        ['reshape_104[0][0]']            
                                                                                                  
 dense_169 (Dense)              (None, 1, 81)        10449       ['reshape_105[0][0]']            
                                                                                                  
 dense_170 (Dense)              (None, 1, 93)        11997       ['reshape_106[0][0]']            
                                                                                                  
 dense_171 (Dense)              (None, 1, 104)       13416       ['reshape_107[0][0]']            
                                                                                                  
 dense_172 (Dense)              (None, 1, 116)       14964       ['reshape_108[0][0]']            
                                                                                                  
 dense_173 (Dense)              (None, 1, 128)       16512       ['reshape_109[0][0]']            
                                                                                                  
 activation_163 (Activation)    (None, 1, 11)        0           ['dense_163[0][0]']              
                                                                                                  
 activation_164 (Activation)    (None, 1, 23)        0           ['dense_164[0][0]']              
                                                                                                  
 activation_165 (Activation)    (None, 1, 34)        0           ['dense_165[0][0]']              
                                                                                                  
 activation_166 (Activation)    (None, 1, 46)        0           ['dense_166[0][0]']              
                                                                                                  
 activation_167 (Activation)    (None, 1, 58)        0           ['dense_167[0][0]']              
                                                                                                  
 activation_168 (Activation)    (None, 1, 69)        0           ['dense_168[0][0]']              
                                                                                                  
 activation_169 (Activation)    (None, 1, 81)        0           ['dense_169[0][0]']              
                                                                                                  
 activation_170 (Activation)    (None, 1, 93)        0           ['dense_170[0][0]']              
                                                                                                  
 activation_171 (Activation)    (None, 1, 104)       0           ['dense_171[0][0]']              
                                                                                                  
 activation_172 (Activation)    (None, 1, 116)       0           ['dense_172[0][0]']              
                                                                                                  
 activation_173 (Activation)    (None, 1, 128)       0           ['dense_173[0][0]']              
                                                                                                  
 excitation_0.091 (Dense)       (None, 1, 128)       1536        ['activation_163[0][0]']         
                                                                                                  
 excitation_0.182 (Dense)       (None, 1, 128)       3072        ['activation_164[0][0]']         
                                                                                                  
 excitation_0.273 (Dense)       (None, 1, 128)       4480        ['activation_165[0][0]']         
                                                                                                  
 excitation_0.364 (Dense)       (None, 1, 128)       6016        ['activation_166[0][0]']         
                                                                                                  
 excitation_0.455 (Dense)       (None, 1, 128)       7552        ['activation_167[0][0]']         
                                                                                                  
 excitation_0.545 (Dense)       (None, 1, 128)       8960        ['activation_168[0][0]']         
                                                                                                  
 excitation_0.636 (Dense)       (None, 1, 128)       10496       ['activation_169[0][0]']         
                                                                                                  
 excitation_0.727 (Dense)       (None, 1, 128)       12032       ['activation_170[0][0]']         
                                                                                                  
 excitation_0.818 (Dense)       (None, 1, 128)       13440       ['activation_171[0][0]']         
                                                                                                  
 excitation_0.909 (Dense)       (None, 1, 128)       14976       ['activation_172[0][0]']         
                                                                                                  
 excitation_1 (Dense)           (None, 1, 128)       16512       ['activation_173[0][0]']         
                                                                                                  
 average_7 (Average)            (None, 1, 128)       0           ['excitation_0.091[0][0]',       
                                                                  'excitation_0.182[0][0]',       
                                                                  'excitation_0.273[0][0]',       
                                                                  'excitation_0.364[0][0]',       
                                                                  'excitation_0.455[0][0]',       
                                                                  'excitation_0.545[0][0]',       
                                                                  'excitation_0.636[0][0]',       
                                                                  'excitation_0.727[0][0]',       
                                                                  'excitation_0.818[0][0]',       
                                                                  'excitation_0.909[0][0]',       
                                                                  'excitation_1[0][0]']           
                                                                                                  
 normalized_attention (LayerNor  (None, 1, 128)      256         ['average_7[0][0]']              
 malization)                                                                                      
                                                                                                  
 hadamard (Multiply)            (None, 1, 128)       0           ['add_10[0][0]',                 
                                                                  'normalized_attention[0][0]']   
                                                                                                  
 normalized_attention2 (LayerNo  (None, 1, 128)      256         ['hadamard[0][0]']               
 rmalization)                                                                                     
                                                                                                  
 trainableatt (TrainableAttenti  (None, 1, 128)      16384       ['normalized_attention2[0][0]']  
 on)                                                                                              
                                                                                                  
 dense_174 (Dense)              (None, 1, 128)       16384       ['trainableatt[0][0]']           
                                                                                                  
 dense_175 (Dense)              (None, 1, 128)       16384       ['dense_174[0][0]']              
                                                                                                  
 flatten_25 (Flatten)           (None, 128)          0           ['dense_175[0][0]']              
                                                                                                  
 dense_176 (Dense)              (None, 100)          12900       ['flatten_25[0][0]']             
                                                                                                  
 activation_174 (Activation)    (None, 100)          0           ['dense_176[0][0]']              
                                                                                                  
 batch_normalization_40 (BatchN  (None, 100)         400         ['activation_174[0][0]']         
 ormalization)                                                                                    
                                                                                                  
 dropout_74 (Dropout)           (None, 100)          0           ['batch_normalization_40[0][0]'] 
                                                                                                  
 dense2c (Dense)                (None, 64)           6464        ['dropout_74[0][0]']             
                                                                                                  
 activation_175 (Activation)    (None, 64)           0           ['dense2c[0][0]']                
                                                                                                  
 batch_normalization_41 (BatchN  (None, 64)          256         ['activation_175[0][0]']         
 ormalization)                                                                                    
                                                                                                  
 dropout_75 (Dropout)           (None, 64)           0           ['batch_normalization_41[0][0]'] 
                                                                                                  
 dense_177 (Dense)              (None, 2)            130         ['dropout_75[0][0]']             
                                                                                                  
==================================================================================================
Total params: 2,505,697
Trainable params: 2,505,241
Non-trainable params: 456
__________________________________________________________________________________________________
Epoch 1/10

    ... [1 lines collapsed: Keras progress bar]
2/2 [==============================] - ETA: 0s - loss: 1.0797 - accuracy: 0.5581 
2/2 [==============================] - 74s 15s/step - loss: 1.0797 - accuracy: 0.5581
Epoch 2/10

    ... [1 lines collapsed: Keras progress bar]
2/2 [==============================] - ETA: 0s - loss: 1.1207 - accuracy: 0.5116 
2/2 [==============================] - 57s 15s/step - loss: 1.1207 - accuracy: 0.5116
Epoch 3/10

    ... [1 lines collapsed: Keras progress bar]
2/2 [==============================] - ETA: 0s - loss: 1.1463 - accuracy: 0.4651 
2/2 [==============================] - 57s 15s/step - loss: 1.1463 - accuracy: 0.4651
Epoch 4/10

    ... [1 lines collapsed: Keras progress bar]
2/2 [==============================] - ETA: 0s - loss: 0.6891 - accuracy: 0.7209 
2/2 [==============================] - 59s 17s/step - loss: 0.6891 - accuracy: 0.7209
Epoch 5/10

    ... [1 lines collapsed: Keras progress bar]
2/2 [==============================] - ETA: 0s - loss: 0.8896 - accuracy: 0.5581 
2/2 [==============================] - 72s 21s/step - loss: 0.8896 - accuracy: 0.5581
Epoch 6/10

    ... [1 lines collapsed: Keras progress bar]
2/2 [==============================] - ETA: 0s - loss: 1.0944 - accuracy: 0.6279 
2/2 [==============================] - 72s 18s/step - loss: 1.0944 - accuracy: 0.6279
Epoch 7/10

    ... [1 lines collapsed: Keras progress bar]
2/2 [==============================] - ETA: 0s - loss: 0.7559 - accuracy: 0.6279 
2/2 [==============================] - 80s 24s/step - loss: 0.7559 - accuracy: 0.6279
Epoch 8/10

    ... [1 lines collapsed: Keras progress bar]
2/2 [==============================] - ETA: 0s - loss: 0.6775 - accuracy: 0.6279 
2/2 [==============================] - 75s 23s/step - loss: 0.6775 - accuracy: 0.6279
Epoch 9/10

    ... [1 lines collapsed: Keras progress bar]
2/2 [==============================] - ETA: 0s - loss: 0.7155 - accuracy: 0.6512 
2/2 [==============================] - 53s 13s/step - loss: 0.7155 - accuracy: 0.6512
Epoch 10/10

    ... [1 lines collapsed: Keras progress bar]
2/2 [==============================] - ETA: 0s - loss: 0.8949 - accuracy: 0.6512 
2/2 [==============================] - 46s 13s/step - loss: 0.8949 - accuracy: 0.6512

1/1 [==============================] - ETA: 0s
1/1 [==============================] - 4s 4s/step
[12:01:24]     SMA-CLMPNet        acc  57.14  bal-acc  50.00  f1  72.73   [653s]
[12:01:31]     EfficientNetV2S    acc  71.43  bal-acc  66.67  f1  80.00   [7s]
[12:01:37]     ConvNeXtTiny       acc  57.14  bal-acc  54.17  f1  66.67   [6s]
[12:01:42]     MobileNetV3Large   acc  28.57  bal-acc  25.00  f1  44.44   [5s]
[12:01:49]     ResNetRS50         acc  14.29  bal-acc  12.50  f1  25.00   [7s]
linspaced [0.09090909 0.18181818 0.27272727 0.36363636 0.45454545 0.54545455
 0.63636364 0.72727273 0.81818182 0.90909091 1.        ]
channel is 128
channel is 128
channel is 128
channel is 128
channel is 128
channel is 128
channel is 128
channel is 128
channel is 128
channel is 128
channel is 128
(None, 1, 128)
Epoch 1/30
6/6 - 71s - loss: 1.0722 - accuracy: 0.5581 - 71s/epoch - 12s/step
Epoch 2/30
6/6 - 55s - loss: 1.3757 - accuracy: 0.5116 - 55s/epoch - 9s/step
Epoch 3/30
6/6 - 59s - loss: 1.0114 - accuracy: 0.6744 - 59s/epoch - 10s/step
Epoch 4/30
6/6 - 60s - loss: 0.8895 - accuracy: 0.6977 - 60s/epoch - 10s/step
Epoch 5/30
6/6 - 63s - loss: 0.8467 - accuracy: 0.6047 - 63s/epoch - 11s/step
Epoch 6/30
6/6 - 58s - loss: 0.8645 - accuracy: 0.7442 - 58s/epoch - 10s/step
Epoch 7/30
6/6 - 61s - loss: 1.2243 - accuracy: 0.5349 - 61s/epoch - 10s/step
Epoch 8/30
6/6 - 70s - loss: 0.7864 - accuracy: 0.6279 - 70s/epoch - 12s/step
Epoch 9/30
6/6 - 86s - loss: 1.1395 - accuracy: 0.4884 - 86s/epoch - 14s/step
Epoch 10/30
6/6 - 80s - loss: 0.7720 - accuracy: 0.6744 - 80s/epoch - 13s/step
Epoch 11/30
6/6 - 83s - loss: 0.7840 - accuracy: 0.6512 - 83s/epoch - 14s/step
Epoch 12/30
6/6 - 84s - loss: 0.9658 - accuracy: 0.5814 - 84s/epoch - 14s/step
Epoch 13/30
6/6 - 78s - loss: 0.7945 - accuracy: 0.6279 - 78s/epoch - 13s/step
Epoch 14/30
6/6 - 66s - loss: 1.3136 - accuracy: 0.4884 - 66s/epoch - 11s/step
Epoch 15/30
6/6 - 51s - loss: 0.7689 - accuracy: 0.6744 - 51s/epoch - 9s/step
Epoch 16/30
6/6 - 50s - loss: 0.7925 - accuracy: 0.5349 - 50s/epoch - 8s/step
Epoch 17/30
6/6 - 54s - loss: 0.4414 - accuracy: 0.7907 - 54s/epoch - 9s/step
Epoch 18/30
6/6 - 49s - loss: 0.4180 - accuracy: 0.7907 - 49s/epoch - 8s/step
Epoch 19/30
6/6 - 53s - loss: 0.5138 - accuracy: 0.7442 - 53s/epoch - 9s/step
Epoch 20/30
6/6 - 53s - loss: 0.6217 - accuracy: 0.6744 - 53s/epoch - 9s/step
Epoch 21/30
6/6 - 53s - loss: 0.7066 - accuracy: 0.6744 - 53s/epoch - 9s/step
Epoch 22/30
6/6 - 52s - loss: 0.7321 - accuracy: 0.6977 - 52s/epoch - 9s/step
Epoch 23/30
6/6 - 54s - loss: 0.5848 - accuracy: 0.6744 - 54s/epoch - 9s/step
Epoch 24/30
6/6 - 55s - loss: 0.6488 - accuracy: 0.6744 - 55s/epoch - 9s/step
Epoch 25/30
6/6 - 54s - loss: 0.4698 - accuracy: 0.7907 - 54s/epoch - 9s/step
Epoch 26/30
6/6 - 58s - loss: 0.5775 - accuracy: 0.6977 - 58s/epoch - 10s/step
Epoch 27/30
6/6 - 56s - loss: 0.6601 - accuracy: 0.6744 - 56s/epoch - 9s/step
Epoch 28/30
6/6 - 54s - loss: 0.5711 - accuracy: 0.7209 - 54s/epoch - 9s/step
Epoch 29/30
6/6 - 55s - loss: 0.6619 - accuracy: 0.6744 - 55s/epoch - 9s/step
Epoch 30/30
6/6 - 52s - loss: 0.6693 - accuracy: 0.7674 - 52s/epoch - 9s/step
[12:32:24]     SMA-CLMPNet-Opt    acc  57.14  bal-acc  50.00  f1  72.73   [1835s]
[12:32:24]   [checkpoint] k values done: [6, 7, 8]
[12:32:24] === k=9 fold 1/1: 44 train / 6 test (test classes [3, 3])
================================
[⚠️] DCNN 
================================
Model: "model_39"
_________________________________________________________________
 Layer (type)                Output Shape              Param #   
=================================================================
 input_41 (InputLayer)       [(None, 224, 224, 3)]     0         
                                                                 
 input_1 (InputLayer)        multiple                  0         
                                                                 
 rescaling (Rescaling)       (None, 224, 224, 3)       0         
                                                                 
 normalization (Normalizatio  (None, 224, 224, 3)      7         
 n)                                                              
                                                                 
 rescaling_1 (Rescaling)     (None, 224, 224, 3)       0         
                                                                 
 stem_conv_pad (ZeroPadding2  (None, 225, 225, 3)      0         
 D)                                                              
                                                                 
 stem_conv (Conv2D)          (None, 112, 112, 64)      1728      
                                                                 
 conv2d_39 (Conv2D)          (None, 112, 112, 64)      36928     
                                                                 
 max_pooling2d_30 (MaxPoolin  (None, 56, 56, 64)       0         
 g2D)                                                            
                                                                 
 conv2d_40 (Conv2D)          (None, 56, 56, 32)        18464     
                                                                 
 max_pooling2d_31 (MaxPoolin  (None, 28, 28, 32)       0         
 g2D)                                                            
                                                                 
 flatten_27 (Flatten)        (None, 25088)             0         
                                                                 
 dense_201 (Dense)           (None, 128)               3211392   
                                                                 
 activation_192 (Activation)  (None, 128)              0         
                                                                 
 dropout_87 (Dropout)        (None, 128)               0         
                                                                 
 dense_202 (Dense)           (None, 32)                4128      
                                                                 
 activation_193 (Activation)  (None, 32)               0         
                                                                 
 dropout_88 (Dropout)        (None, 32)                0         
                                                                 
 dense_203 (Dense)           (None, 2)                 66        
                                                                 
=================================================================
Total params: 3,272,713
Trainable params: 3,272,706
Non-trainable params: 7
_________________________________________________________________
Epoch 1/10

    ... [1 lines collapsed: Keras progress bar]
2/2 [==============================] - ETA: 0s - loss: 2.0339 - accuracy: 0.5000
2/2 [==============================] - 3s 623ms/step - loss: 2.0339 - accuracy: 0.5000
Epoch 2/10

    ... [1 lines collapsed: Keras progress bar]
2/2 [==============================] - ETA: 0s - loss: 0.9719 - accuracy: 0.5000
2/2 [==============================] - 2s 571ms/step - loss: 0.9719 - accuracy: 0.5000
Epoch 3/10

    ... [1 lines collapsed: Keras progress bar]
2/2 [==============================] - ETA: 0s - loss: 1.2169 - accuracy: 0.5455
2/2 [==============================] - 2s 685ms/step - loss: 1.2169 - accuracy: 0.5455
Epoch 4/10

    ... [1 lines collapsed: Keras progress bar]
2/2 [==============================] - ETA: 0s - loss: 0.7287 - accuracy: 0.5000
2/2 [==============================] - 2s 646ms/step - loss: 0.7287 - accuracy: 0.5000
Epoch 5/10

    ... [1 lines collapsed: Keras progress bar]
2/2 [==============================] - ETA: 0s - loss: 0.8102 - accuracy: 0.5682
2/2 [==============================] - 2s 562ms/step - loss: 0.8102 - accuracy: 0.5682
Epoch 6/10

    ... [1 lines collapsed: Keras progress bar]
2/2 [==============================] - ETA: 0s - loss: 0.6853 - accuracy: 0.5909
2/2 [==============================] - 2s 579ms/step - loss: 0.6853 - accuracy: 0.5909
Epoch 7/10

    ... [1 lines collapsed: Keras progress bar]
2/2 [==============================] - ETA: 0s - loss: 0.6744 - accuracy: 0.5909
2/2 [==============================] - 2s 534ms/step - loss: 0.6744 - accuracy: 0.5909
Epoch 8/10

    ... [1 lines collapsed: Keras progress bar]
2/2 [==============================] - ETA: 0s - loss: 0.6781 - accuracy: 0.5909
2/2 [==============================] - 2s 585ms/step - loss: 0.6781 - accuracy: 0.5909
Epoch 9/10

    ... [1 lines collapsed: Keras progress bar]
2/2 [==============================] - ETA: 0s - loss: 0.6816 - accuracy: 0.5909
2/2 [==============================] - 2s 589ms/step - loss: 0.6816 - accuracy: 0.5909
Epoch 10/10

    ... [1 lines collapsed: Keras progress bar]
2/2 [==============================] - ETA: 0s - loss: 0.6799 - accuracy: 0.5227
2/2 [==============================] - 2s 709ms/step - loss: 0.6799 - accuracy: 0.5227

1/1 [==============================] - ETA: 0s
1/1 [==============================] - 0s 244ms/step
[12:32:49]     EfficientNet       acc  50.00  bal-acc  50.00  f1  66.67   [24s]
================================
[⚠️] STIDNet 
================================
Model: "model_40"
_________________________________________________________________
 Layer (type)                Output Shape              Param #   
=================================================================
 input_42 (InputLayer)       [(None, 128, 128, 10)]    0         
                                                                 
 conv2d_41 (Conv2D)          (None, 126, 126, 16)      1456      
                                                                 
 max_pooling2d_32 (MaxPoolin  (None, 63, 63, 16)       0         
 g2D)                                                            
                                                                 
 conv2d_42 (Conv2D)          (None, 61, 61, 32)        4640      
                                                                 
 max_pooling2d_33 (MaxPoolin  (None, 30, 30, 32)       0         
 g2D)                                                            
                                                                 
 conv2d_43 (Conv2D)          (None, 28, 28, 64)        18496     
                                                                 
 max_pooling2d_34 (MaxPoolin  (None, 14, 14, 64)       0         
 g2D)                                                            
                                                                 
 flatten_28 (Flatten)        (None, 12544)             0         
                                                                 
 dense_204 (Dense)           (None, 256)               3211520   
                                                                 
 dropout_89 (Dropout)        (None, 256)               0         
                                                                 
 dense_205 (Dense)           (None, 256)               65792     
                                                                 
 dropout_90 (Dropout)        (None, 256)               0         
                                                                 
 dense_206 (Dense)           (None, 2)                 514       
                                                                 
=================================================================
Total params: 3,302,418
Trainable params: 3,302,418
Non-trainable params: 0
_________________________________________________________________
Model: "model_41"
_________________________________________________________________
 Layer (type)                Output Shape              Param #   
=================================================================
 input_43 (InputLayer)       [(None, 128, 128, 10)]    0         
                                                                 
 conv2d_44 (Conv2D)          (None, 126, 126, 64)      5824      
                                                                 
 max_pooling2d_35 (MaxPoolin  (None, 63, 63, 64)       0         
 g2D)                                                            
                                                                 
 conv2d_45 (Conv2D)          (None, 61, 61, 16)        9232      
                                                                 
 max_pooling2d_36 (MaxPoolin  (None, 30, 30, 16)       0         
 g2D)                                                            
                                                                 
 flatten_29 (Flatten)        (None, 14400)             0         
                                                                 
 dense_207 (Dense)           (None, 64)                921664    
                                                                 
 dropout_91 (Dropout)        (None, 64)                0         
                                                                 
 dense_208 (Dense)           (None, 2)                 130       
                                                                 
=================================================================
Total params: 936,850
Trainable params: 936,850
Non-trainable params: 0
_________________________________________________________________
Epoch 1/10

    ... [1 lines collapsed: Keras progress bar]
2/2 [==============================] - ETA: 0s - loss: 0.6251 - accuracy: 0.5909
2/2 [==============================] - 2s 157ms/step - loss: 0.6251 - accuracy: 0.5909
Epoch 2/10

    ... [1 lines collapsed: Keras progress bar]
2/2 [==============================] - ETA: 0s - loss: 1.9404 - accuracy: 0.5455
2/2 [==============================] - 0s 141ms/step - loss: 1.9404 - accuracy: 0.5455
Epoch 3/10

    ... [1 lines collapsed: Keras progress bar]
2/2 [==============================] - ETA: 0s - loss: 0.6355 - accuracy: 0.6591
2/2 [==============================] - 1s 174ms/step - loss: 0.6355 - accuracy: 0.6591
Epoch 4/10

    ... [1 lines collapsed: Keras progress bar]
2/2 [==============================] - ETA: 0s - loss: 0.8500 - accuracy: 0.5455
2/2 [==============================] - 0s 173ms/step - loss: 0.8500 - accuracy: 0.5455
Epoch 5/10

    ... [1 lines collapsed: Keras progress bar]
2/2 [==============================] - ETA: 0s - loss: 0.6777 - accuracy: 0.4773
2/2 [==============================] - 1s 154ms/step - loss: 0.6777 - accuracy: 0.4773
Epoch 6/10

    ... [1 lines collapsed: Keras progress bar]
2/2 [==============================] - ETA: 0s - loss: 0.7200 - accuracy: 0.5909
2/2 [==============================] - 1s 172ms/step - loss: 0.7200 - accuracy: 0.5909
Epoch 7/10

    ... [1 lines collapsed: Keras progress bar]
2/2 [==============================] - ETA: 0s - loss: 0.6737 - accuracy: 0.5909
2/2 [==============================] - 1s 187ms/step - loss: 0.6737 - accuracy: 0.5909
Epoch 8/10

    ... [1 lines collapsed: Keras progress bar]
2/2 [==============================] - ETA: 0s - loss: 0.6778 - accuracy: 0.5682
2/2 [==============================] - 1s 167ms/step - loss: 0.6778 - accuracy: 0.5682
Epoch 9/10

    ... [1 lines collapsed: Keras progress bar]
2/2 [==============================] - ETA: 0s - loss: 0.6835 - accuracy: 0.5000
2/2 [==============================] - 0s 147ms/step - loss: 0.6835 - accuracy: 0.5000
Epoch 10/10

    ... [1 lines collapsed: Keras progress bar]
2/2 [==============================] - ETA: 0s - loss: 0.6520 - accuracy: 0.6591
2/2 [==============================] - 0s 137ms/step - loss: 0.6520 - accuracy: 0.6591
Epoch 1/10

    ... [1 lines collapsed: Keras progress bar]
2/2 [==============================] - ETA: 0s - loss: 0.7662 - accuracy: 0.4545
2/2 [==============================] - 2s 266ms/step - loss: 0.7662 - accuracy: 0.4545
Epoch 2/10

    ... [1 lines collapsed: Keras progress bar]
2/2 [==============================] - ETA: 0s - loss: 0.6586 - accuracy: 0.5909
2/2 [==============================] - 1s 261ms/step - loss: 0.6586 - accuracy: 0.5909
Epoch 3/10

    ... [1 lines collapsed: Keras progress bar]
2/2 [==============================] - ETA: 0s - loss: 0.7029 - accuracy: 0.5909
2/2 [==============================] - 1s 284ms/step - loss: 0.7029 - accuracy: 0.5909
Epoch 4/10

    ... [1 lines collapsed: Keras progress bar]
2/2 [==============================] - ETA: 0s - loss: 0.6169 - accuracy: 0.7045
2/2 [==============================] - 1s 267ms/step - loss: 0.6169 - accuracy: 0.7045
Epoch 5/10

    ... [1 lines collapsed: Keras progress bar]
2/2 [==============================] - ETA: 0s - loss: 0.6400 - accuracy: 0.5909
2/2 [==============================] - 1s 259ms/step - loss: 0.6400 - accuracy: 0.5909
Epoch 6/10

    ... [1 lines collapsed: Keras progress bar]
2/2 [==============================] - ETA: 0s - loss: 0.5457 - accuracy: 0.7273
2/2 [==============================] - 1s 288ms/step - loss: 0.5457 - accuracy: 0.7273
Epoch 7/10

    ... [1 lines collapsed: Keras progress bar]
2/2 [==============================] - ETA: 0s - loss: 0.4955 - accuracy: 0.7500
2/2 [==============================] - 1s 293ms/step - loss: 0.4955 - accuracy: 0.7500
Epoch 8/10

    ... [1 lines collapsed: Keras progress bar]
2/2 [==============================] - ETA: 0s - loss: 0.4879 - accuracy: 0.7955
2/2 [==============================] - 1s 276ms/step - loss: 0.4879 - accuracy: 0.7955
Epoch 9/10

    ... [1 lines collapsed: Keras progress bar]
2/2 [==============================] - ETA: 0s - loss: 0.5183 - accuracy: 0.6818
2/2 [==============================] - 1s 333ms/step - loss: 0.5183 - accuracy: 0.6818
Epoch 10/10

    ... [1 lines collapsed: Keras progress bar]
2/2 [==============================] - ETA: 0s - loss: 0.4060 - accuracy: 0.8864
2/2 [==============================] - 1s 218ms/step - loss: 0.4060 - accuracy: 0.8864
Epoch 1/10

    ... [1 lines collapsed: Keras progress bar]
2/2 [==============================] - ETA: 0s - accuracy: 0.8718 - loss: 0.0468 - student_loss: 0.3779 - distillation_loss: 0.0100
2/2 [==============================] - 3s 528ms/step - accuracy: 0.8718 - loss: 0.0474 - student_loss: 0.3781 - distillation_loss: 0.0107 - val_accuracy: 0.4000 - val_student_loss: 1.0725
Epoch 2/10

    ... [1 lines collapsed: Keras progress bar]
2/2 [==============================] - ETA: 0s - accuracy: 0.4615 - loss: 0.1043 - student_loss: 0.8437 - distillation_loss: 0.0221
2/2 [==============================] - 1s 216ms/step - accuracy: 0.4615 - loss: 0.0912 - student_loss: 0.7312 - distillation_loss: 0.0201 - val_accuracy: 1.0000 - val_student_loss: 0.4958
Epoch 3/10

    ... [1 lines collapsed: Keras progress bar]
2/2 [==============================] - ETA: 0s - accuracy: 0.9231 - loss: 0.0496 - student_loss: 0.4745 - distillation_loss: 0.0023
2/2 [==============================] - 1s 240ms/step - accuracy: 0.9231 - loss: 0.0509 - student_loss: 0.4916 - distillation_loss: 0.0019 - val_accuracy: 0.8000 - val_student_loss: 0.5319
Epoch 4/10

    ... [1 lines collapsed: Keras progress bar]
2/2 [==============================] - ETA: 0s - accuracy: 0.7436 - loss: 0.0546 - student_loss: 0.5161 - distillation_loss: 0.0033
2/2 [==============================] - 1s 245ms/step - accuracy: 0.7436 - loss: 0.0555 - student_loss: 0.5279 - distillation_loss: 0.0030 - val_accuracy: 0.8000 - val_student_loss: 0.5264
Epoch 5/10

    ... [1 lines collapsed: Keras progress bar]
2/2 [==============================] - ETA: 0s - accuracy: 0.7692 - loss: 0.0508 - student_loss: 0.4769 - distillation_loss: 0.0034
2/2 [==============================] - 1s 243ms/step - accuracy: 0.7692 - loss: 0.0517 - student_loss: 0.4866 - distillation_loss: 0.0034 - val_accuracy: 0.8000 - val_student_loss: 0.4905
Epoch 6/10

    ... [1 lines collapsed: Keras progress bar]
2/2 [==============================] - ETA: 0s - accuracy: 0.7949 - loss: 0.0427 - student_loss: 0.3973 - distillation_loss: 0.0032
2/2 [==============================] - 1s 250ms/step - accuracy: 0.7949 - loss: 0.0415 - student_loss: 0.3864 - distillation_loss: 0.0032 - val_accuracy: 0.6000 - val_student_loss: 0.4937
Epoch 7/10

    ... [1 lines collapsed: Keras progress bar]
2/2 [==============================] - ETA: 0s - accuracy: 0.7949 - loss: 0.0490 - student_loss: 0.4498 - distillation_loss: 0.0045
2/2 [==============================] - 1s 276ms/step - accuracy: 0.7949 - loss: 0.0511 - student_loss: 0.4722 - distillation_loss: 0.0043 - val_accuracy: 0.8000 - val_student_loss: 0.4090
Epoch 8/10

    ... [1 lines collapsed: Keras progress bar]
2/2 [==============================] - ETA: 0s - accuracy: 0.7949 - loss: 0.0479 - student_loss: 0.4487 - distillation_loss: 0.0033
2/2 [==============================] - 1s 267ms/step - accuracy: 0.7949 - loss: 0.0484 - student_loss: 0.4525 - distillation_loss: 0.0035 - val_accuracy: 0.8000 - val_student_loss: 0.3759
Epoch 9/10

    ... [1 lines collapsed: Keras progress bar]
2/2 [==============================] - ETA: 0s - accuracy: 0.9231 - loss: 0.0322 - student_loss: 0.2923 - distillation_loss: 0.0033
2/2 [==============================] - 1s 227ms/step - accuracy: 0.9231 - loss: 0.0303 - student_loss: 0.2753 - distillation_loss: 0.0031 - val_accuracy: 0.8000 - val_student_loss: 0.3705
Epoch 10/10

    ... [1 lines collapsed: Keras progress bar]
2/2 [==============================] - ETA: 0s - accuracy: 0.8718 - loss: 0.0361 - student_loss: 0.3373 - distillation_loss: 0.0026
2/2 [==============================] - 1s 229ms/step - accuracy: 0.8718 - loss: 0.0371 - student_loss: 0.3550 - distillation_loss: 0.0018 - val_accuracy: 0.8000 - val_student_loss: 0.3808

1/1 [==============================] - ETA: 0s
1/1 [==============================] - 0s 263ms/step
[12:33:17]     STIDNet            acc 100.00  bal-acc 100.00  f1 100.00   [28s]
================================
[⚠️] CNN 
================================
Model: "model_42"
_________________________________________________________________
 Layer (type)                Output Shape              Param #   
=================================================================
 input_44 (InputLayer)       [(None, 128, 128, 10)]    0         
                                                                 
 conv2d_46 (Conv2D)          (None, 128, 128, 16)      1456      
                                                                 
 activation_194 (Activation)  (None, 128, 128, 16)     0         
                                                                 
 max_pooling2d_37 (MaxPoolin  (None, 128, 128, 16)     0         
 g2D)                                                            
                                                                 
 conv2d_47 (Conv2D)          (None, 128, 128, 32)      4640      
                                                                 
 activation_195 (Activation)  (None, 128, 128, 32)     0         
                                                                 
 max_pooling2d_38 (MaxPoolin  (None, 128, 128, 32)     0         
 g2D)                                                            
                                                                 
 conv2d_48 (Conv2D)          (None, 128, 128, 64)      18496     
                                                                 
 activation_196 (Activation)  (None, 128, 128, 64)     0         
                                                                 
 batch_normalization_45 (Bat  (None, 128, 128, 64)     256       
 chNormalization)                                                
                                                                 
 max_pooling2d_39 (MaxPoolin  (None, 128, 128, 64)     0         
 g2D)                                                            
                                                                 
 dropout_92 (Dropout)        (None, 128, 128, 64)      0         
                                                                 
 flatten_30 (Flatten)        (None, 1048576)           0         
                                                                 
 dense_209 (Dense)           (None, 100)               104857700 
                                                                 
 activation_197 (Activation)  (None, 100)              0         
                                                                 
 batch_normalization_46 (Bat  (None, 100)              400       
 chNormalization)                                                
                                                                 
 dropout_93 (Dropout)        (None, 100)               0         
                                                                 
 dense2c (Dense)             (None, 64)                6464      
                                                                 
 activation_198 (Activation)  (None, 64)               0         
                                                                 
 batch_normalization_47 (Bat  (None, 64)               256       
 chNormalization)                                                
                                                                 
 dropout_94 (Dropout)        (None, 64)                0         
                                                                 
 dense_210 (Dense)           (None, 2)                 130       
                                                                 
=================================================================
Total params: 104,889,798
Trainable params: 104,889,342
Non-trainable params: 456
_________________________________________________________________
Epoch 1/10

    ... [1 lines collapsed: Keras progress bar]
2/2 [==============================] - ETA: 0s - loss: 1.2246 - accuracy: 0.5455
2/2 [==============================] - 5s 1s/step - loss: 1.2246 - accuracy: 0.5455
Epoch 2/10

    ... [1 lines collapsed: Keras progress bar]
2/2 [==============================] - ETA: 0s - loss: 0.9800 - accuracy: 0.6136
2/2 [==============================] - 4s 1s/step - loss: 0.9800 - accuracy: 0.6136
Epoch 3/10

    ... [1 lines collapsed: Keras progress bar]
2/2 [==============================] - ETA: 0s - loss: 0.7365 - accuracy: 0.6364
2/2 [==============================] - 4s 1s/step - loss: 0.7365 - accuracy: 0.6364
Epoch 4/10

    ... [1 lines collapsed: Keras progress bar]
2/2 [==============================] - ETA: 0s - loss: 0.6721 - accuracy: 0.6818
2/2 [==============================] - 4s 1s/step - loss: 0.6721 - accuracy: 0.6818
Epoch 5/10

    ... [1 lines collapsed: Keras progress bar]
2/2 [==============================] - ETA: 0s - loss: 1.0656 - accuracy: 0.5909
2/2 [==============================] - 4s 1s/step - loss: 1.0656 - accuracy: 0.5909
Epoch 6/10

    ... [1 lines collapsed: Keras progress bar]
2/2 [==============================] - ETA: 0s - loss: 0.6494 - accuracy: 0.6591
2/2 [==============================] - 4s 1s/step - loss: 0.6494 - accuracy: 0.6591
Epoch 7/10

    ... [1 lines collapsed: Keras progress bar]
2/2 [==============================] - ETA: 0s - loss: 0.7921 - accuracy: 0.6818
2/2 [==============================] - 4s 1s/step - loss: 0.7921 - accuracy: 0.6818
Epoch 8/10

    ... [1 lines collapsed: Keras progress bar]
2/2 [==============================] - ETA: 0s - loss: 0.8094 - accuracy: 0.6364
2/2 [==============================] - 4s 1s/step - loss: 0.8094 - accuracy: 0.6364
Epoch 9/10

    ... [1 lines collapsed: Keras progress bar]
2/2 [==============================] - ETA: 0s - loss: 0.8785 - accuracy: 0.6818
2/2 [==============================] - 4s 1s/step - loss: 0.8785 - accuracy: 0.6818
Epoch 10/10

    ... [1 lines collapsed: Keras progress bar]
2/2 [==============================] - ETA: 0s - loss: 0.7626 - accuracy: 0.6364
2/2 [==============================] - 4s 1s/step - loss: 0.7626 - accuracy: 0.6364

1/1 [==============================] - ETA: 0s
1/1 [==============================] - 0s 467ms/step
[12:33:58]     DCNN               acc  50.00  bal-acc  50.00  f1  66.67   [40s]
================================
[⚠️] GLCM 
================================
Model: "model_43"
_________________________________________________________________
 Layer (type)                Output Shape              Param #   
=================================================================
 input_45 (InputLayer)       [(None, 10, 12)]          0         
                                                                 
 conv1d_6 (Conv1D)           (None, 10, 32)            1184      
                                                                 
 activation_199 (Activation)  (None, 10, 32)           0         
                                                                 
 dropout_95 (Dropout)        (None, 10, 32)            0         
                                                                 
 max_pooling1d_6 (MaxPooling  (None, 5, 32)            0         
 1D)                                                             
                                                                 
 conv1d_7 (Conv1D)           (None, 5, 64)             6208      
                                                                 
 activation_200 (Activation)  (None, 5, 64)            0         
                                                                 
 max_pooling1d_7 (MaxPooling  (None, 3, 64)            0         
 1D)                                                             
                                                                 
 flatten_31 (Flatten)        (None, 192)               0         
                                                                 
 dense_211 (Dense)           (None, 32)                6176      
                                                                 
 activation_201 (Activation)  (None, 32)               0         
                                                                 
 dense_212 (Dense)           (None, 2)                 66        
                                                                 
 activation_202 (Activation)  (None, 2)                0         
                                                                 
=================================================================
Total params: 13,634
Trainable params: 13,634
Non-trainable params: 0
_________________________________________________________________
Epoch 1/10

    ... [1 lines collapsed: Keras progress bar]
2/2 [==============================] - 1s 6ms/step - loss: 166.5121 - accuracy: 0.4773
Epoch 2/10

    ... [1 lines collapsed: Keras progress bar]
2/2 [==============================] - 0s 5ms/step - loss: 124.8999 - accuracy: 0.4091
Epoch 3/10

    ... [1 lines collapsed: Keras progress bar]
2/2 [==============================] - 0s 4ms/step - loss: 72.7987 - accuracy: 0.5682
Epoch 4/10

    ... [1 lines collapsed: Keras progress bar]
2/2 [==============================] - 0s 5ms/step - loss: 100.0108 - accuracy: 0.5909
Epoch 5/10

    ... [1 lines collapsed: Keras progress bar]
2/2 [==============================] - 0s 5ms/step - loss: 94.1548 - accuracy: 0.3636
Epoch 6/10

    ... [1 lines collapsed: Keras progress bar]
2/2 [==============================] - 0s 4ms/step - loss: 50.3314 - accuracy: 0.5455
Epoch 7/10

    ... [1 lines collapsed: Keras progress bar]
2/2 [==============================] - 0s 5ms/step - loss: 61.9552 - accuracy: 0.4773
Epoch 8/10

    ... [1 lines collapsed: Keras progress bar]
2/2 [==============================] - 0s 5ms/step - loss: 84.1293 - accuracy: 0.3864
Epoch 9/10

    ... [1 lines collapsed: Keras progress bar]
2/2 [==============================] - 0s 4ms/step - loss: 61.1985 - accuracy: 0.4318
Epoch 10/10

    ... [1 lines collapsed: Keras progress bar]
2/2 [==============================] - 0s 4ms/step - loss: 67.4669 - accuracy: 0.5682

1/1 [==============================] - ETA: 0s
1/1 [==============================] - 0s 148ms/step
[12:34:00]     GLCM               acc  83.33  bal-acc  83.33  f1  85.71   [2s]
================================
[⚠️] 3DCNN Based Distributed LSTM with Modified Pooling 
================================
linspaced [0.09090909 0.18181818 0.27272727 0.36363636 0.45454545 0.54545455
 0.63636364 0.72727273 0.81818182 0.90909091 1.        ]
channel is 128
channel is 128
channel is 128
channel is 128
channel is 128
channel is 128
channel is 128
channel is 128
channel is 128
channel is 128
channel is 128
(None, 1, 128)
Model: "model_44"
__________________________________________________________________________________________________
 Layer (type)                   Output Shape         Param #     Connected to                     
==================================================================================================
 input_46 (InputLayer)          [(None, 10, 128, 12  0           []                               
                                8, 12)]                                                           
                                                                                                  
 conv3d_36 (Conv3D)             (None, 10, 128, 128  5200        ['input_46[0][0]']               
                                , 16)                                                             
                                                                                                  
 activation_203 (Activation)    (None, 10, 128, 128  0           ['conv3d_36[0][0]']              
                                , 16)                                                             
                                                                                                  
 max_pooling3d_36 (MaxPooling3D  (None, 10, 128, 128  0          ['activation_203[0][0]']         
 )                              , 16)                                                             
                                                                                                  
 average_pooling3d_36 (AverageP  (None, 10, 128, 128  0          ['activation_203[0][0]']         
 ooling3D)                      , 16)                                                             
                                                                                                  
 lambda_36 (Lambda)             (None, 10, 128, 128  0           ['max_pooling3d_36[0][0]',       
                                , 16)                             'average_pooling3d_36[0][0]']   
                                                                                                  
 conv3d_37 (Conv3D)             (None, 8, 126, 126,  13856       ['lambda_36[0][0]']              
                                 32)                                                              
                                                                                                  
 activation_204 (Activation)    (None, 8, 126, 126,  0           ['conv3d_37[0][0]']              
                                 32)                                                              
                                                                                                  
 max_pooling3d_37 (MaxPooling3D  (None, 4, 63, 63, 3  0          ['activation_204[0][0]']         
 )                              2)                                                                
                                                                                                  
 average_pooling3d_37 (AverageP  (None, 4, 63, 63, 3  0          ['activation_204[0][0]']         
 ooling3D)                      2)                                                                
                                                                                                  
 lambda_37 (Lambda)             (None, 4, 63, 63, 3  0           ['max_pooling3d_37[0][0]',       
                                2)                                'average_pooling3d_37[0][0]']   
                                                                                                  
 conv3d_38 (Conv3D)             (None, 2, 61, 61, 6  55360       ['lambda_37[0][0]']              
                                4)                                                                
                                                                                                  
 activation_205 (Activation)    (None, 2, 61, 61, 6  0           ['conv3d_38[0][0]']              
                                4)                                                                
                                                                                                  
 batch_normalization_48 (BatchN  (None, 2, 61, 61, 6  256        ['activation_205[0][0]']         
 ormalization)                  4)                                                                
                                                                                                  
 max_pooling3d_38 (MaxPooling3D  (None, 1, 31, 31, 6  0          ['batch_normalization_48[0][0]'] 
 )                              4)                                                                
                                                                                                  
 average_pooling3d_38 (AverageP  (None, 1, 31, 31, 6  0          ['batch_normalization_48[0][0]'] 
 ooling3D)                      4)                                                                
                                                                                                  
 lambda_38 (Lambda)             (None, 1, 31, 31, 6  0           ['max_pooling3d_38[0][0]',       
                                4)                                'average_pooling3d_38[0][0]']   
                                                                                                  
 dropout_96 (Dropout)           (None, 1, 31, 31, 6  0           ['lambda_38[0][0]']              
                                4)                                                                
                                                                                                  
 reshape_123 (Reshape)          (None, 31, 31, 64)   0           ['dropout_96[0][0]']             
                                                                                                  
 reshape_124 (Reshape)          (None, 31, 1984)     0           ['reshape_123[0][0]']            
                                                                                                  
 lstm_24 (LSTM)                 (None, 128)          1081856     ['reshape_124[0][0]']            
                                                                                                  
 lstm_25 (LSTM)                 (None, 128)          1081856     ['reshape_124[0][0]']            
                                                                                                  
 add_12 (Add)                   (None, 128)          0           ['lstm_24[0][0]',                
                                                                  'lstm_25[0][0]']                
                                                                                                  
 reshape_125 (Reshape)          (None, 1, 128)       0           ['add_12[0][0]']                 
                                                                                                  
 reshape_126 (Reshape)          (None, 1, 128)       0           ['add_12[0][0]']                 
                                                                                                  
 reshape_127 (Reshape)          (None, 1, 128)       0           ['add_12[0][0]']                 
                                                                                                  
 reshape_128 (Reshape)          (None, 1, 128)       0           ['add_12[0][0]']                 
                                                                                                  
 reshape_129 (Reshape)          (None, 1, 128)       0           ['add_12[0][0]']                 
                                                                                                  
 reshape_130 (Reshape)          (None, 1, 128)       0           ['add_12[0][0]']                 
                                                                                                  
 reshape_131 (Reshape)          (None, 1, 128)       0           ['add_12[0][0]']                 
                                                                                                  
 reshape_132 (Reshape)          (None, 1, 128)       0           ['add_12[0][0]']                 
                                                                                                  
 reshape_133 (Reshape)          (None, 1, 128)       0           ['add_12[0][0]']                 
                                                                                                  
 reshape_134 (Reshape)          (None, 1, 128)       0           ['add_12[0][0]']                 
                                                                                                  
 reshape_135 (Reshape)          (None, 1, 128)       0           ['add_12[0][0]']                 
                                                                                                  
 dense_213 (Dense)              (None, 1, 11)        1419        ['reshape_125[0][0]']            
                                                                                                  
 dense_214 (Dense)              (None, 1, 23)        2967        ['reshape_126[0][0]']            
                                                                                                  
 dense_215 (Dense)              (None, 1, 34)        4386        ['reshape_127[0][0]']            
                                                                                                  
 dense_216 (Dense)              (None, 1, 46)        5934        ['reshape_128[0][0]']            
                                                                                                  
 dense_217 (Dense)              (None, 1, 58)        7482        ['reshape_129[0][0]']            
                                                                                                  
 dense_218 (Dense)              (None, 1, 69)        8901        ['reshape_130[0][0]']            
                                                                                                  
 dense_219 (Dense)              (None, 1, 81)        10449       ['reshape_131[0][0]']            
                                                                                                  
 dense_220 (Dense)              (None, 1, 93)        11997       ['reshape_132[0][0]']            
                                                                                                  
 dense_221 (Dense)              (None, 1, 104)       13416       ['reshape_133[0][0]']            
                                                                                                  
 dense_222 (Dense)              (None, 1, 116)       14964       ['reshape_134[0][0]']            
                                                                                                  
 dense_223 (Dense)              (None, 1, 128)       16512       ['reshape_135[0][0]']            
                                                                                                  
 activation_206 (Activation)    (None, 1, 11)        0           ['dense_213[0][0]']              
                                                                                                  
 activation_207 (Activation)    (None, 1, 23)        0           ['dense_214[0][0]']              
                                                                                                  
 activation_208 (Activation)    (None, 1, 34)        0           ['dense_215[0][0]']              
                                                                                                  
 activation_209 (Activation)    (None, 1, 46)        0           ['dense_216[0][0]']              
                                                                                                  
 activation_210 (Activation)    (None, 1, 58)        0           ['dense_217[0][0]']              
                                                                                                  
 activation_211 (Activation)    (None, 1, 69)        0           ['dense_218[0][0]']              
                                                                                                  
 activation_212 (Activation)    (None, 1, 81)        0           ['dense_219[0][0]']              
                                                                                                  
 activation_213 (Activation)    (None, 1, 93)        0           ['dense_220[0][0]']              
                                                                                                  
 activation_214 (Activation)    (None, 1, 104)       0           ['dense_221[0][0]']              
                                                                                                  
 activation_215 (Activation)    (None, 1, 116)       0           ['dense_222[0][0]']              
                                                                                                  
 activation_216 (Activation)    (None, 1, 128)       0           ['dense_223[0][0]']              
                                                                                                  
 excitation_0.091 (Dense)       (None, 1, 128)       1536        ['activation_206[0][0]']         
                                                                                                  
 excitation_0.182 (Dense)       (None, 1, 128)       3072        ['activation_207[0][0]']         
                                                                                                  
 excitation_0.273 (Dense)       (None, 1, 128)       4480        ['activation_208[0][0]']         
                                                                                                  
 excitation_0.364 (Dense)       (None, 1, 128)       6016        ['activation_209[0][0]']         
                                                                                                  
 excitation_0.455 (Dense)       (None, 1, 128)       7552        ['activation_210[0][0]']         
                                                                                                  
 excitation_0.545 (Dense)       (None, 1, 128)       8960        ['activation_211[0][0]']         
                                                                                                  
 excitation_0.636 (Dense)       (None, 1, 128)       10496       ['activation_212[0][0]']         
                                                                                                  
 excitation_0.727 (Dense)       (None, 1, 128)       12032       ['activation_213[0][0]']         
                                                                                                  
 excitation_0.818 (Dense)       (None, 1, 128)       13440       ['activation_214[0][0]']         
                                                                                                  
 excitation_0.909 (Dense)       (None, 1, 128)       14976       ['activation_215[0][0]']         
                                                                                                  
 excitation_1 (Dense)           (None, 1, 128)       16512       ['activation_216[0][0]']         
                                                                                                  
 average_9 (Average)            (None, 1, 128)       0           ['excitation_0.091[0][0]',       
                                                                  'excitation_0.182[0][0]',       
                                                                  'excitation_0.273[0][0]',       
                                                                  'excitation_0.364[0][0]',       
                                                                  'excitation_0.455[0][0]',       
                                                                  'excitation_0.545[0][0]',       
                                                                  'excitation_0.636[0][0]',       
                                                                  'excitation_0.727[0][0]',       
                                                                  'excitation_0.818[0][0]',       
                                                                  'excitation_0.909[0][0]',       
                                                                  'excitation_1[0][0]']           
                                                                                                  
 normalized_attention (LayerNor  (None, 1, 128)      256         ['average_9[0][0]']              
 malization)                                                                                      
                                                                                                  
 hadamard (Multiply)            (None, 1, 128)       0           ['add_12[0][0]',                 
                                                                  'normalized_attention[0][0]']   
                                                                                                  
 normalized_attention2 (LayerNo  (None, 1, 128)      256         ['hadamard[0][0]']               
 rmalization)                                                                                     
                                                                                                  
 trainableatt (TrainableAttenti  (None, 1, 128)      16384       ['normalized_attention2[0][0]']  
 on)                                                                                              
                                                                                                  
 dense_224 (Dense)              (None, 1, 128)       16384       ['trainableatt[0][0]']           
                                                                                                  
 dense_225 (Dense)              (None, 1, 128)       16384       ['dense_224[0][0]']              
                                                                                                  
 flatten_32 (Flatten)           (None, 128)          0           ['dense_225[0][0]']              
                                                                                                  
 dense_226 (Dense)              (None, 100)          12900       ['flatten_32[0][0]']             
                                                                                                  
 activation_217 (Activation)    (None, 100)          0           ['dense_226[0][0]']              
                                                                                                  
 batch_normalization_49 (BatchN  (None, 100)         400         ['activation_217[0][0]']         
 ormalization)                                                                                    
                                                                                                  
 dropout_97 (Dropout)           (None, 100)          0           ['batch_normalization_49[0][0]'] 
                                                                                                  
 dense2c (Dense)                (None, 64)           6464        ['dropout_97[0][0]']             
                                                                                                  
 activation_218 (Activation)    (None, 64)           0           ['dense2c[0][0]']                
                                                                                                  
 batch_normalization_50 (BatchN  (None, 64)          256         ['activation_218[0][0]']         
 ormalization)                                                                                    
                                                                                                  
 dropout_98 (Dropout)           (None, 64)           0           ['batch_normalization_50[0][0]'] 
                                                                                                  
 dense_227 (Dense)              (None, 2)            130         ['dropout_98[0][0]']             
                                                                                                  
==================================================================================================
Total params: 2,505,697
Trainable params: 2,505,241
Non-trainable params: 456
__________________________________________________________________________________________________
Epoch 1/10

    ... [1 lines collapsed: Keras progress bar]
2/2 [==============================] - ETA: 0s - loss: 1.0055 - accuracy: 0.5000 
2/2 [==============================] - 58s 14s/step - loss: 1.0055 - accuracy: 0.5000
Epoch 2/10

    ... [1 lines collapsed: Keras progress bar]
2/2 [==============================] - ETA: 0s - loss: 0.9005 - accuracy: 0.5909 
2/2 [==============================] - 70s 22s/step - loss: 0.9005 - accuracy: 0.5909
Epoch 3/10

    ... [1 lines collapsed: Keras progress bar]
2/2 [==============================] - ETA: 0s - loss: 0.8150 - accuracy: 0.6818 
2/2 [==============================] - 74s 22s/step - loss: 0.8150 - accuracy: 0.6818
Epoch 4/10

    ... [1 lines collapsed: Keras progress bar]
2/2 [==============================] - ETA: 0s - loss: 1.1080 - accuracy: 0.5227 
2/2 [==============================] - 74s 22s/step - loss: 1.1080 - accuracy: 0.5227
Epoch 5/10

    ... [1 lines collapsed: Keras progress bar]
2/2 [==============================] - ETA: 0s - loss: 0.8513 - accuracy: 0.5682 
2/2 [==============================] - 73s 22s/step - loss: 0.8513 - accuracy: 0.5682
Epoch 6/10

    ... [1 lines collapsed: Keras progress bar]
2/2 [==============================] - ETA: 0s - loss: 0.5048 - accuracy: 0.7500 
2/2 [==============================] - 73s 22s/step - loss: 0.5048 - accuracy: 0.7500
Epoch 7/10

    ... [1 lines collapsed: Keras progress bar]
2/2 [==============================] - ETA: 0s - loss: 0.9530 - accuracy: 0.6136 
2/2 [==============================] - 74s 22s/step - loss: 0.9530 - accuracy: 0.6136
Epoch 8/10

    ... [1 lines collapsed: Keras progress bar]
2/2 [==============================] - ETA: 0s - loss: 0.9736 - accuracy: 0.5682 
2/2 [==============================] - 75s 22s/step - loss: 0.9736 - accuracy: 0.5682
Epoch 9/10

    ... [1 lines collapsed: Keras progress bar]
2/2 [==============================] - ETA: 0s - loss: 0.9510 - accuracy: 0.6136 
2/2 [==============================] - 73s 22s/step - loss: 0.9510 - accuracy: 0.6136
Epoch 10/10

    ... [1 lines collapsed: Keras progress bar]
2/2 [==============================] - ETA: 0s - loss: 0.7615 - accuracy: 0.6818 
2/2 [==============================] - 75s 23s/step - loss: 0.7615 - accuracy: 0.6818

1/1 [==============================] - ETA: 0s
1/1 [==============================] - 7s 7s/step
[12:46:10]     MUSE-CLMPNet       acc  50.00  bal-acc  50.00  f1  66.67   [731s]
================================
[⚠️] 3DCNN Based Distributed LSTM with Modified Pooling 
================================
Model: "model_45"
__________________________________________________________________________________________________
 Layer (type)                   Output Shape         Param #     Connected to                     
==================================================================================================
 input_47 (InputLayer)          [(None, 10, 128, 12  0           []                               
                                8, 12)]                                                           
                                                                                                  
 conv3d_39 (Conv3D)             (None, 10, 128, 128  5200        ['input_47[0][0]']               
                                , 16)                                                             
                                                                                                  
 activation_219 (Activation)    (None, 10, 128, 128  0           ['conv3d_39[0][0]']              
                                , 16)                                                             
                                                                                                  
 max_pooling3d_39 (MaxPooling3D  (None, 10, 128, 128  0          ['activation_219[0][0]']         
 )                              , 16)                                                             
                                                                                                  
 average_pooling3d_39 (AverageP  (None, 10, 128, 128  0          ['activation_219[0][0]']         
 ooling3D)                      , 16)                                                             
                                                                                                  
 lambda_39 (Lambda)             (None, 10, 128, 128  0           ['max_pooling3d_39[0][0]',       
                                , 16)                             'average_pooling3d_39[0][0]']   
                                                                                                  
 conv3d_40 (Conv3D)             (None, 8, 126, 126,  13856       ['lambda_39[0][0]']              
                                 32)                                                              
                                                                                                  
 activation_220 (Activation)    (None, 8, 126, 126,  0           ['conv3d_40[0][0]']              
                                 32)                                                              
                                                                                                  
 max_pooling3d_40 (MaxPooling3D  (None, 4, 63, 63, 3  0          ['activation_220[0][0]']         
 )                              2)                                                                
                                                                                                  
 average_pooling3d_40 (AverageP  (None, 4, 63, 63, 3  0          ['activation_220[0][0]']         
 ooling3D)                      2)                                                                
                                                                                                  
 lambda_40 (Lambda)             (None, 4, 63, 63, 3  0           ['max_pooling3d_40[0][0]',       
                                2)                                'average_pooling3d_40[0][0]']   
                                                                                                  
 conv3d_41 (Conv3D)             (None, 2, 61, 61, 6  55360       ['lambda_40[0][0]']              
                                4)                                                                
                                                                                                  
 activation_221 (Activation)    (None, 2, 61, 61, 6  0           ['conv3d_41[0][0]']              
                                4)                                                                
                                                                                                  
 batch_normalization_51 (BatchN  (None, 2, 61, 61, 6  256        ['activation_221[0][0]']         
 ormalization)                  4)                                                                
                                                                                                  
 max_pooling3d_41 (MaxPooling3D  (None, 1, 31, 31, 6  0          ['batch_normalization_51[0][0]'] 
 )                              4)                                                                
                                                                                                  
 average_pooling3d_41 (AverageP  (None, 1, 31, 31, 6  0          ['batch_normalization_51[0][0]'] 
 ooling3D)                      4)                                                                
                                                                                                  
 lambda_41 (Lambda)             (None, 1, 31, 31, 6  0           ['max_pooling3d_41[0][0]',       
                                4)                                'average_pooling3d_41[0][0]']   
                                                                                                  
 dropout_99 (Dropout)           (None, 1, 31, 31, 6  0           ['lambda_41[0][0]']              
                                4)                                                                
                                                                                                  
 reshape_136 (Reshape)          (None, 31, 31, 64)   0           ['dropout_99[0][0]']             
                                                                                                  
 spatial_and_channel_joint_atte  (None, 31, 31, 64)  0           ['reshape_136[0][0]']            
 ntion_9 (SpatialAndChannelJoin                                                                   
 tAttention)                                                                                      
                                                                                                  
 reshape_137 (Reshape)          (None, 31, 1984)     0           ['spatial_and_channel_joint_atten
                                                                 tion_9[0][0]']                   
                                                                                                  
 lstm_26 (LSTM)                 (None, 128)          1081856     ['reshape_137[0][0]']            
                                                                                                  
 lstm_27 (LSTM)                 (None, 128)          1081856     ['reshape_137[0][0]']            
                                                                                                  
 add_13 (Add)                   (None, 128)          0           ['lstm_26[0][0]',                
                                                                  'lstm_27[0][0]']                
                                                                                                  
 flatten_33 (Flatten)           (None, 128)          0           ['add_13[0][0]']                 
                                                                                                  
 dense_228 (Dense)              (None, 100)          12900       ['flatten_33[0][0]']             
                                                                                                  
 activation_222 (Activation)    (None, 100)          0           ['dense_228[0][0]']              
                                                                                                  
 batch_normalization_52 (BatchN  (None, 100)         400         ['activation_222[0][0]']         
 ormalization)                                                                                    
                                                                                                  
 dropout_100 (Dropout)          (None, 100)          0           ['batch_normalization_52[0][0]'] 
                                                                                                  
 dense2c (Dense)                (None, 64)           6464        ['dropout_100[0][0]']            
                                                                                                  
 activation_223 (Activation)    (None, 64)           0           ['dense2c[0][0]']                
                                                                                                  
 batch_normalization_53 (BatchN  (None, 64)          256         ['activation_223[0][0]']         
 ormalization)                                                                                    
                                                                                                  
 dropout_101 (Dropout)          (None, 64)           0           ['batch_normalization_53[0][0]'] 
                                                                                                  
 dense_229 (Dense)              (None, 2)            130         ['dropout_101[0][0]']            
                                                                                                  
==================================================================================================
Total params: 2,258,534
Trainable params: 2,258,078
Non-trainable params: 456
__________________________________________________________________________________________________
Epoch 1/10

    ... [1 lines collapsed: Keras progress bar]
2/2 [==============================] - ETA: 0s - loss: 1.3383 - accuracy: 0.5909  
2/2 [==============================] - 91s 23s/step - loss: 1.3383 - accuracy: 0.5909
Epoch 2/10

    ... [1 lines collapsed: Keras progress bar]
2/2 [==============================] - ETA: 0s - loss: 1.4378 - accuracy: 0.4318 
2/2 [==============================] - 75s 23s/step - loss: 1.4378 - accuracy: 0.4318
Epoch 3/10

    ... [1 lines collapsed: Keras progress bar]
[09:03:51] features loaded: proposed(50, 10, 128, 128, 12) comparative1(50, 128, 128, 10) labels(50,)
[09:03:51]   EfficientNetV2S: embeddings from cache (50, 1280)
[09:03:51]   ConvNeXtTiny: embeddings from cache (50, 768)
[09:03:51]   MobileNetV3Large: embeddings from cache (50, 960)
[09:03:51]   ResNetRS50: embeddings from cache (50, 2048)
[09:03:51] resuming: k = [6, 7, 8] already measured
[09:03:51] === k=9 fold 1/1: 44 train / 6 test (test classes [3, 3])
[09:04:18]   float32 feature cache built (0.52 GB)
================================
[⚠️] DCNN 
================================
Model: "model"
_________________________________________________________________
 Layer (type)                Output Shape              Param #   
=================================================================
 input_2 (InputLayer)        [(None, 224, 224, 3)]     0         
                                                                 
 input_1 (InputLayer)        multiple                  0         
                                                                 
 rescaling (Rescaling)       (None, 224, 224, 3)       0         
                                                                 
 normalization (Normalizatio  (None, 224, 224, 3)      7         
 n)                                                              
                                                                 
 rescaling_1 (Rescaling)     (None, 224, 224, 3)       0         
                                                                 
 stem_conv_pad (ZeroPadding2  (None, 225, 225, 3)      0         
 D)                                                              
                                                                 
 stem_conv (Conv2D)          (None, 112, 112, 64)      1728      
                                                                 
 conv2d (Conv2D)             (None, 112, 112, 64)      36928     
                                                                 
 max_pooling2d (MaxPooling2D  (None, 56, 56, 64)       0         
 )                                                               
                                                                 
 conv2d_1 (Conv2D)           (None, 56, 56, 32)        18464     
                                                                 
 max_pooling2d_1 (MaxPooling  (None, 28, 28, 32)       0         
 2D)                                                             
                                                                 
 flatten (Flatten)           (None, 25088)             0         
                                                                 
 dense (Dense)               (None, 128)               3211392   
                                                                 
 activation (Activation)     (None, 128)               0         
                                                                 
 dropout (Dropout)           (None, 128)               0         
                                                                 
 dense_1 (Dense)             (None, 32)                4128      
                                                                 
 activation_1 (Activation)   (None, 32)                0         
                                                                 
 dropout_1 (Dropout)         (None, 32)                0         
                                                                 
 dense_2 (Dense)             (None, 2)                 66        
                                                                 
=================================================================
Total params: 3,272,713
Trainable params: 3,272,706
Non-trainable params: 7
_________________________________________________________________
Epoch 1/10

    ... [1 lines collapsed: Keras progress bar]
2/2 [==============================] - ETA: 0s - loss: 5.5499 - accuracy: 0.5000
2/2 [==============================] - 4s 626ms/step - loss: 5.5499 - accuracy: 0.5000
Epoch 2/10

    ... [1 lines collapsed: Keras progress bar]
2/2 [==============================] - ETA: 0s - loss: 5.5445 - accuracy: 0.5682
2/2 [==============================] - 2s 604ms/step - loss: 5.5445 - accuracy: 0.5682
Epoch 3/10

    ... [1 lines collapsed: Keras progress bar]
2/2 [==============================] - ETA: 0s - loss: 0.9336 - accuracy: 0.3864
2/2 [==============================] - 2s 623ms/step - loss: 0.9336 - accuracy: 0.3864
Epoch 4/10

    ... [1 lines collapsed: Keras progress bar]
2/2 [==============================] - ETA: 0s - loss: 0.7889 - accuracy: 0.5455
2/2 [==============================] - 2s 607ms/step - loss: 0.7889 - accuracy: 0.5455
Epoch 5/10

    ... [1 lines collapsed: Keras progress bar]
2/2 [==============================] - ETA: 0s - loss: 0.7631 - accuracy: 0.6136
2/2 [==============================] - 2s 642ms/step - loss: 0.7631 - accuracy: 0.6136
Epoch 6/10

    ... [1 lines collapsed: Keras progress bar]
2/2 [==============================] - ETA: 0s - loss: 0.6877 - accuracy: 0.6364
2/2 [==============================] - 2s 693ms/step - loss: 0.6877 - accuracy: 0.6364
Epoch 7/10

    ... [1 lines collapsed: Keras progress bar]
2/2 [==============================] - ETA: 0s - loss: 0.6547 - accuracy: 0.6364
2/2 [==============================] - 2s 616ms/step - loss: 0.6547 - accuracy: 0.6364
Epoch 8/10

    ... [1 lines collapsed: Keras progress bar]
2/2 [==============================] - ETA: 0s - loss: 0.6732 - accuracy: 0.5909
2/2 [==============================] - 2s 611ms/step - loss: 0.6732 - accuracy: 0.5909
Epoch 9/10

    ... [1 lines collapsed: Keras progress bar]
2/2 [==============================] - ETA: 0s - loss: 0.7114 - accuracy: 0.4545
2/2 [==============================] - 2s 606ms/step - loss: 0.7114 - accuracy: 0.4545
Epoch 10/10

    ... [1 lines collapsed: Keras progress bar]
2/2 [==============================] - ETA: 0s - loss: 0.7107 - accuracy: 0.5682
2/2 [==============================] - 2s 617ms/step - loss: 0.7107 - accuracy: 0.5682

1/1 [==============================] - ETA: 0s
1/1 [==============================] - 0s 330ms/step
[09:05:02]     EfficientNet       acc  50.00  bal-acc  50.00  f1  66.67   [70s]
================================
[⚠️] STIDNet 
================================
Model: "model_1"
_________________________________________________________________
 Layer (type)                Output Shape              Param #   
=================================================================
 input_3 (InputLayer)        [(None, 128, 128, 10)]    0         
                                                                 
 conv2d_2 (Conv2D)           (None, 126, 126, 16)      1456      
                                                                 
 max_pooling2d_2 (MaxPooling  (None, 63, 63, 16)       0         
 2D)                                                             
                                                                 
 conv2d_3 (Conv2D)           (None, 61, 61, 32)        4640      
                                                                 
 max_pooling2d_3 (MaxPooling  (None, 30, 30, 32)       0         
 2D)                                                             
                                                                 
 conv2d_4 (Conv2D)           (None, 28, 28, 64)        18496     
                                                                 
 max_pooling2d_4 (MaxPooling  (None, 14, 14, 64)       0         
 2D)                                                             
                                                                 
 flatten_1 (Flatten)         (None, 12544)             0         
                                                                 
 dense_3 (Dense)             (None, 256)               3211520   
                                                                 
 dropout_2 (Dropout)         (None, 256)               0         
                                                                 
 dense_4 (Dense)             (None, 256)               65792     
                                                                 
 dropout_3 (Dropout)         (None, 256)               0         
                                                                 
 dense_5 (Dense)             (None, 2)                 514       
                                                                 
=================================================================
Total params: 3,302,418
Trainable params: 3,302,418
Non-trainable params: 0
_________________________________________________________________
Model: "model_2"
_________________________________________________________________
 Layer (type)                Output Shape              Param #   
=================================================================
 input_4 (InputLayer)        [(None, 128, 128, 10)]    0         
                                                                 
 conv2d_5 (Conv2D)           (None, 126, 126, 64)      5824      
                                                                 
 max_pooling2d_5 (MaxPooling  (None, 63, 63, 64)       0         
 2D)                                                             
                                                                 
 conv2d_6 (Conv2D)           (None, 61, 61, 16)        9232      
                                                                 
 max_pooling2d_6 (MaxPooling  (None, 30, 30, 16)       0         
 2D)                                                             
                                                                 
 flatten_2 (Flatten)         (None, 14400)             0         
                                                                 
 dense_6 (Dense)             (None, 64)                921664    
                                                                 
 dropout_4 (Dropout)         (None, 64)                0         
                                                                 
 dense_7 (Dense)             (None, 2)                 130       
                                                                 
=================================================================
Total params: 936,850
Trainable params: 936,850
Non-trainable params: 0
_________________________________________________________________
Epoch 1/10

    ... [1 lines collapsed: Keras progress bar]
2/2 [==============================] - ETA: 0s - loss: 0.6251 - accuracy: 0.5909
2/2 [==============================] - 2s 142ms/step - loss: 0.6251 - accuracy: 0.5909
Epoch 2/10

    ... [1 lines collapsed: Keras progress bar]
2/2 [==============================] - ETA: 0s - loss: 1.9404 - accuracy: 0.5455
2/2 [==============================] - 0s 125ms/step - loss: 1.9404 - accuracy: 0.5455
Epoch 3/10

    ... [1 lines collapsed: Keras progress bar]
2/2 [==============================] - ETA: 0s - loss: 0.6355 - accuracy: 0.6591
2/2 [==============================] - 0s 125ms/step - loss: 0.6355 - accuracy: 0.6591
Epoch 4/10

    ... [1 lines collapsed: Keras progress bar]
2/2 [==============================] - ETA: 0s - loss: 0.8500 - accuracy: 0.5455
2/2 [==============================] - 0s 141ms/step - loss: 0.8500 - accuracy: 0.5455
Epoch 5/10

    ... [1 lines collapsed: Keras progress bar]
2/2 [==============================] - ETA: 0s - loss: 0.6777 - accuracy: 0.4773
2/2 [==============================] - 0s 125ms/step - loss: 0.6777 - accuracy: 0.4773
Epoch 6/10

    ... [1 lines collapsed: Keras progress bar]
2/2 [==============================] - ETA: 0s - loss: 0.7200 - accuracy: 0.5909
2/2 [==============================] - 0s 110ms/step - loss: 0.7200 - accuracy: 0.5909
Epoch 7/10

    ... [1 lines collapsed: Keras progress bar]
2/2 [==============================] - ETA: 0s - loss: 0.6737 - accuracy: 0.5909
2/2 [==============================] - 0s 122ms/step - loss: 0.6737 - accuracy: 0.5909
Epoch 8/10

    ... [1 lines collapsed: Keras progress bar]
2/2 [==============================] - ETA: 0s - loss: 0.6778 - accuracy: 0.5682
2/2 [==============================] - 0s 127ms/step - loss: 0.6778 - accuracy: 0.5682
Epoch 9/10

    ... [1 lines collapsed: Keras progress bar]
2/2 [==============================] - ETA: 0s - loss: 0.6835 - accuracy: 0.5000
2/2 [==============================] - 0s 125ms/step - loss: 0.6835 - accuracy: 0.5000
Epoch 10/10

    ... [1 lines collapsed: Keras progress bar]
2/2 [==============================] - ETA: 0s - loss: 0.6520 - accuracy: 0.6591
2/2 [==============================] - 0s 125ms/step - loss: 0.6520 - accuracy: 0.6591
Epoch 1/10

    ... [1 lines collapsed: Keras progress bar]
2/2 [==============================] - ETA: 0s - loss: 0.7662 - accuracy: 0.4545
2/2 [==============================] - 2s 228ms/step - loss: 0.7662 - accuracy: 0.4545
Epoch 2/10

    ... [1 lines collapsed: Keras progress bar]
2/2 [==============================] - ETA: 0s - loss: 0.6586 - accuracy: 0.5909
2/2 [==============================] - 1s 212ms/step - loss: 0.6586 - accuracy: 0.5909
Epoch 3/10

    ... [1 lines collapsed: Keras progress bar]
2/2 [==============================] - ETA: 0s - loss: 0.7029 - accuracy: 0.5909
2/2 [==============================] - 1s 214ms/step - loss: 0.7029 - accuracy: 0.5909
Epoch 4/10

    ... [1 lines collapsed: Keras progress bar]
2/2 [==============================] - ETA: 0s - loss: 0.6169 - accuracy: 0.7045
2/2 [==============================] - 1s 217ms/step - loss: 0.6169 - accuracy: 0.7045
Epoch 5/10

    ... [1 lines collapsed: Keras progress bar]
2/2 [==============================] - ETA: 0s - loss: 0.6400 - accuracy: 0.5909
2/2 [==============================] - 1s 217ms/step - loss: 0.6400 - accuracy: 0.5909
Epoch 6/10

    ... [1 lines collapsed: Keras progress bar]
2/2 [==============================] - ETA: 0s - loss: 0.5457 - accuracy: 0.7273
2/2 [==============================] - 1s 213ms/step - loss: 0.5457 - accuracy: 0.7273
Epoch 7/10

    ... [1 lines collapsed: Keras progress bar]
2/2 [==============================] - ETA: 0s - loss: 0.4955 - accuracy: 0.7500
2/2 [==============================] - 1s 224ms/step - loss: 0.4955 - accuracy: 0.7500
Epoch 8/10

    ... [1 lines collapsed: Keras progress bar]
2/2 [==============================] - ETA: 0s - loss: 0.4879 - accuracy: 0.7955
2/2 [==============================] - 1s 256ms/step - loss: 0.4879 - accuracy: 0.7955
Epoch 9/10

    ... [1 lines collapsed: Keras progress bar]
2/2 [==============================] - ETA: 0s - loss: 0.5183 - accuracy: 0.6818
2/2 [==============================] - 1s 251ms/step - loss: 0.5183 - accuracy: 0.6818
Epoch 10/10

    ... [1 lines collapsed: Keras progress bar]
2/2 [==============================] - ETA: 0s - loss: 0.4060 - accuracy: 0.8864
2/2 [==============================] - 1s 214ms/step - loss: 0.4060 - accuracy: 0.8864
Epoch 1/10

    ... [1 lines collapsed: Keras progress bar]
2/2 [==============================] - ETA: 0s - accuracy: 0.8718 - loss: 0.0468 - student_loss: 0.3779 - distillation_loss: 0.0100
2/2 [==============================] - 3s 659ms/step - accuracy: 0.8718 - loss: 0.0474 - student_loss: 0.3781 - distillation_loss: 0.0107 - val_accuracy: 0.4000 - val_student_loss: 1.0725
Epoch 2/10

    ... [1 lines collapsed: Keras progress bar]
2/2 [==============================] - ETA: 0s - accuracy: 0.4615 - loss: 0.1043 - student_loss: 0.8437 - distillation_loss: 0.0221
2/2 [==============================] - 1s 284ms/step - accuracy: 0.4615 - loss: 0.0912 - student_loss: 0.7312 - distillation_loss: 0.0201 - val_accuracy: 1.0000 - val_student_loss: 0.4958
Epoch 3/10

    ... [1 lines collapsed: Keras progress bar]
2/2 [==============================] - ETA: 0s - accuracy: 0.9231 - loss: 0.0496 - student_loss: 0.4745 - distillation_loss: 0.0023
2/2 [==============================] - 1s 254ms/step - accuracy: 0.9231 - loss: 0.0509 - student_loss: 0.4916 - distillation_loss: 0.0019 - val_accuracy: 0.8000 - val_student_loss: 0.5319
Epoch 4/10

    ... [1 lines collapsed: Keras progress bar]
2/2 [==============================] - ETA: 0s - accuracy: 0.7436 - loss: 0.0546 - student_loss: 0.5161 - distillation_loss: 0.0033
2/2 [==============================] - 1s 231ms/step - accuracy: 0.7436 - loss: 0.0555 - student_loss: 0.5279 - distillation_loss: 0.0030 - val_accuracy: 0.8000 - val_student_loss: 0.5264
Epoch 5/10

    ... [1 lines collapsed: Keras progress bar]
2/2 [==============================] - ETA: 0s - accuracy: 0.7692 - loss: 0.0508 - student_loss: 0.4769 - distillation_loss: 0.0034
2/2 [==============================] - 1s 264ms/step - accuracy: 0.7692 - loss: 0.0517 - student_loss: 0.4866 - distillation_loss: 0.0034 - val_accuracy: 0.8000 - val_student_loss: 0.4905
Epoch 6/10

    ... [1 lines collapsed: Keras progress bar]
2/2 [==============================] - ETA: 0s - accuracy: 0.7949 - loss: 0.0427 - student_loss: 0.3973 - distillation_loss: 0.0032
2/2 [==============================] - 1s 225ms/step - accuracy: 0.7949 - loss: 0.0415 - student_loss: 0.3864 - distillation_loss: 0.0032 - val_accuracy: 0.6000 - val_student_loss: 0.4937
Epoch 7/10

    ... [1 lines collapsed: Keras progress bar]
2/2 [==============================] - ETA: 0s - accuracy: 0.7949 - loss: 0.0490 - student_loss: 0.4498 - distillation_loss: 0.0045
2/2 [==============================] - 1s 222ms/step - accuracy: 0.7949 - loss: 0.0511 - student_loss: 0.4722 - distillation_loss: 0.0043 - val_accuracy: 0.8000 - val_student_loss: 0.4090
Epoch 8/10

    ... [1 lines collapsed: Keras progress bar]
2/2 [==============================] - ETA: 0s - accuracy: 0.7949 - loss: 0.0479 - student_loss: 0.4487 - distillation_loss: 0.0033
2/2 [==============================] - 1s 240ms/step - accuracy: 0.7949 - loss: 0.0484 - student_loss: 0.4525 - distillation_loss: 0.0035 - val_accuracy: 0.8000 - val_student_loss: 0.3759
Epoch 9/10

    ... [1 lines collapsed: Keras progress bar]
2/2 [==============================] - ETA: 0s - accuracy: 0.9231 - loss: 0.0322 - student_loss: 0.2923 - distillation_loss: 0.0033
2/2 [==============================] - 1s 244ms/step - accuracy: 0.9231 - loss: 0.0303 - student_loss: 0.2753 - distillation_loss: 0.0031 - val_accuracy: 0.8000 - val_student_loss: 0.3705
Epoch 10/10

    ... [1 lines collapsed: Keras progress bar]
2/2 [==============================] - ETA: 0s - accuracy: 0.8718 - loss: 0.0361 - student_loss: 0.3373 - distillation_loss: 0.0026
2/2 [==============================] - 1s 261ms/step - accuracy: 0.8718 - loss: 0.0371 - student_loss: 0.3550 - distillation_loss: 0.0018 - val_accuracy: 0.8000 - val_student_loss: 0.3808

1/1 [==============================] - ETA: 0s
1/1 [==============================] - 0s 406ms/step
[09:05:29]     STIDNet            acc 100.00  bal-acc 100.00  f1 100.00   [27s]
================================
[⚠️] CNN 
================================
Model: "model_3"
_________________________________________________________________
 Layer (type)                Output Shape              Param #   
=================================================================
 input_5 (InputLayer)        [(None, 128, 128, 10)]    0         
                                                                 
 conv2d_7 (Conv2D)           (None, 128, 128, 16)      1456      
                                                                 
 activation_2 (Activation)   (None, 128, 128, 16)      0         
                                                                 
 max_pooling2d_7 (MaxPooling  (None, 128, 128, 16)     0         
 2D)                                                             
                                                                 
 conv2d_8 (Conv2D)           (None, 128, 128, 32)      4640      
                                                                 
 activation_3 (Activation)   (None, 128, 128, 32)      0         
                                                                 
 max_pooling2d_8 (MaxPooling  (None, 128, 128, 32)     0         
 2D)                                                             
                                                                 
 conv2d_9 (Conv2D)           (None, 128, 128, 64)      18496     
                                                                 
 activation_4 (Activation)   (None, 128, 128, 64)      0         
                                                                 
 batch_normalization (BatchN  (None, 128, 128, 64)     256       
 ormalization)                                                   
                                                                 
 max_pooling2d_9 (MaxPooling  (None, 128, 128, 64)     0         
 2D)                                                             
                                                                 
 dropout_5 (Dropout)         (None, 128, 128, 64)      0         
                                                                 
 flatten_3 (Flatten)         (None, 1048576)           0         
                                                                 
 dense_8 (Dense)             (None, 100)               104857700 
                                                                 
 activation_5 (Activation)   (None, 100)               0         
                                                                 
 batch_normalization_1 (Batc  (None, 100)              400       
 hNormalization)                                                 
                                                                 
 dropout_6 (Dropout)         (None, 100)               0         
                                                                 
 dense2c (Dense)             (None, 64)                6464      
                                                                 
 activation_6 (Activation)   (None, 64)                0         
                                                                 
 batch_normalization_2 (Batc  (None, 64)               256       
 hNormalization)                                                 
                                                                 
 dropout_7 (Dropout)         (None, 64)                0         
                                                                 
 dense_9 (Dense)             (None, 2)                 130       
                                                                 
=================================================================
Total params: 104,889,798
Trainable params: 104,889,342
Non-trainable params: 456
_________________________________________________________________
Epoch 1/10

    ... [1 lines collapsed: Keras progress bar]
2/2 [==============================] - ETA: 0s - loss: 1.2246 - accuracy: 0.5455
2/2 [==============================] - 7s 1s/step - loss: 1.2246 - accuracy: 0.5455
Epoch 2/10

    ... [1 lines collapsed: Keras progress bar]
2/2 [==============================] - ETA: 0s - loss: 0.9800 - accuracy: 0.6136
2/2 [==============================] - 4s 1s/step - loss: 0.9800 - accuracy: 0.6136
Epoch 3/10

    ... [1 lines collapsed: Keras progress bar]
2/2 [==============================] - ETA: 0s - loss: 0.7365 - accuracy: 0.6364
2/2 [==============================] - 4s 1s/step - loss: 0.7365 - accuracy: 0.6364
Epoch 4/10

    ... [1 lines collapsed: Keras progress bar]
2/2 [==============================] - ETA: 0s - loss: 0.6721 - accuracy: 0.6818
2/2 [==============================] - 4s 1s/step - loss: 0.6721 - accuracy: 0.6818
Epoch 5/10

    ... [1 lines collapsed: Keras progress bar]
2/2 [==============================] - ETA: 0s - loss: 1.0657 - accuracy: 0.5909
2/2 [==============================] - 4s 1s/step - loss: 1.0657 - accuracy: 0.5909
Epoch 6/10

    ... [1 lines collapsed: Keras progress bar]
2/2 [==============================] - ETA: 0s - loss: 0.6493 - accuracy: 0.6591
2/2 [==============================] - 4s 1s/step - loss: 0.6493 - accuracy: 0.6591
Epoch 7/10

    ... [1 lines collapsed: Keras progress bar]
2/2 [==============================] - ETA: 0s - loss: 0.7907 - accuracy: 0.6818
2/2 [==============================] - 4s 1s/step - loss: 0.7907 - accuracy: 0.6818
Epoch 8/10

    ... [1 lines collapsed: Keras progress bar]
2/2 [==============================] - ETA: 0s - loss: 0.7609 - accuracy: 0.6591
2/2 [==============================] - 4s 1s/step - loss: 0.7609 - accuracy: 0.6591
Epoch 9/10

    ... [1 lines collapsed: Keras progress bar]
2/2 [==============================] - ETA: 0s - loss: 0.9405 - accuracy: 0.6818
2/2 [==============================] - 4s 1s/step - loss: 0.9405 - accuracy: 0.6818
Epoch 10/10

    ... [1 lines collapsed: Keras progress bar]
2/2 [==============================] - ETA: 0s - loss: 0.8181 - accuracy: 0.5682
2/2 [==============================] - 4s 1s/step - loss: 0.8181 - accuracy: 0.5682

1/1 [==============================] - ETA: 0s
1/1 [==============================] - 0s 380ms/step
[09:06:14]     DCNN               acc  50.00  bal-acc  50.00  f1  66.67   [45s]
================================
[⚠️] GLCM 
================================
Model: "model_4"
_________________________________________________________________
 Layer (type)                Output Shape              Param #   
=================================================================
 input_6 (InputLayer)        [(None, 10, 12)]          0         
                                                                 
 conv1d (Conv1D)             (None, 10, 32)            1184      
                                                                 
 activation_7 (Activation)   (None, 10, 32)            0         
                                                                 
 dropout_8 (Dropout)         (None, 10, 32)            0         
                                                                 
 max_pooling1d (MaxPooling1D  (None, 5, 32)            0         
 )                                                               
                                                                 
 conv1d_1 (Conv1D)           (None, 5, 64)             6208      
                                                                 
 activation_8 (Activation)   (None, 5, 64)             0         
                                                                 
 max_pooling1d_1 (MaxPooling  (None, 3, 64)            0         
 1D)                                                             
                                                                 
 flatten_4 (Flatten)         (None, 192)               0         
                                                                 
 dense_10 (Dense)            (None, 32)                6176      
                                                                 
 activation_9 (Activation)   (None, 32)                0         
                                                                 
 dense_11 (Dense)            (None, 2)                 66        
                                                                 
 activation_10 (Activation)  (None, 2)                 0         
                                                                 
=================================================================
Total params: 13,634
Trainable params: 13,634
Non-trainable params: 0
_________________________________________________________________
Epoch 1/10

    ... [1 lines collapsed: Keras progress bar]
2/2 [==============================] - 1s 6ms/step - loss: 166.5121 - accuracy: 0.4773
Epoch 2/10

    ... [1 lines collapsed: Keras progress bar]
2/2 [==============================] - 0s 5ms/step - loss: 124.8999 - accuracy: 0.4091
Epoch 3/10

    ... [1 lines collapsed: Keras progress bar]
2/2 [==============================] - 0s 4ms/step - loss: 72.7987 - accuracy: 0.5682
Epoch 4/10

    ... [1 lines collapsed: Keras progress bar]
2/2 [==============================] - 0s 5ms/step - loss: 100.0108 - accuracy: 0.5909
Epoch 5/10

    ... [1 lines collapsed: Keras progress bar]
2/2 [==============================] - 0s 5ms/step - loss: 94.1548 - accuracy: 0.3636
Epoch 6/10

    ... [1 lines collapsed: Keras progress bar]
2/2 [==============================] - 0s 4ms/step - loss: 50.3314 - accuracy: 0.5455
Epoch 7/10

    ... [1 lines collapsed: Keras progress bar]
2/2 [==============================] - 0s 6ms/step - loss: 61.9552 - accuracy: 0.4773
Epoch 8/10

    ... [1 lines collapsed: Keras progress bar]
2/2 [==============================] - 0s 5ms/step - loss: 84.1293 - accuracy: 0.3864
Epoch 9/10

    ... [1 lines collapsed: Keras progress bar]
2/2 [==============================] - 0s 6ms/step - loss: 61.1985 - accuracy: 0.4318
Epoch 10/10

    ... [1 lines collapsed: Keras progress bar]
2/2 [==============================] - 0s 0s/step - loss: 67.4669 - accuracy: 0.5682

1/1 [==============================] - ETA: 0s
1/1 [==============================] - 0s 221ms/step
[09:06:17]     GLCM               acc  83.33  bal-acc  83.33  f1  85.71   [3s]
================================
[⚠️] 3DCNN Based Distributed LSTM with Modified Pooling 
================================
linspaced [0.09090909 0.18181818 0.27272727 0.36363636 0.45454545 0.54545455
 0.63636364 0.72727273 0.81818182 0.90909091 1.        ]
channel is 128
channel is 128
channel is 128
channel is 128
channel is 128
channel is 128
channel is 128
channel is 128
channel is 128
channel is 128
channel is 128
(None, 1, 128)
Model: "model_5"
__________________________________________________________________________________________________
 Layer (type)                   Output Shape         Param #     Connected to                     
==================================================================================================
 input_7 (InputLayer)           [(None, 10, 128, 12  0           []                               
                                8, 12)]                                                           
                                                                                                  
 conv3d (Conv3D)                (None, 10, 128, 128  5200        ['input_7[0][0]']                
                                , 16)                                                             
                                                                                                  
 activation_11 (Activation)     (None, 10, 128, 128  0           ['conv3d[0][0]']                 
                                , 16)                                                             
                                                                                                  
 max_pooling3d (MaxPooling3D)   (None, 10, 128, 128  0           ['activation_11[0][0]']          
                                , 16)                                                             
                                                                                                  
 average_pooling3d (AveragePool  (None, 10, 128, 128  0          ['activation_11[0][0]']          
 ing3D)                         , 16)                                                             
                                                                                                  
 lambda (Lambda)                (None, 10, 128, 128  0           ['max_pooling3d[0][0]',          
                                , 16)                             'average_pooling3d[0][0]']      
                                                                                                  
 conv3d_1 (Conv3D)              (None, 8, 126, 126,  13856       ['lambda[0][0]']                 
                                 32)                                                              
                                                                                                  
 activation_12 (Activation)     (None, 8, 126, 126,  0           ['conv3d_1[0][0]']               
                                 32)                                                              
                                                                                                  
 max_pooling3d_1 (MaxPooling3D)  (None, 4, 63, 63, 3  0          ['activation_12[0][0]']          
                                2)                                                                
                                                                                                  
 average_pooling3d_1 (AveragePo  (None, 4, 63, 63, 3  0          ['activation_12[0][0]']          
 oling3D)                       2)                                                                
                                                                                                  
 lambda_1 (Lambda)              (None, 4, 63, 63, 3  0           ['max_pooling3d_1[0][0]',        
                                2)                                'average_pooling3d_1[0][0]']    
                                                                                                  
 conv3d_2 (Conv3D)              (None, 2, 61, 61, 6  55360       ['lambda_1[0][0]']               
                                4)                                                                
                                                                                                  
 activation_13 (Activation)     (None, 2, 61, 61, 6  0           ['conv3d_2[0][0]']               
                                4)                                                                
                                                                                                  
 batch_normalization_3 (BatchNo  (None, 2, 61, 61, 6  256        ['activation_13[0][0]']          
 rmalization)                   4)                                                                
                                                                                                  
 max_pooling3d_2 (MaxPooling3D)  (None, 1, 31, 31, 6  0          ['batch_normalization_3[0][0]']  
                                4)                                                                
                                                                                                  
 average_pooling3d_2 (AveragePo  (None, 1, 31, 31, 6  0          ['batch_normalization_3[0][0]']  
 oling3D)                       4)                                                                
                                                                                                  
 lambda_2 (Lambda)              (None, 1, 31, 31, 6  0           ['max_pooling3d_2[0][0]',        
                                4)                                'average_pooling3d_2[0][0]']    
                                                                                                  
 dropout_9 (Dropout)            (None, 1, 31, 31, 6  0           ['lambda_2[0][0]']               
                                4)                                                                
                                                                                                  
 reshape (Reshape)              (None, 31, 31, 64)   0           ['dropout_9[0][0]']              
                                                                                                  
 reshape_1 (Reshape)            (None, 31, 1984)     0           ['reshape[0][0]']                
                                                                                                  
 lstm (LSTM)                    (None, 128)          1081856     ['reshape_1[0][0]']              
                                                                                                  
 lstm_1 (LSTM)                  (None, 128)          1081856     ['reshape_1[0][0]']              
                                                                                                  
 add (Add)                      (None, 128)          0           ['lstm[0][0]',                   
                                                                  'lstm_1[0][0]']                 
                                                                                                  
 reshape_2 (Reshape)            (None, 1, 128)       0           ['add[0][0]']                    
                                                                                                  
 reshape_3 (Reshape)            (None, 1, 128)       0           ['add[0][0]']                    
                                                                                                  
 reshape_4 (Reshape)            (None, 1, 128)       0           ['add[0][0]']                    
                                                                                                  
 reshape_5 (Reshape)            (None, 1, 128)       0           ['add[0][0]']                    
                                                                                                  
 reshape_6 (Reshape)            (None, 1, 128)       0           ['add[0][0]']                    
                                                                                                  
 reshape_7 (Reshape)            (None, 1, 128)       0           ['add[0][0]']                    
                                                                                                  
 reshape_8 (Reshape)            (None, 1, 128)       0           ['add[0][0]']                    
                                                                                                  
 reshape_9 (Reshape)            (None, 1, 128)       0           ['add[0][0]']                    
                                                                                                  
 reshape_10 (Reshape)           (None, 1, 128)       0           ['add[0][0]']                    
                                                                                                  
 reshape_11 (Reshape)           (None, 1, 128)       0           ['add[0][0]']                    
                                                                                                  
 reshape_12 (Reshape)           (None, 1, 128)       0           ['add[0][0]']                    
                                                                                                  
 dense_12 (Dense)               (None, 1, 11)        1419        ['reshape_2[0][0]']              
                                                                                                  
 dense_13 (Dense)               (None, 1, 23)        2967        ['reshape_3[0][0]']              
                                                                                                  
 dense_14 (Dense)               (None, 1, 34)        4386        ['reshape_4[0][0]']              
                                                                                                  
 dense_15 (Dense)               (None, 1, 46)        5934        ['reshape_5[0][0]']              
                                                                                                  
 dense_16 (Dense)               (None, 1, 58)        7482        ['reshape_6[0][0]']              
                                                                                                  
 dense_17 (Dense)               (None, 1, 69)        8901        ['reshape_7[0][0]']              
                                                                                                  
 dense_18 (Dense)               (None, 1, 81)        10449       ['reshape_8[0][0]']              
                                                                                                  
 dense_19 (Dense)               (None, 1, 93)        11997       ['reshape_9[0][0]']              
                                                                                                  
 dense_20 (Dense)               (None, 1, 104)       13416       ['reshape_10[0][0]']             
                                                                                                  
 dense_21 (Dense)               (None, 1, 116)       14964       ['reshape_11[0][0]']             
                                                                                                  
 dense_22 (Dense)               (None, 1, 128)       16512       ['reshape_12[0][0]']             
                                                                                                  
 activation_14 (Activation)     (None, 1, 11)        0           ['dense_12[0][0]']               
                                                                                                  
 activation_15 (Activation)     (None, 1, 23)        0           ['dense_13[0][0]']               
                                                                                                  
 activation_16 (Activation)     (None, 1, 34)        0           ['dense_14[0][0]']               
                                                                                                  
 activation_17 (Activation)     (None, 1, 46)        0           ['dense_15[0][0]']               
                                                                                                  
 activation_18 (Activation)     (None, 1, 58)        0           ['dense_16[0][0]']               
                                                                                                  
 activation_19 (Activation)     (None, 1, 69)        0           ['dense_17[0][0]']               
                                                                                                  
 activation_20 (Activation)     (None, 1, 81)        0           ['dense_18[0][0]']               
                                                                                                  
 activation_21 (Activation)     (None, 1, 93)        0           ['dense_19[0][0]']               
                                                                                                  
 activation_22 (Activation)     (None, 1, 104)       0           ['dense_20[0][0]']               
                                                                                                  
 activation_23 (Activation)     (None, 1, 116)       0           ['dense_21[0][0]']               
                                                                                                  
 activation_24 (Activation)     (None, 1, 128)       0           ['dense_22[0][0]']               
                                                                                                  
 excitation_0.091 (Dense)       (None, 1, 128)       1536        ['activation_14[0][0]']          
                                                                                                  
 excitation_0.182 (Dense)       (None, 1, 128)       3072        ['activation_15[0][0]']          
                                                                                                  
 excitation_0.273 (Dense)       (None, 1, 128)       4480        ['activation_16[0][0]']          
                                                                                                  
 excitation_0.364 (Dense)       (None, 1, 128)       6016        ['activation_17[0][0]']          
                                                                                                  
 excitation_0.455 (Dense)       (None, 1, 128)       7552        ['activation_18[0][0]']          
                                                                                                  
 excitation_0.545 (Dense)       (None, 1, 128)       8960        ['activation_19[0][0]']          
                                                                                                  
 excitation_0.636 (Dense)       (None, 1, 128)       10496       ['activation_20[0][0]']          
                                                                                                  
 excitation_0.727 (Dense)       (None, 1, 128)       12032       ['activation_21[0][0]']          
                                                                                                  
 excitation_0.818 (Dense)       (None, 1, 128)       13440       ['activation_22[0][0]']          
                                                                                                  
 excitation_0.909 (Dense)       (None, 1, 128)       14976       ['activation_23[0][0]']          
                                                                                                  
 excitation_1 (Dense)           (None, 1, 128)       16512       ['activation_24[0][0]']          
                                                                                                  
 average (Average)              (None, 1, 128)       0           ['excitation_0.091[0][0]',       
                                                                  'excitation_0.182[0][0]',       
                                                                  'excitation_0.273[0][0]',       
                                                                  'excitation_0.364[0][0]',       
                                                                  'excitation_0.455[0][0]',       
                                                                  'excitation_0.545[0][0]',       
                                                                  'excitation_0.636[0][0]',       
                                                                  'excitation_0.727[0][0]',       
                                                                  'excitation_0.818[0][0]',       
                                                                  'excitation_0.909[0][0]',       
                                                                  'excitation_1[0][0]']           
                                                                                                  
 normalized_attention (LayerNor  (None, 1, 128)      256         ['average[0][0]']                
 malization)                                                                                      
                                                                                                  
 hadamard (Multiply)            (None, 1, 128)       0           ['add[0][0]',                    
                                                                  'normalized_attention[0][0]']   
                                                                                                  
 normalized_attention2 (LayerNo  (None, 1, 128)      256         ['hadamard[0][0]']               
 rmalization)                                                                                     
                                                                                                  
 trainableatt (TrainableAttenti  (None, 1, 128)      16384       ['normalized_attention2[0][0]']  
 on)                                                                                              
                                                                                                  
 dense_23 (Dense)               (None, 1, 128)       16384       ['trainableatt[0][0]']           
                                                                                                  
 dense_24 (Dense)               (None, 1, 128)       16384       ['dense_23[0][0]']               
                                                                                                  
 flatten_5 (Flatten)            (None, 128)          0           ['dense_24[0][0]']               
                                                                                                  
 dense_25 (Dense)               (None, 100)          12900       ['flatten_5[0][0]']              
                                                                                                  
 activation_25 (Activation)     (None, 100)          0           ['dense_25[0][0]']               
                                                                                                  
 batch_normalization_4 (BatchNo  (None, 100)         400         ['activation_25[0][0]']          
 rmalization)                                                                                     
                                                                                                  
 dropout_10 (Dropout)           (None, 100)          0           ['batch_normalization_4[0][0]']  
                                                                                                  
 dense2c (Dense)                (None, 64)           6464        ['dropout_10[0][0]']             
                                                                                                  
 activation_26 (Activation)     (None, 64)           0           ['dense2c[0][0]']                
                                                                                                  
 batch_normalization_5 (BatchNo  (None, 64)          256         ['activation_26[0][0]']          
 rmalization)                                                                                     
                                                                                                  
 dropout_11 (Dropout)           (None, 64)           0           ['batch_normalization_5[0][0]']  
                                                                                                  
 dense_26 (Dense)               (None, 2)            130         ['dropout_11[0][0]']             
                                                                                                  
==================================================================================================
Total params: 2,505,697
Trainable params: 2,505,241
Non-trainable params: 456
__________________________________________________________________________________________________
Epoch 1/10

    ... [1 lines collapsed: Keras progress bar]
2/2 [==============================] - ETA: 0s - loss: 0.7524 - accuracy: 0.4545 
2/2 [==============================] - 66s 14s/step - loss: 0.7524 - accuracy: 0.4545
Epoch 2/10

    ... [1 lines collapsed: Keras progress bar]
2/2 [==============================] - ETA: 0s - loss: 1.2602 - accuracy: 0.4545 
2/2 [==============================] - 46s 14s/step - loss: 1.2602 - accuracy: 0.4545
Epoch 3/10

    ... [1 lines collapsed: Keras progress bar]
2/2 [==============================] - ETA: 0s - loss: 1.1223 - accuracy: 0.5227 
2/2 [==============================] - 45s 14s/step - loss: 1.1223 - accuracy: 0.5227
Epoch 4/10

    ... [1 lines collapsed: Keras progress bar]
2/2 [==============================] - ETA: 0s - loss: 0.7607 - accuracy: 0.6364 
2/2 [==============================] - 46s 13s/step - loss: 0.7607 - accuracy: 0.6364
Epoch 5/10

    ... [1 lines collapsed: Keras progress bar]
2/2 [==============================] - ETA: 0s - loss: 0.6830 - accuracy: 0.6364 
2/2 [==============================] - 47s 14s/step - loss: 0.6830 - accuracy: 0.6364
Epoch 6/10

    ... [1 lines collapsed: Keras progress bar]
2/2 [==============================] - ETA: 0s - loss: 0.7187 - accuracy: 0.7500 
2/2 [==============================] - 46s 14s/step - loss: 0.7187 - accuracy: 0.7500
Epoch 7/10

    ... [1 lines collapsed: Keras progress bar]
2/2 [==============================] - ETA: 0s - loss: 0.8681 - accuracy: 0.6818 
2/2 [==============================] - 46s 14s/step - loss: 0.8681 - accuracy: 0.6818
Epoch 8/10

    ... [1 lines collapsed: Keras progress bar]
2/2 [==============================] - ETA: 0s - loss: 0.7366 - accuracy: 0.7045 
2/2 [==============================] - 47s 14s/step - loss: 0.7366 - accuracy: 0.7045
Epoch 9/10

    ... [1 lines collapsed: Keras progress bar]
2/2 [==============================] - ETA: 0s - loss: 0.5464 - accuracy: 0.7727 
2/2 [==============================] - 45s 13s/step - loss: 0.5464 - accuracy: 0.7727
Epoch 10/10

    ... [1 lines collapsed: Keras progress bar]
2/2 [==============================] - ETA: 0s - loss: 0.5721 - accuracy: 0.7955 
2/2 [==============================] - 45s 14s/step - loss: 0.5721 - accuracy: 0.7955

1/1 [==============================] - ETA: 0s
1/1 [==============================] - 4s 4s/step
[09:14:24]     MUSE-CLMPNet       acc  50.00  bal-acc  50.00  f1  66.67   [487s]
================================
[⚠️] 3DCNN Based Distributed LSTM with Modified Pooling 
================================
Model: "model_6"
__________________________________________________________________________________________________
 Layer (type)                   Output Shape         Param #     Connected to                     
==================================================================================================
 input_8 (InputLayer)           [(None, 10, 128, 12  0           []                               
                                8, 12)]                                                           
                                                                                                  
 conv3d_3 (Conv3D)              (None, 10, 128, 128  5200        ['input_8[0][0]']                
                                , 16)                                                             
                                                                                                  
 activation_27 (Activation)     (None, 10, 128, 128  0           ['conv3d_3[0][0]']               
                                , 16)                                                             
                                                                                                  
 max_pooling3d_3 (MaxPooling3D)  (None, 10, 128, 128  0          ['activation_27[0][0]']          
                                , 16)                                                             
                                                                                                  
 average_pooling3d_3 (AveragePo  (None, 10, 128, 128  0          ['activation_27[0][0]']          
 oling3D)                       , 16)                                                             
                                                                                                  
 lambda_3 (Lambda)              (None, 10, 128, 128  0           ['max_pooling3d_3[0][0]',        
                                , 16)                             'average_pooling3d_3[0][0]']    
                                                                                                  
 conv3d_4 (Conv3D)              (None, 8, 126, 126,  13856       ['lambda_3[0][0]']               
                                 32)                                                              
                                                                                                  
 activation_28 (Activation)     (None, 8, 126, 126,  0           ['conv3d_4[0][0]']               
                                 32)                                                              
                                                                                                  
 max_pooling3d_4 (MaxPooling3D)  (None, 4, 63, 63, 3  0          ['activation_28[0][0]']          
                                2)                                                                
                                                                                                  
 average_pooling3d_4 (AveragePo  (None, 4, 63, 63, 3  0          ['activation_28[0][0]']          
 oling3D)                       2)                                                                
                                                                                                  
 lambda_4 (Lambda)              (None, 4, 63, 63, 3  0           ['max_pooling3d_4[0][0]',        
                                2)                                'average_pooling3d_4[0][0]']    
                                                                                                  
 conv3d_5 (Conv3D)              (None, 2, 61, 61, 6  55360       ['lambda_4[0][0]']               
                                4)                                                                
                                                                                                  
 activation_29 (Activation)     (None, 2, 61, 61, 6  0           ['conv3d_5[0][0]']               
                                4)                                                                
                                                                                                  
 batch_normalization_6 (BatchNo  (None, 2, 61, 61, 6  256        ['activation_29[0][0]']          
 rmalization)                   4)                                                                
                                                                                                  
 max_pooling3d_5 (MaxPooling3D)  (None, 1, 31, 31, 6  0          ['batch_normalization_6[0][0]']  
                                4)                                                                
                                                                                                  
 average_pooling3d_5 (AveragePo  (None, 1, 31, 31, 6  0          ['batch_normalization_6[0][0]']  
 oling3D)                       4)                                                                
                                                                                                  
 lambda_5 (Lambda)              (None, 1, 31, 31, 6  0           ['max_pooling3d_5[0][0]',        
                                4)                                'average_pooling3d_5[0][0]']    
                                                                                                  
 dropout_12 (Dropout)           (None, 1, 31, 31, 6  0           ['lambda_5[0][0]']               
                                4)                                                                
                                                                                                  
 reshape_13 (Reshape)           (None, 31, 31, 64)   0           ['dropout_12[0][0]']             
                                                                                                  
 spatial_and_channel_joint_atte  (None, 31, 31, 64)  0           ['reshape_13[0][0]']             
 ntion (SpatialAndChannelJointA                                                                   
 ttention)                                                                                        
                                                                                                  
 reshape_14 (Reshape)           (None, 31, 1984)     0           ['spatial_and_channel_joint_atten
                                                                 tion[0][0]']                     
                                                                                                  
 lstm_2 (LSTM)                  (None, 128)          1081856     ['reshape_14[0][0]']             
                                                                                                  
 lstm_3 (LSTM)                  (None, 128)          1081856     ['reshape_14[0][0]']             
                                                                                                  
 add_1 (Add)                    (None, 128)          0           ['lstm_2[0][0]',                 
                                                                  'lstm_3[0][0]']                 
                                                                                                  
 flatten_6 (Flatten)            (None, 128)          0           ['add_1[0][0]']                  
                                                                                                  
 dense_27 (Dense)               (None, 100)          12900       ['flatten_6[0][0]']              
                                                                                                  
 activation_30 (Activation)     (None, 100)          0           ['dense_27[0][0]']               
                                                                                                  
 batch_normalization_7 (BatchNo  (None, 100)         400         ['activation_30[0][0]']          
 rmalization)                                                                                     
                                                                                                  
 dropout_13 (Dropout)           (None, 100)          0           ['batch_normalization_7[0][0]']  
                                                                                                  
 dense2c (Dense)                (None, 64)           6464        ['dropout_13[0][0]']             
                                                                                                  
 activation_31 (Activation)     (None, 64)           0           ['dense2c[0][0]']                
                                                                                                  
 batch_normalization_8 (BatchNo  (None, 64)          256         ['activation_31[0][0]']          
 rmalization)                                                                                     
                                                                                                  
 dropout_14 (Dropout)           (None, 64)           0           ['batch_normalization_8[0][0]']  
                                                                                                  
 dense_28 (Dense)               (None, 2)            130         ['dropout_14[0][0]']             
                                                                                                  
==================================================================================================
Total params: 2,258,534
Trainable params: 2,258,078
Non-trainable params: 456
__________________________________________________________________________________________________
Epoch 1/10

    ... [1 lines collapsed: Keras progress bar]
2/2 [==============================] - ETA: 0s - loss: 1.3383 - accuracy: 0.5909 
2/2 [==============================] - 55s 14s/step - loss: 1.3383 - accuracy: 0.5909
Epoch 2/10

    ... [1 lines collapsed: Keras progress bar]
2/2 [==============================] - ETA: 0s - loss: 1.4379 - accuracy: 0.4318 
2/2 [==============================] - 47s 14s/step - loss: 1.4379 - accuracy: 0.4318
Epoch 3/10

    ... [1 lines collapsed: Keras progress bar]
2/2 [==============================] - ETA: 0s - loss: 1.0670 - accuracy: 0.5455 
2/2 [==============================] - 42s 12s/step - loss: 1.0670 - accuracy: 0.5455
Epoch 4/10

    ... [1 lines collapsed: Keras progress bar]
2/2 [==============================] - ETA: 0s - loss: 1.0820 - accuracy: 0.5455 
2/2 [==============================] - 43s 14s/step - loss: 1.0820 - accuracy: 0.5455
Epoch 5/10

    ... [1 lines collapsed: Keras progress bar]
2/2 [==============================] - ETA: 0s - loss: 0.8578 - accuracy: 0.5682 
2/2 [==============================] - 50s 14s/step - loss: 0.8578 - accuracy: 0.5682
Epoch 6/10

    ... [1 lines collapsed: Keras progress bar]
2/2 [==============================] - ETA: 0s - loss: 0.4754 - accuracy: 0.7727 
2/2 [==============================] - 47s 14s/step - loss: 0.4754 - accuracy: 0.7727
Epoch 7/10

    ... [1 lines collapsed: Keras progress bar]
2/2 [==============================] - ETA: 0s - loss: 0.7879 - accuracy: 0.6591 
2/2 [==============================] - 48s 15s/step - loss: 0.7879 - accuracy: 0.6591
Epoch 8/10

    ... [1 lines collapsed: Keras progress bar]
2/2 [==============================] - ETA: 0s - loss: 0.5770 - accuracy: 0.7045 
2/2 [==============================] - 49s 14s/step - loss: 0.5770 - accuracy: 0.7045
Epoch 9/10

    ... [1 lines collapsed: Keras progress bar]
2/2 [==============================] - ETA: 0s - loss: 0.4177 - accuracy: 0.8182 
2/2 [==============================] - 49s 15s/step - loss: 0.4177 - accuracy: 0.8182
Epoch 10/10

    ... [1 lines collapsed: Keras progress bar]
2/2 [==============================] - ETA: 0s - loss: 0.8064 - accuracy: 0.6364 
2/2 [==============================] - 49s 14s/step - loss: 0.8064 - accuracy: 0.6364

1/1 [==============================] - ETA: 0s
1/1 [==============================] - 3s 3s/step
[09:22:28]     SCAM-CLMPNet       acc   0.00  bal-acc   0.00  f1   0.00   [484s]
================================
[⚠️] 3DCNN Based Distributed LSTM with Modified Pooling 
================================
linspaced [0.09090909 0.18181818 0.27272727 0.36363636 0.45454545 0.54545455
 0.63636364 0.72727273 0.81818182 0.90909091 1.        ]
channel is 128
channel is 128
channel is 128
channel is 128
channel is 128
channel is 128
channel is 128
channel is 128
channel is 128
channel is 128
channel is 128
(None, 1, 128)
Model: "model_7"
__________________________________________________________________________________________________
 Layer (type)                   Output Shape         Param #     Connected to                     
==================================================================================================
 input_9 (InputLayer)           [(None, 10, 128, 12  0           []                               
                                8, 12)]                                                           
                                                                                                  
 conv3d_6 (Conv3D)              (None, 10, 128, 128  5200        ['input_9[0][0]']                
                                , 16)                                                             
                                                                                                  
 activation_32 (Activation)     (None, 10, 128, 128  0           ['conv3d_6[0][0]']               
                                , 16)                                                             
                                                                                                  
 max_pooling3d_6 (MaxPooling3D)  (None, 10, 128, 128  0          ['activation_32[0][0]']          
                                , 16)                                                             
                                                                                                  
 average_pooling3d_6 (AveragePo  (None, 10, 128, 128  0          ['activation_32[0][0]']          
 oling3D)                       , 16)                                                             
                                                                                                  
 lambda_6 (Lambda)              (None, 10, 128, 128  0           ['max_pooling3d_6[0][0]',        
                                , 16)                             'average_pooling3d_6[0][0]']    
                                                                                                  
 conv3d_7 (Conv3D)              (None, 8, 126, 126,  13856       ['lambda_6[0][0]']               
                                 32)                                                              
                                                                                                  
 activation_33 (Activation)     (None, 8, 126, 126,  0           ['conv3d_7[0][0]']               
                                 32)                                                              
                                                                                                  
 max_pooling3d_7 (MaxPooling3D)  (None, 4, 63, 63, 3  0          ['activation_33[0][0]']          
                                2)                                                                
                                                                                                  
 average_pooling3d_7 (AveragePo  (None, 4, 63, 63, 3  0          ['activation_33[0][0]']          
 oling3D)                       2)                                                                
                                                                                                  
 lambda_7 (Lambda)              (None, 4, 63, 63, 3  0           ['max_pooling3d_7[0][0]',        
                                2)                                'average_pooling3d_7[0][0]']    
                                                                                                  
 conv3d_8 (Conv3D)              (None, 2, 61, 61, 6  55360       ['lambda_7[0][0]']               
                                4)                                                                
                                                                                                  
 activation_34 (Activation)     (None, 2, 61, 61, 6  0           ['conv3d_8[0][0]']               
                                4)                                                                
                                                                                                  
 batch_normalization_9 (BatchNo  (None, 2, 61, 61, 6  256        ['activation_34[0][0]']          
 rmalization)                   4)                                                                
                                                                                                  
 max_pooling3d_8 (MaxPooling3D)  (None, 1, 31, 31, 6  0          ['batch_normalization_9[0][0]']  
                                4)                                                                
                                                                                                  
 average_pooling3d_8 (AveragePo  (None, 1, 31, 31, 6  0          ['batch_normalization_9[0][0]']  
 oling3D)                       4)                                                                
                                                                                                  
 lambda_8 (Lambda)              (None, 1, 31, 31, 6  0           ['max_pooling3d_8[0][0]',        
                                4)                                'average_pooling3d_8[0][0]']    
                                                                                                  
 dropout_15 (Dropout)           (None, 1, 31, 31, 6  0           ['lambda_8[0][0]']               
                                4)                                                                
                                                                                                  
 reshape_15 (Reshape)           (None, 31, 31, 64)   0           ['dropout_15[0][0]']             
                                                                                                  
 spatial_and_channel_joint_atte  (None, 31, 31, 64)  0           ['reshape_15[0][0]']             
 ntion_1 (SpatialAndChannelJoin                                                                   
 tAttention)                                                                                      
                                                                                                  
 reshape_16 (Reshape)           (None, 31, 1984)     0           ['spatial_and_channel_joint_atten
                                                                 tion_1[0][0]']                   
                                                                                                  
 lstm_4 (LSTM)                  (None, 128)          1081856     ['reshape_16[0][0]']             
                                                                                                  
 lstm_5 (LSTM)                  (None, 128)          1081856     ['reshape_16[0][0]']             
                                                                                                  
 add_2 (Add)                    (None, 128)          0           ['lstm_4[0][0]',                 
                                                                  'lstm_5[0][0]']                 
                                                                                                  
 reshape_17 (Reshape)           (None, 1, 128)       0           ['add_2[0][0]']                  
                                                                                                  
 reshape_18 (Reshape)           (None, 1, 128)       0           ['add_2[0][0]']                  
                                                                                                  
 reshape_19 (Reshape)           (None, 1, 128)       0           ['add_2[0][0]']                  
                                                                                                  
 reshape_20 (Reshape)           (None, 1, 128)       0           ['add_2[0][0]']                  
                                                                                                  
 reshape_21 (Reshape)           (None, 1, 128)       0           ['add_2[0][0]']                  
                                                                                                  
 reshape_22 (Reshape)           (None, 1, 128)       0           ['add_2[0][0]']                  
                                                                                                  
 reshape_23 (Reshape)           (None, 1, 128)       0           ['add_2[0][0]']                  
                                                                                                  
 reshape_24 (Reshape)           (None, 1, 128)       0           ['add_2[0][0]']                  
                                                                                                  
 reshape_25 (Reshape)           (None, 1, 128)       0           ['add_2[0][0]']                  
                                                                                                  
 reshape_26 (Reshape)           (None, 1, 128)       0           ['add_2[0][0]']                  
                                                                                                  
 reshape_27 (Reshape)           (None, 1, 128)       0           ['add_2[0][0]']                  
                                                                                                  
 dense_29 (Dense)               (None, 1, 11)        1419        ['reshape_17[0][0]']             
                                                                                                  
 dense_30 (Dense)               (None, 1, 23)        2967        ['reshape_18[0][0]']             
                                                                                                  
 dense_31 (Dense)               (None, 1, 34)        4386        ['reshape_19[0][0]']             
                                                                                                  
 dense_32 (Dense)               (None, 1, 46)        5934        ['reshape_20[0][0]']             
                                                                                                  
 dense_33 (Dense)               (None, 1, 58)        7482        ['reshape_21[0][0]']             
                                                                                                  
 dense_34 (Dense)               (None, 1, 69)        8901        ['reshape_22[0][0]']             
                                                                                                  
 dense_35 (Dense)               (None, 1, 81)        10449       ['reshape_23[0][0]']             
                                                                                                  
 dense_36 (Dense)               (None, 1, 93)        11997       ['reshape_24[0][0]']             
                                                                                                  
 dense_37 (Dense)               (None, 1, 104)       13416       ['reshape_25[0][0]']             
                                                                                                  
 dense_38 (Dense)               (None, 1, 116)       14964       ['reshape_26[0][0]']             
                                                                                                  
 dense_39 (Dense)               (None, 1, 128)       16512       ['reshape_27[0][0]']             
                                                                                                  
 activation_35 (Activation)     (None, 1, 11)        0           ['dense_29[0][0]']               
                                                                                                  
 activation_36 (Activation)     (None, 1, 23)        0           ['dense_30[0][0]']               
                                                                                                  
 activation_37 (Activation)     (None, 1, 34)        0           ['dense_31[0][0]']               
                                                                                                  
 activation_38 (Activation)     (None, 1, 46)        0           ['dense_32[0][0]']               
                                                                                                  
 activation_39 (Activation)     (None, 1, 58)        0           ['dense_33[0][0]']               
                                                                                                  
 activation_40 (Activation)     (None, 1, 69)        0           ['dense_34[0][0]']               
                                                                                                  
 activation_41 (Activation)     (None, 1, 81)        0           ['dense_35[0][0]']               
                                                                                                  
 activation_42 (Activation)     (None, 1, 93)        0           ['dense_36[0][0]']               
                                                                                                  
 activation_43 (Activation)     (None, 1, 104)       0           ['dense_37[0][0]']               
                                                                                                  
 activation_44 (Activation)     (None, 1, 116)       0           ['dense_38[0][0]']               
                                                                                                  
 activation_45 (Activation)     (None, 1, 128)       0           ['dense_39[0][0]']               
                                                                                                  
 excitation_0.091 (Dense)       (None, 1, 128)       1536        ['activation_35[0][0]']          
                                                                                                  
 excitation_0.182 (Dense)       (None, 1, 128)       3072        ['activation_36[0][0]']          
                                                                                                  
 excitation_0.273 (Dense)       (None, 1, 128)       4480        ['activation_37[0][0]']          
                                                                                                  
 excitation_0.364 (Dense)       (None, 1, 128)       6016        ['activation_38[0][0]']          
                                                                                                  
 excitation_0.455 (Dense)       (None, 1, 128)       7552        ['activation_39[0][0]']          
                                                                                                  
 excitation_0.545 (Dense)       (None, 1, 128)       8960        ['activation_40[0][0]']          
                                                                                                  
 excitation_0.636 (Dense)       (None, 1, 128)       10496       ['activation_41[0][0]']          
                                                                                                  
 excitation_0.727 (Dense)       (None, 1, 128)       12032       ['activation_42[0][0]']          
                                                                                                  
 excitation_0.818 (Dense)       (None, 1, 128)       13440       ['activation_43[0][0]']          
                                                                                                  
 excitation_0.909 (Dense)       (None, 1, 128)       14976       ['activation_44[0][0]']          
                                                                                                  
 excitation_1 (Dense)           (None, 1, 128)       16512       ['activation_45[0][0]']          
                                                                                                  
 average_1 (Average)            (None, 1, 128)       0           ['excitation_0.091[0][0]',       
                                                                  'excitation_0.182[0][0]',       
                                                                  'excitation_0.273[0][0]',       
                                                                  'excitation_0.364[0][0]',       
                                                                  'excitation_0.455[0][0]',       
                                                                  'excitation_0.545[0][0]',       
                                                                  'excitation_0.636[0][0]',       
                                                                  'excitation_0.727[0][0]',       
                                                                  'excitation_0.818[0][0]',       
                                                                  'excitation_0.909[0][0]',       
                                                                  'excitation_1[0][0]']           
                                                                                                  
 normalized_attention (LayerNor  (None, 1, 128)      256         ['average_1[0][0]']              
 malization)                                                                                      
                                                                                                  
 hadamard (Multiply)            (None, 1, 128)       0           ['add_2[0][0]',                  
                                                                  'normalized_attention[0][0]']   
                                                                                                  
 normalized_attention2 (LayerNo  (None, 1, 128)      256         ['hadamard[0][0]']               
 rmalization)                                                                                     
                                                                                                  
 trainableatt (TrainableAttenti  (None, 1, 128)      16384       ['normalized_attention2[0][0]']  
 on)                                                                                              
                                                                                                  
 dense_40 (Dense)               (None, 1, 128)       16384       ['trainableatt[0][0]']           
                                                                                                  
 dense_41 (Dense)               (None, 1, 128)       16384       ['dense_40[0][0]']               
                                                                                                  
 flatten_7 (Flatten)            (None, 128)          0           ['dense_41[0][0]']               
                                                                                                  
 dense_42 (Dense)               (None, 100)          12900       ['flatten_7[0][0]']              
                                                                                                  
 activation_46 (Activation)     (None, 100)          0           ['dense_42[0][0]']               
                                                                                                  
 batch_normalization_10 (BatchN  (None, 100)         400         ['activation_46[0][0]']          
 ormalization)                                                                                    
                                                                                                  
 dropout_16 (Dropout)           (None, 100)          0           ['batch_normalization_10[0][0]'] 
                                                                                                  
 dense2c (Dense)                (None, 64)           6464        ['dropout_16[0][0]']             
                                                                                                  
 activation_47 (Activation)     (None, 64)           0           ['dense2c[0][0]']                
                                                                                                  
 batch_normalization_11 (BatchN  (None, 64)          256         ['activation_47[0][0]']          
 ormalization)                                                                                    
                                                                                                  
 dropout_17 (Dropout)           (None, 64)           0           ['batch_normalization_11[0][0]'] 
                                                                                                  
 dense_43 (Dense)               (None, 2)            130         ['dropout_17[0][0]']             
                                                                                                  
==================================================================================================
Total params: 2,505,697
Trainable params: 2,505,241
Non-trainable params: 456
__________________________________________________________________________________________________
Epoch 1/10

    ... [1 lines collapsed: Keras progress bar]
2/2 [==============================] - ETA: 0s - loss: 0.7523 - accuracy: 0.4545 
2/2 [==============================] - 66s 15s/step - loss: 0.7523 - accuracy: 0.4545
Epoch 2/10

    ... [1 lines collapsed: Keras progress bar]
2/2 [==============================] - ETA: 0s - loss: 1.2622 - accuracy: 0.4545 
2/2 [==============================] - 50s 15s/step - loss: 1.2622 - accuracy: 0.4545
Epoch 3/10

    ... [1 lines collapsed: Keras progress bar]
2/2 [==============================] - ETA: 0s - loss: 1.1974 - accuracy: 0.6364 
2/2 [==============================] - 50s 15s/step - loss: 1.1974 - accuracy: 0.6364
Epoch 4/10

    ... [1 lines collapsed: Keras progress bar]
2/2 [==============================] - ETA: 0s - loss: 0.5876 - accuracy: 0.7727 
2/2 [==============================] - 49s 15s/step - loss: 0.5876 - accuracy: 0.7727
Epoch 5/10

    ... [1 lines collapsed: Keras progress bar]
2/2 [==============================] - ETA: 0s - loss: 0.7777 - accuracy: 0.6364 
2/2 [==============================] - 50s 15s/step - loss: 0.7777 - accuracy: 0.6364
Epoch 6/10

    ... [1 lines collapsed: Keras progress bar]
2/2 [==============================] - ETA: 0s - loss: 0.8457 - accuracy: 0.6364 
2/2 [==============================] - 48s 14s/step - loss: 0.8457 - accuracy: 0.6364
Epoch 7/10

    ... [1 lines collapsed: Keras progress bar]
2/2 [==============================] - ETA: 0s - loss: 0.6010 - accuracy: 0.6591 
2/2 [==============================] - 49s 15s/step - loss: 0.6010 - accuracy: 0.6591
Epoch 8/10

    ... [1 lines collapsed: Keras progress bar]
2/2 [==============================] - ETA: 0s - loss: 0.6405 - accuracy: 0.7273 
2/2 [==============================] - 49s 15s/step - loss: 0.6405 - accuracy: 0.7273
Epoch 9/10

    ... [1 lines collapsed: Keras progress bar]
2/2 [==============================] - ETA: 0s - loss: 0.5952 - accuracy: 0.7500 
2/2 [==============================] - 48s 14s/step - loss: 0.5952 - accuracy: 0.7500
Epoch 10/10

    ... [1 lines collapsed: Keras progress bar]
2/2 [==============================] - ETA: 0s - loss: 0.4086 - accuracy: 0.7955 
2/2 [==============================] - 49s 15s/step - loss: 0.4086 - accuracy: 0.7955

1/1 [==============================] - ETA: 0s
1/1 [==============================] - 5s 5s/step
[09:31:04]     SMA-CLMPNet        acc  50.00  bal-acc  50.00  f1  66.67   [516s]
[09:31:12]     EfficientNetV2S    acc  50.00  bal-acc  50.00  f1  66.67   [8s]
[09:31:18]     ConvNeXtTiny       acc  50.00  bal-acc  50.00  f1  57.14   [6s]
[09:31:25]     MobileNetV3Large   acc  16.67  bal-acc  16.67  f1  28.57   [7s]
[09:31:33]     ResNetRS50         acc   0.00  bal-acc   0.00  f1   0.00   [8s]
linspaced [0.09090909 0.18181818 0.27272727 0.36363636 0.45454545 0.54545455
 0.63636364 0.72727273 0.81818182 0.90909091 1.        ]
channel is 128
channel is 128
channel is 128
channel is 128
channel is 128
channel is 128
channel is 128
channel is 128
channel is 128
channel is 128
channel is 128
(None, 1, 128)
Epoch 1/30
6/6 - 73s - loss: 1.8884 - accuracy: 0.3182 - 73s/epoch - 12s/step
Epoch 2/30
6/6 - 59s - loss: 1.1899 - accuracy: 0.4545 - 59s/epoch - 10s/step
Epoch 3/30
6/6 - 48s - loss: 1.3633 - accuracy: 0.4545 - 48s/epoch - 8s/step
Epoch 4/30
6/6 - 23s - loss: 1.0376 - accuracy: 0.4773 - 23s/epoch - 4s/step
Epoch 5/30
6/6 - 23s - loss: 0.9805 - accuracy: 0.5909 - 23s/epoch - 4s/step
Epoch 6/30
6/6 - 23s - loss: 0.9819 - accuracy: 0.5227 - 23s/epoch - 4s/step
Epoch 7/30
6/6 - 23s - loss: 1.0491 - accuracy: 0.5227 - 23s/epoch - 4s/step
Epoch 8/30
6/6 - 23s - loss: 1.2729 - accuracy: 0.6364 - 23s/epoch - 4s/step
Epoch 9/30
6/6 - 23s - loss: 1.1502 - accuracy: 0.5000 - 23s/epoch - 4s/step
Epoch 10/30
6/6 - 23s - loss: 0.8247 - accuracy: 0.5909 - 23s/epoch - 4s/step
Epoch 11/30
