[11:25:08] features loaded: proposed(50, 10, 128, 128, 12) comparative1(50, 128, 128, 10) labels(50,)
[11:25:08]   EfficientNetV2S: embeddings from cache (50, 1280)
[11:25:08]   ConvNeXtTiny: embeddings from cache (50, 768)
[11:25:08]   MobileNetV3Large: embeddings from cache (50, 960)
[11:25:08]   ResNetRS50: embeddings from cache (50, 2048)
[11:25:08] resuming: 1 split(s) already measured (40%)
[11:25:08] === train 50%: 24 train / 26 test (test classes [15, 11])
[11:25:30]   float32 feature cache built (0.52 GB)
================================
[⚠️] DCNN 
================================
Model: "model"
_________________________________________________________________
 Layer (type)                Output Shape              Param #   
=================================================================
 input_2 (InputLayer)        [(None, 224, 224, 3)]     0         
                                                                 
 input_1 (InputLayer)        multiple                  0         
                                                                 
 rescaling (Rescaling)       (None, 224, 224, 3)       0         
                                                                 
 normalization (Normalizatio  (None, 224, 224, 3)      7         
 n)                                                              
                                                                 
 rescaling_1 (Rescaling)     (None, 224, 224, 3)       0         
                                                                 
 stem_conv_pad (ZeroPadding2  (None, 225, 225, 3)      0         
 D)                                                              
                                                                 
 stem_conv (Conv2D)          (None, 112, 112, 64)      1728      
                                                                 
 conv2d (Conv2D)             (None, 112, 112, 64)      36928     
                                                                 
 max_pooling2d (MaxPooling2D  (None, 56, 56, 64)       0         
 )                                                               
                                                                 
 conv2d_1 (Conv2D)           (None, 56, 56, 32)        18464     
                                                                 
 max_pooling2d_1 (MaxPooling  (None, 28, 28, 32)       0         
 2D)                                                             
                                                                 
 flatten (Flatten)           (None, 25088)             0         
                                                                 
 dense (Dense)               (None, 128)               3211392   
                                                                 
 activation (Activation)     (None, 128)               0         
                                                                 
 dropout (Dropout)           (None, 128)               0         
                                                                 
 dense_1 (Dense)             (None, 32)                4128      
                                                                 
 activation_1 (Activation)   (None, 32)                0         
                                                                 
 dropout_1 (Dropout)         (None, 32)                0         
                                                                 
 dense_2 (Dense)             (None, 2)                 66        
                                                                 
=================================================================
Total params: 3,272,713
Trainable params: 3,272,706
Non-trainable params: 7
_________________________________________________________________
Epoch 1/10

1/1 [==============================] - ETA: 0s - loss: 1.7894 - accuracy: 0.4167
1/1 [==============================] - 2s 2s/step - loss: 1.7894 - accuracy: 0.4167
Epoch 2/10

1/1 [==============================] - ETA: 0s - loss: 19.6396 - accuracy: 0.5833
1/1 [==============================] - 1s 1s/step - loss: 19.6396 - accuracy: 0.5833
Epoch 3/10

1/1 [==============================] - ETA: 0s - loss: 8.0559 - accuracy: 0.5417
1/1 [==============================] - 1s 1s/step - loss: 8.0559 - accuracy: 0.5417
Epoch 4/10

1/1 [==============================] - ETA: 0s - loss: 1.0221 - accuracy: 0.6667
1/1 [==============================] - 1s 1s/step - loss: 1.0221 - accuracy: 0.6667
Epoch 5/10

1/1 [==============================] - ETA: 0s - loss: 0.9396 - accuracy: 0.4583
1/1 [==============================] - 1s 1s/step - loss: 0.9396 - accuracy: 0.4583
Epoch 6/10

1/1 [==============================] - ETA: 0s - loss: 0.8033 - accuracy: 0.5417
1/1 [==============================] - 1s 1s/step - loss: 0.8033 - accuracy: 0.5417
Epoch 7/10

1/1 [==============================] - ETA: 0s - loss: 0.6843 - accuracy: 0.5000
1/1 [==============================] - 1s 1s/step - loss: 0.6843 - accuracy: 0.5000
Epoch 8/10

1/1 [==============================] - ETA: 0s - loss: 0.6604 - accuracy: 0.5833
1/1 [==============================] - 1s 1s/step - loss: 0.6604 - accuracy: 0.5833
Epoch 9/10

1/1 [==============================] - ETA: 0s - loss: 0.7888 - accuracy: 0.5417
1/1 [==============================] - 1s 1s/step - loss: 0.7888 - accuracy: 0.5417
Epoch 10/10

1/1 [==============================] - ETA: 0s - loss: 0.6466 - accuracy: 0.5833
1/1 [==============================] - 1s 1s/step - loss: 0.6466 - accuracy: 0.5833

1/1 [==============================] - ETA: 0s
1/1 [==============================] - 0s 495ms/step
[11:25:44]     EfficientNet       acc  57.69  bal-acc  50.00  sen 100.00  spe   0.00  f1  73.17   [35s]
================================
[⚠️] STIDNet 
================================
Model: "model_1"
_________________________________________________________________
 Layer (type)                Output Shape              Param #   
=================================================================
 input_3 (InputLayer)        [(None, 128, 128, 10)]    0         
                                                                 
 conv2d_2 (Conv2D)           (None, 126, 126, 16)      1456      
                                                                 
 max_pooling2d_2 (MaxPooling  (None, 63, 63, 16)       0         
 2D)                                                             
                                                                 
 conv2d_3 (Conv2D)           (None, 61, 61, 32)        4640      
                                                                 
 max_pooling2d_3 (MaxPooling  (None, 30, 30, 32)       0         
 2D)                                                             
                                                                 
 conv2d_4 (Conv2D)           (None, 28, 28, 64)        18496     
                                                                 
 max_pooling2d_4 (MaxPooling  (None, 14, 14, 64)       0         
 2D)                                                             
                                                                 
 flatten_1 (Flatten)         (None, 12544)             0         
                                                                 
 dense_3 (Dense)             (None, 256)               3211520   
                                                                 
 dropout_2 (Dropout)         (None, 256)               0         
                                                                 
 dense_4 (Dense)             (None, 256)               65792     
                                                                 
 dropout_3 (Dropout)         (None, 256)               0         
                                                                 
 dense_5 (Dense)             (None, 2)                 514       
                                                                 
=================================================================
Total params: 3,302,418
Trainable params: 3,302,418
Non-trainable params: 0
_________________________________________________________________
Model: "model_2"
_________________________________________________________________
 Layer (type)                Output Shape              Param #   
=================================================================
 input_4 (InputLayer)        [(None, 128, 128, 10)]    0         
                                                                 
 conv2d_5 (Conv2D)           (None, 126, 126, 64)      5824      
                                                                 
 max_pooling2d_5 (MaxPooling  (None, 63, 63, 64)       0         
 2D)                                                             
                                                                 
 conv2d_6 (Conv2D)           (None, 61, 61, 16)        9232      
                                                                 
 max_pooling2d_6 (MaxPooling  (None, 30, 30, 16)       0         
 2D)                                                             
                                                                 
 flatten_2 (Flatten)         (None, 14400)             0         
                                                                 
 dense_6 (Dense)             (None, 64)                921664    
                                                                 
 dropout_4 (Dropout)         (None, 64)                0         
                                                                 
 dense_7 (Dense)             (None, 2)                 130       
                                                                 
=================================================================
Total params: 936,850
Trainable params: 936,850
Non-trainable params: 0
_________________________________________________________________
Epoch 1/10

1/1 [==============================] - ETA: 0s - loss: 0.6742 - accuracy: 0.6250
1/1 [==============================] - 1s 1s/step - loss: 0.6742 - accuracy: 0.6250
Epoch 2/10

1/1 [==============================] - ETA: 0s - loss: 0.8784 - accuracy: 0.5417
1/1 [==============================] - 0s 195ms/step - loss: 0.8784 - accuracy: 0.5417
Epoch 3/10

1/1 [==============================] - ETA: 0s - loss: 1.1160 - accuracy: 0.5417
1/1 [==============================] - 0s 186ms/step - loss: 1.1160 - accuracy: 0.5417
Epoch 4/10

1/1 [==============================] - ETA: 0s - loss: 1.1043 - accuracy: 0.5000
1/1 [==============================] - 0s 191ms/step - loss: 1.1043 - accuracy: 0.5000
Epoch 5/10

1/1 [==============================] - ETA: 0s - loss: 1.0161 - accuracy: 0.3750
1/1 [==============================] - 0s 193ms/step - loss: 1.0161 - accuracy: 0.3750
Epoch 6/10

1/1 [==============================] - ETA: 0s - loss: 0.6897 - accuracy: 0.5417
1/1 [==============================] - 0s 202ms/step - loss: 0.6897 - accuracy: 0.5417
Epoch 7/10

1/1 [==============================] - ETA: 0s - loss: 0.6694 - accuracy: 0.5417
1/1 [==============================] - 0s 213ms/step - loss: 0.6694 - accuracy: 0.5417
Epoch 8/10

1/1 [==============================] - ETA: 0s - loss: 0.6614 - accuracy: 0.5417
1/1 [==============================] - 0s 208ms/step - loss: 0.6614 - accuracy: 0.5417
Epoch 9/10

1/1 [==============================] - ETA: 0s - loss: 0.6451 - accuracy: 0.7083
1/1 [==============================] - 0s 205ms/step - loss: 0.6451 - accuracy: 0.7083
Epoch 10/10

1/1 [==============================] - ETA: 0s - loss: 0.6859 - accuracy: 0.6250
1/1 [==============================] - 0s 203ms/step - loss: 0.6859 - accuracy: 0.6250
Epoch 1/10

1/1 [==============================] - ETA: 0s - loss: 0.7566 - accuracy: 0.2917
1/1 [==============================] - 1s 1s/step - loss: 0.7566 - accuracy: 0.2917
Epoch 2/10

1/1 [==============================] - ETA: 0s - loss: 1.0638 - accuracy: 0.5833
1/1 [==============================] - 0s 374ms/step - loss: 1.0638 - accuracy: 0.5833
Epoch 3/10

1/1 [==============================] - ETA: 0s - loss: 0.6264 - accuracy: 0.7500
1/1 [==============================] - 0s 383ms/step - loss: 0.6264 - accuracy: 0.7500
Epoch 4/10

1/1 [==============================] - ETA: 0s - loss: 0.6375 - accuracy: 0.6667
1/1 [==============================] - 0s 356ms/step - loss: 0.6375 - accuracy: 0.6667
Epoch 5/10

1/1 [==============================] - ETA: 0s - loss: 0.5798 - accuracy: 0.6667
1/1 [==============================] - 0s 372ms/step - loss: 0.5798 - accuracy: 0.6667
Epoch 6/10

1/1 [==============================] - ETA: 0s - loss: 0.6834 - accuracy: 0.5833
1/1 [==============================] - 0s 361ms/step - loss: 0.6834 - accuracy: 0.5833
Epoch 7/10

1/1 [==============================] - ETA: 0s - loss: 0.5292 - accuracy: 0.6667
1/1 [==============================] - 0s 345ms/step - loss: 0.5292 - accuracy: 0.6667
Epoch 8/10

1/1 [==============================] - ETA: 0s - loss: 0.4519 - accuracy: 0.9583
1/1 [==============================] - 0s 366ms/step - loss: 0.4519 - accuracy: 0.9583
Epoch 9/10

1/1 [==============================] - ETA: 0s - loss: 0.4242 - accuracy: 0.8333
1/1 [==============================] - 0s 355ms/step - loss: 0.4242 - accuracy: 0.8333
Epoch 10/10

1/1 [==============================] - ETA: 0s - loss: 0.4073 - accuracy: 0.7500
1/1 [==============================] - 0s 383ms/step - loss: 0.4073 - accuracy: 0.7500
Epoch 1/10

1/1 [==============================] - ETA: 0s - accuracy: 0.8095 - loss: 0.0495 - student_loss: 0.4154 - distillation_loss: 0.0088
1/1 [==============================] - 2s 2s/step - accuracy: 0.8095 - loss: 0.0495 - student_loss: 0.4154 - distillation_loss: 0.0088 - val_accuracy: 0.0000e+00 - val_student_loss: 3.3471
Epoch 2/10

1/1 [==============================] - ETA: 0s - accuracy: 0.7143 - loss: 0.1493 - student_loss: 0.9670 - distillation_loss: 0.0585
1/1 [==============================] - 0s 380ms/step - accuracy: 0.7143 - loss: 0.1493 - student_loss: 0.9670 - distillation_loss: 0.0585 - val_accuracy: 0.3333 - val_student_loss: 0.8449
Epoch 3/10

1/1 [==============================] - ETA: 0s - accuracy: 0.8571 - loss: 0.0452 - student_loss: 0.3695 - distillation_loss: 0.0092
1/1 [==============================] - 0s 382ms/step - accuracy: 0.8571 - loss: 0.0452 - student_loss: 0.3695 - distillation_loss: 0.0092 - val_accuracy: 1.0000 - val_student_loss: 0.5596
Epoch 4/10

1/1 [==============================] - ETA: 0s - accuracy: 0.8571 - loss: 0.0543 - student_loss: 0.5190 - distillation_loss: 0.0027
1/1 [==============================] - 0s 391ms/step - accuracy: 0.8571 - loss: 0.0543 - student_loss: 0.5190 - distillation_loss: 0.0027 - val_accuracy: 1.0000 - val_student_loss: 0.5967
Epoch 5/10

1/1 [==============================] - ETA: 0s - accuracy: 0.9048 - loss: 0.0565 - student_loss: 0.5539 - distillation_loss: 0.0013
1/1 [==============================] - 0s 393ms/step - accuracy: 0.9048 - loss: 0.0565 - student_loss: 0.5539 - distillation_loss: 0.0013 - val_accuracy: 1.0000 - val_student_loss: 0.6131
Epoch 6/10

1/1 [==============================] - ETA: 0s - accuracy: 0.9524 - loss: 0.0574 - student_loss: 0.5648 - distillation_loss: 0.0011
1/1 [==============================] - 0s 418ms/step - accuracy: 0.9524 - loss: 0.0574 - student_loss: 0.5648 - distillation_loss: 0.0011 - val_accuracy: 1.0000 - val_student_loss: 0.6225
Epoch 7/10

1/1 [==============================] - ETA: 0s - accuracy: 0.9524 - loss: 0.0548 - student_loss: 0.5402 - distillation_loss: 8.3782e-04
1/1 [==============================] - 0s 397ms/step - accuracy: 0.9524 - loss: 0.0548 - student_loss: 0.5402 - distillation_loss: 8.3782e-04 - val_accuracy: 0.0000e+00 - val_student_loss: 1.3669
Epoch 8/10

1/1 [==============================] - ETA: 0s - accuracy: 0.8095 - loss: 0.0523 - student_loss: 0.4105 - distillation_loss: 0.0125
1/1 [==============================] - 0s 387ms/step - accuracy: 0.8095 - loss: 0.0523 - student_loss: 0.4105 - distillation_loss: 0.0125 - val_accuracy: 0.0000e+00 - val_student_loss: 0.8475
Epoch 9/10

1/1 [==============================] - ETA: 0s - accuracy: 0.8571 - loss: 0.0434 - student_loss: 0.3690 - distillation_loss: 0.0072
1/1 [==============================] - 0s 391ms/step - accuracy: 0.8571 - loss: 0.0434 - student_loss: 0.3690 - distillation_loss: 0.0072 - val_accuracy: 1.0000 - val_student_loss: 0.4581
Epoch 10/10

1/1 [==============================] - ETA: 0s - accuracy: 0.6667 - loss: 0.0604 - student_loss: 0.5642 - distillation_loss: 0.0044
1/1 [==============================] - 0s 409ms/step - accuracy: 0.6667 - loss: 0.0604 - student_loss: 0.5642 - distillation_loss: 0.0044 - val_accuracy: 0.0000e+00 - val_student_loss: 1.0260

1/1 [==============================] - ETA: 0s
1/1 [==============================] - 0s 359ms/step
[11:25:59]     STIDNet            acc  57.69  bal-acc  50.00  sen 100.00  spe   0.00  f1  73.17   [15s]
================================
[⚠️] CNN 
================================
Model: "model_3"
_________________________________________________________________
 Layer (type)                Output Shape              Param #   
=================================================================
 input_5 (InputLayer)        [(None, 128, 128, 10)]    0         
                                                                 
 conv2d_7 (Conv2D)           (None, 128, 128, 16)      1456      
                                                                 
 activation_2 (Activation)   (None, 128, 128, 16)      0         
                                                                 
 max_pooling2d_7 (MaxPooling  (None, 128, 128, 16)     0         
 2D)                                                             
                                                                 
 conv2d_8 (Conv2D)           (None, 128, 128, 32)      4640      
                                                                 
 activation_3 (Activation)   (None, 128, 128, 32)      0         
                                                                 
 max_pooling2d_8 (MaxPooling  (None, 128, 128, 32)     0         
 2D)                                                             
                                                                 
 conv2d_9 (Conv2D)           (None, 128, 128, 64)      18496     
                                                                 
 activation_4 (Activation)   (None, 128, 128, 64)      0         
                                                                 
 batch_normalization (BatchN  (None, 128, 128, 64)     256       
 ormalization)                                                   
                                                                 
 max_pooling2d_9 (MaxPooling  (None, 128, 128, 64)     0         
 2D)                                                             
                                                                 
 dropout_5 (Dropout)         (None, 128, 128, 64)      0         
                                                                 
 flatten_3 (Flatten)         (None, 1048576)           0         
                                                                 
 dense_8 (Dense)             (None, 100)               104857700 
                                                                 
 activation_5 (Activation)   (None, 100)               0         
                                                                 
 batch_normalization_1 (Batc  (None, 100)              400       
 hNormalization)                                                 
                                                                 
 dropout_6 (Dropout)         (None, 100)               0         
                                                                 
 dense2c (Dense)             (None, 64)                6464      
                                                                 
 activation_6 (Activation)   (None, 64)                0         
                                                                 
 batch_normalization_2 (Batc  (None, 64)               256       
 hNormalization)                                                 
                                                                 
 dropout_7 (Dropout)         (None, 64)                0         
                                                                 
 dense_9 (Dense)             (None, 2)                 130       
                                                                 
=================================================================
Total params: 104,889,798
Trainable params: 104,889,342
Non-trainable params: 456
_________________________________________________________________
Epoch 1/10

1/1 [==============================] - ETA: 0s - loss: 1.3663 - accuracy: 0.5417
1/1 [==============================] - 4s 4s/step - loss: 1.3663 - accuracy: 0.5417
Epoch 2/10

1/1 [==============================] - ETA: 0s - loss: 1.1919 - accuracy: 0.5000
1/1 [==============================] - 2s 2s/step - loss: 1.1919 - accuracy: 0.5000
Epoch 3/10

1/1 [==============================] - ETA: 0s - loss: 0.6653 - accuracy: 0.7917
1/1 [==============================] - 2s 2s/step - loss: 0.6653 - accuracy: 0.7917
Epoch 4/10

1/1 [==============================] - ETA: 0s - loss: 0.5994 - accuracy: 0.7500
1/1 [==============================] - 2s 2s/step - loss: 0.5994 - accuracy: 0.7500
Epoch 5/10

1/1 [==============================] - ETA: 0s - loss: 0.6407 - accuracy: 0.7083
1/1 [==============================] - 2s 2s/step - loss: 0.6407 - accuracy: 0.7083
Epoch 6/10

1/1 [==============================] - ETA: 0s - loss: 0.5106 - accuracy: 0.7500
1/1 [==============================] - 2s 2s/step - loss: 0.5106 - accuracy: 0.7500
Epoch 7/10

1/1 [==============================] - ETA: 0s - loss: 0.7280 - accuracy: 0.6667
1/1 [==============================] - 2s 2s/step - loss: 0.7280 - accuracy: 0.6667
Epoch 8/10

1/1 [==============================] - ETA: 0s - loss: 0.3857 - accuracy: 0.7917
1/1 [==============================] - 2s 2s/step - loss: 0.3857 - accuracy: 0.7917
Epoch 9/10

1/1 [==============================] - ETA: 0s - loss: 0.6836 - accuracy: 0.7083
1/1 [==============================] - 2s 2s/step - loss: 0.6836 - accuracy: 0.7083
Epoch 10/10

1/1 [==============================] - ETA: 0s - loss: 0.5249 - accuracy: 0.7083
1/1 [==============================] - 2s 2s/step - loss: 0.5249 - accuracy: 0.7083

1/1 [==============================] - ETA: 0s
1/1 [==============================] - 1s 657ms/step
[11:26:23]     DCNN               acc  57.69  bal-acc  50.00  sen 100.00  spe   0.00  f1  73.17   [24s]
================================
[⚠️] GLCM 
================================
Model: "model_4"
_________________________________________________________________
 Layer (type)                Output Shape              Param #   
=================================================================
 input_6 (InputLayer)        [(None, 10, 12)]          0         
                                                                 
 conv1d (Conv1D)             (None, 10, 32)            1184      
                                                                 
 activation_7 (Activation)   (None, 10, 32)            0         
                                                                 
 dropout_8 (Dropout)         (None, 10, 32)            0         
                                                                 
 max_pooling1d (MaxPooling1D  (None, 5, 32)            0         
 )                                                               
                                                                 
 conv1d_1 (Conv1D)           (None, 5, 64)             6208      
                                                                 
 activation_8 (Activation)   (None, 5, 64)             0         
                                                                 
 max_pooling1d_1 (MaxPooling  (None, 3, 64)            0         
 1D)                                                             
                                                                 
 flatten_4 (Flatten)         (None, 192)               0         
                                                                 
 dense_10 (Dense)            (None, 32)                6176      
                                                                 
 activation_9 (Activation)   (None, 32)                0         
                                                                 
 dense_11 (Dense)            (None, 2)                 66        
                                                                 
 activation_10 (Activation)  (None, 2)                 0         
                                                                 
=================================================================
Total params: 13,634
Trainable params: 13,634
Non-trainable params: 0
_________________________________________________________________
Epoch 1/10

1/1 [==============================] - ETA: 0s - loss: 133.0141 - accuracy: 0.7500
1/1 [==============================] - 1s 1s/step - loss: 133.0141 - accuracy: 0.7500
Epoch 2/10

1/1 [==============================] - ETA: 0s - loss: 94.9696 - accuracy: 0.4583
1/1 [==============================] - 0s 4ms/step - loss: 94.9696 - accuracy: 0.4583
Epoch 3/10

1/1 [==============================] - ETA: 0s - loss: 96.8461 - accuracy: 0.4583
1/1 [==============================] - 0s 5ms/step - loss: 96.8461 - accuracy: 0.4583
Epoch 4/10

1/1 [==============================] - ETA: 0s - loss: 33.1824 - accuracy: 0.5417
1/1 [==============================] - 0s 5ms/step - loss: 33.1824 - accuracy: 0.5417
Epoch 5/10

1/1 [==============================] - ETA: 0s - loss: 103.2343 - accuracy: 0.5000
1/1 [==============================] - 0s 4ms/step - loss: 103.2343 - accuracy: 0.5000
Epoch 6/10

1/1 [==============================] - ETA: 0s - loss: 48.6479 - accuracy: 0.5833
1/1 [==============================] - 0s 7ms/step - loss: 48.6479 - accuracy: 0.5833
Epoch 7/10

1/1 [==============================] - ETA: 0s - loss: 50.7691 - accuracy: 0.6667
1/1 [==============================] - 0s 4ms/step - loss: 50.7691 - accuracy: 0.6667
Epoch 8/10

1/1 [==============================] - ETA: 0s - loss: 110.3696 - accuracy: 0.4583
1/1 [==============================] - 0s 5ms/step - loss: 110.3696 - accuracy: 0.4583
Epoch 9/10

1/1 [==============================] - ETA: 0s - loss: 64.0771 - accuracy: 0.6667
1/1 [==============================] - 0s 5ms/step - loss: 64.0771 - accuracy: 0.6667
Epoch 10/10

1/1 [==============================] - ETA: 0s - loss: 30.2210 - accuracy: 0.6250
1/1 [==============================] - 0s 4ms/step - loss: 30.2210 - accuracy: 0.6250

1/1 [==============================] - ETA: 0s
1/1 [==============================] - 0s 154ms/step
[11:26:25]     GLCM               acc  53.85  bal-acc  51.52  sen  66.67  spe  36.36  f1  62.50   [2s]
================================
[⚠️] 3DCNN Based Distributed LSTM with Modified Pooling 
================================
linspaced [0.09090909 0.18181818 0.27272727 0.36363636 0.45454545 0.54545455
 0.63636364 0.72727273 0.81818182 0.90909091 1.        ]
channel is 128
channel is 128
channel is 128
channel is 128
channel is 128
channel is 128
channel is 128
channel is 128
channel is 128
channel is 128
channel is 128
(None, 1, 128)
Model: "model_5"
__________________________________________________________________________________________________
 Layer (type)                   Output Shape         Param #     Connected to                     
==================================================================================================
 input_7 (InputLayer)           [(None, 10, 128, 12  0           []                               
                                8, 12)]                                                           
                                                                                                  
 conv3d (Conv3D)                (None, 10, 128, 128  5200        ['input_7[0][0]']                
                                , 16)                                                             
                                                                                                  
 activation_11 (Activation)     (None, 10, 128, 128  0           ['conv3d[0][0]']                 
                                , 16)                                                             
                                                                                                  
 max_pooling3d (MaxPooling3D)   (None, 10, 128, 128  0           ['activation_11[0][0]']          
                                , 16)                                                             
                                                                                                  
 average_pooling3d (AveragePool  (None, 10, 128, 128  0          ['activation_11[0][0]']          
 ing3D)                         , 16)                                                             
                                                                                                  
 lambda (Lambda)                (None, 10, 128, 128  0           ['max_pooling3d[0][0]',          
                                , 16)                             'average_pooling3d[0][0]']      
                                                                                                  
 conv3d_1 (Conv3D)              (None, 8, 126, 126,  13856       ['lambda[0][0]']                 
                                 32)                                                              
                                                                                                  
 activation_12 (Activation)     (None, 8, 126, 126,  0           ['conv3d_1[0][0]']               
                                 32)                                                              
                                                                                                  
 max_pooling3d_1 (MaxPooling3D)  (None, 4, 63, 63, 3  0          ['activation_12[0][0]']          
                                2)                                                                
                                                                                                  
 average_pooling3d_1 (AveragePo  (None, 4, 63, 63, 3  0          ['activation_12[0][0]']          
 oling3D)                       2)                                                                
                                                                                                  
 lambda_1 (Lambda)              (None, 4, 63, 63, 3  0           ['max_pooling3d_1[0][0]',        
                                2)                                'average_pooling3d_1[0][0]']    
                                                                                                  
 conv3d_2 (Conv3D)              (None, 2, 61, 61, 6  55360       ['lambda_1[0][0]']               
                                4)                                                                
                                                                                                  
 activation_13 (Activation)     (None, 2, 61, 61, 6  0           ['conv3d_2[0][0]']               
                                4)                                                                
                                                                                                  
 batch_normalization_3 (BatchNo  (None, 2, 61, 61, 6  256        ['activation_13[0][0]']          
 rmalization)                   4)                                                                
                                                                                                  
 max_pooling3d_2 (MaxPooling3D)  (None, 1, 31, 31, 6  0          ['batch_normalization_3[0][0]']  
                                4)                                                                
                                                                                                  
 average_pooling3d_2 (AveragePo  (None, 1, 31, 31, 6  0          ['batch_normalization_3[0][0]']  
 oling3D)                       4)                                                                
                                                                                                  
 lambda_2 (Lambda)              (None, 1, 31, 31, 6  0           ['max_pooling3d_2[0][0]',        
                                4)                                'average_pooling3d_2[0][0]']    
                                                                                                  
 dropout_9 (Dropout)            (None, 1, 31, 31, 6  0           ['lambda_2[0][0]']               
                                4)                                                                
                                                                                                  
 reshape (Reshape)              (None, 31, 31, 64)   0           ['dropout_9[0][0]']              
                                                                                                  
 reshape_1 (Reshape)            (None, 31, 1984)     0           ['reshape[0][0]']                
                                                                                                  
 lstm (LSTM)                    (None, 128)          1081856     ['reshape_1[0][0]']              
                                                                                                  
 lstm_1 (LSTM)                  (None, 128)          1081856     ['reshape_1[0][0]']              
                                                                                                  
 add (Add)                      (None, 128)          0           ['lstm[0][0]',                   
                                                                  'lstm_1[0][0]']                 
                                                                                                  
 reshape_2 (Reshape)            (None, 1, 128)       0           ['add[0][0]']                    
                                                                                                  
 reshape_3 (Reshape)            (None, 1, 128)       0           ['add[0][0]']                    
                                                                                                  
 reshape_4 (Reshape)            (None, 1, 128)       0           ['add[0][0]']                    
                                                                                                  
 reshape_5 (Reshape)            (None, 1, 128)       0           ['add[0][0]']                    
                                                                                                  
 reshape_6 (Reshape)            (None, 1, 128)       0           ['add[0][0]']                    
                                                                                                  
 reshape_7 (Reshape)            (None, 1, 128)       0           ['add[0][0]']                    
                                                                                                  
 reshape_8 (Reshape)            (None, 1, 128)       0           ['add[0][0]']                    
                                                                                                  
 reshape_9 (Reshape)            (None, 1, 128)       0           ['add[0][0]']                    
                                                                                                  
 reshape_10 (Reshape)           (None, 1, 128)       0           ['add[0][0]']                    
                                                                                                  
 reshape_11 (Reshape)           (None, 1, 128)       0           ['add[0][0]']                    
                                                                                                  
 reshape_12 (Reshape)           (None, 1, 128)       0           ['add[0][0]']                    
                                                                                                  
 dense_12 (Dense)               (None, 1, 11)        1419        ['reshape_2[0][0]']              
                                                                                                  
 dense_13 (Dense)               (None, 1, 23)        2967        ['reshape_3[0][0]']              
                                                                                                  
 dense_14 (Dense)               (None, 1, 34)        4386        ['reshape_4[0][0]']              
                                                                                                  
 dense_15 (Dense)               (None, 1, 46)        5934        ['reshape_5[0][0]']              
                                                                                                  
 dense_16 (Dense)               (None, 1, 58)        7482        ['reshape_6[0][0]']              
                                                                                                  
 dense_17 (Dense)               (None, 1, 69)        8901        ['reshape_7[0][0]']              
                                                                                                  
 dense_18 (Dense)               (None, 1, 81)        10449       ['reshape_8[0][0]']              
                                                                                                  
 dense_19 (Dense)               (None, 1, 93)        11997       ['reshape_9[0][0]']              
                                                                                                  
 dense_20 (Dense)               (None, 1, 104)       13416       ['reshape_10[0][0]']             
                                                                                                  
 dense_21 (Dense)               (None, 1, 116)       14964       ['reshape_11[0][0]']             
                                                                                                  
 dense_22 (Dense)               (None, 1, 128)       16512       ['reshape_12[0][0]']             
                                                                                                  
 activation_14 (Activation)     (None, 1, 11)        0           ['dense_12[0][0]']               
                                                                                                  
 activation_15 (Activation)     (None, 1, 23)        0           ['dense_13[0][0]']               
                                                                                                  
 activation_16 (Activation)     (None, 1, 34)        0           ['dense_14[0][0]']               
                                                                                                  
 activation_17 (Activation)     (None, 1, 46)        0           ['dense_15[0][0]']               
                                                                                                  
 activation_18 (Activation)     (None, 1, 58)        0           ['dense_16[0][0]']               
                                                                                                  
 activation_19 (Activation)     (None, 1, 69)        0           ['dense_17[0][0]']               
                                                                                                  
 activation_20 (Activation)     (None, 1, 81)        0           ['dense_18[0][0]']               
                                                                                                  
 activation_21 (Activation)     (None, 1, 93)        0           ['dense_19[0][0]']               
                                                                                                  
 activation_22 (Activation)     (None, 1, 104)       0           ['dense_20[0][0]']               
                                                                                                  
 activation_23 (Activation)     (None, 1, 116)       0           ['dense_21[0][0]']               
                                                                                                  
 activation_24 (Activation)     (None, 1, 128)       0           ['dense_22[0][0]']               
                                                                                                  
 excitation_0.091 (Dense)       (None, 1, 128)       1536        ['activation_14[0][0]']          
                                                                                                  
 excitation_0.182 (Dense)       (None, 1, 128)       3072        ['activation_15[0][0]']          
                                                                                                  
 excitation_0.273 (Dense)       (None, 1, 128)       4480        ['activation_16[0][0]']          
                                                                                                  
 excitation_0.364 (Dense)       (None, 1, 128)       6016        ['activation_17[0][0]']          
                                                                                                  
 excitation_0.455 (Dense)       (None, 1, 128)       7552        ['activation_18[0][0]']          
                                                                                                  
 excitation_0.545 (Dense)       (None, 1, 128)       8960        ['activation_19[0][0]']          
                                                                                                  
 excitation_0.636 (Dense)       (None, 1, 128)       10496       ['activation_20[0][0]']          
                                                                                                  
 excitation_0.727 (Dense)       (None, 1, 128)       12032       ['activation_21[0][0]']          
                                                                                                  
 excitation_0.818 (Dense)       (None, 1, 128)       13440       ['activation_22[0][0]']          
                                                                                                  
 excitation_0.909 (Dense)       (None, 1, 128)       14976       ['activation_23[0][0]']          
                                                                                                  
 excitation_1 (Dense)           (None, 1, 128)       16512       ['activation_24[0][0]']          
                                                                                                  
 average (Average)              (None, 1, 128)       0           ['excitation_0.091[0][0]',       
                                                                  'excitation_0.182[0][0]',       
                                                                  'excitation_0.273[0][0]',       
                                                                  'excitation_0.364[0][0]',       
                                                                  'excitation_0.455[0][0]',       
                                                                  'excitation_0.545[0][0]',       
                                                                  'excitation_0.636[0][0]',       
                                                                  'excitation_0.727[0][0]',       
                                                                  'excitation_0.818[0][0]',       
                                                                  'excitation_0.909[0][0]',       
                                                                  'excitation_1[0][0]']           
                                                                                                  
 normalized_attention (LayerNor  (None, 1, 128)      256         ['average[0][0]']                
 malization)                                                                                      
                                                                                                  
 hadamard (Multiply)            (None, 1, 128)       0           ['add[0][0]',                    
                                                                  'normalized_attention[0][0]']   
                                                                                                  
 normalized_attention2 (LayerNo  (None, 1, 128)      256         ['hadamard[0][0]']               
 rmalization)                                                                                     
                                                                                                  
 trainableatt (TrainableAttenti  (None, 1, 128)      16384       ['normalized_attention2[0][0]']  
 on)                                                                                              
                                                                                                  
 dense_23 (Dense)               (None, 1, 128)       16384       ['trainableatt[0][0]']           
                                                                                                  
 dense_24 (Dense)               (None, 1, 128)       16384       ['dense_23[0][0]']               
                                                                                                  
 flatten_5 (Flatten)            (None, 128)          0           ['dense_24[0][0]']               
                                                                                                  
 dense_25 (Dense)               (None, 100)          12900       ['flatten_5[0][0]']              
                                                                                                  
 activation_25 (Activation)     (None, 100)          0           ['dense_25[0][0]']               
                                                                                                  
 batch_normalization_4 (BatchNo  (None, 100)         400         ['activation_25[0][0]']          
 rmalization)                                                                                     
                                                                                                  
 dropout_10 (Dropout)           (None, 100)          0           ['batch_normalization_4[0][0]']  
                                                                                                  
 dense2c (Dense)                (None, 64)           6464        ['dropout_10[0][0]']             
                                                                                                  
 activation_26 (Activation)     (None, 64)           0           ['dense2c[0][0]']                
                                                                                                  
 batch_normalization_5 (BatchNo  (None, 64)          256         ['activation_26[0][0]']          
 rmalization)                                                                                     
                                                                                                  
 dropout_11 (Dropout)           (None, 64)           0           ['batch_normalization_5[0][0]']  
                                                                                                  
 dense_26 (Dense)               (None, 2)            130         ['dropout_11[0][0]']             
                                                                                                  
==================================================================================================
Total params: 2,505,697
Trainable params: 2,505,241
Non-trainable params: 456
__________________________________________________________________________________________________
Epoch 1/10

1/1 [==============================] - ETA: 0s - loss: 0.6930 - accuracy: 0.5417
1/1 [==============================] - 40s 40s/step - loss: 0.6930 - accuracy: 0.5417
Epoch 2/10

1/1 [==============================] - ETA: 0s - loss: 1.6284 - accuracy: 0.2500
1/1 [==============================] - 25s 25s/step - loss: 1.6284 - accuracy: 0.2500
Epoch 3/10

1/1 [==============================] - ETA: 0s - loss: 1.0020 - accuracy: 0.5833
1/1 [==============================] - 26s 26s/step - loss: 1.0020 - accuracy: 0.5833
Epoch 4/10

1/1 [==============================] - ETA: 0s - loss: 0.7289 - accuracy: 0.6667
1/1 [==============================] - 24s 24s/step - loss: 0.7289 - accuracy: 0.6667
Epoch 5/10

1/1 [==============================] - ETA: 0s - loss: 0.8867 - accuracy: 0.5833
1/1 [==============================] - 25s 25s/step - loss: 0.8867 - accuracy: 0.5833
Epoch 6/10

1/1 [==============================] - ETA: 0s - loss: 1.1757 - accuracy: 0.5833
1/1 [==============================] - 25s 25s/step - loss: 1.1757 - accuracy: 0.5833
Epoch 7/10

1/1 [==============================] - ETA: 0s - loss: 1.1051 - accuracy: 0.5000
1/1 [==============================] - 25s 25s/step - loss: 1.1051 - accuracy: 0.5000
Epoch 8/10

1/1 [==============================] - ETA: 0s - loss: 0.6640 - accuracy: 0.6667
1/1 [==============================] - 25s 25s/step - loss: 0.6640 - accuracy: 0.6667
Epoch 9/10

1/1 [==============================] - ETA: 0s - loss: 0.3123 - accuracy: 0.7917
1/1 [==============================] - 24s 24s/step - loss: 0.3123 - accuracy: 0.7917
Epoch 10/10

1/1 [==============================] - ETA: 0s - loss: 0.4764 - accuracy: 0.8333
1/1 [==============================] - 25s 25s/step - loss: 0.4764 - accuracy: 0.8333
WARNING:tensorflow:5 out of the last 5 calls to <function Model.make_predict_function.<locals>.predict_function at 0x00000254B00AD280> triggered tf.function retracing. Tracing is expensive and the excessive number of tracings could be due to (1) creating @tf.function repeatedly in a loop, (2) passing tensors with different shapes, (3) passing Python objects instead of tensors. For (1), please define your @tf.function outside of the loop. For (2), @tf.function has reduce_retracing=True option that can avoid unnecessary retracing. For (3), please refer to https://www.tensorflow.org/guide/function#controlling_retracing and https://www.tensorflow.org/api_docs/python/tf/function for  more details.

1/1 [==============================] - ETA: 0s
1/1 [==============================] - 6s 6s/step
[11:30:58]     MUSE-CLMPNet       acc  57.69  bal-acc  50.00  sen 100.00  spe   0.00  f1  73.17   [274s]
================================
[⚠️] 3DCNN Based Distributed LSTM with Modified Pooling 
================================
Model: "model_6"
__________________________________________________________________________________________________
 Layer (type)                   Output Shape         Param #     Connected to                     
==================================================================================================
 input_8 (InputLayer)           [(None, 10, 128, 12  0           []                               
                                8, 12)]                                                           
                                                                                                  
 conv3d_3 (Conv3D)              (None, 10, 128, 128  5200        ['input_8[0][0]']                
                                , 16)                                                             
                                                                                                  
 activation_27 (Activation)     (None, 10, 128, 128  0           ['conv3d_3[0][0]']               
                                , 16)                                                             
                                                                                                  
 max_pooling3d_3 (MaxPooling3D)  (None, 10, 128, 128  0          ['activation_27[0][0]']          
                                , 16)                                                             
                                                                                                  
 average_pooling3d_3 (AveragePo  (None, 10, 128, 128  0          ['activation_27[0][0]']          
 oling3D)                       , 16)                                                             
                                                                                                  
 lambda_3 (Lambda)              (None, 10, 128, 128  0           ['max_pooling3d_3[0][0]',        
                                , 16)                             'average_pooling3d_3[0][0]']    
                                                                                                  
 conv3d_4 (Conv3D)              (None, 8, 126, 126,  13856       ['lambda_3[0][0]']               
                                 32)                                                              
                                                                                                  
 activation_28 (Activation)     (None, 8, 126, 126,  0           ['conv3d_4[0][0]']               
                                 32)                                                              
                                                                                                  
 max_pooling3d_4 (MaxPooling3D)  (None, 4, 63, 63, 3  0          ['activation_28[0][0]']          
                                2)                                                                
                                                                                                  
 average_pooling3d_4 (AveragePo  (None, 4, 63, 63, 3  0          ['activation_28[0][0]']          
 oling3D)                       2)                                                                
                                                                                                  
 lambda_4 (Lambda)              (None, 4, 63, 63, 3  0           ['max_pooling3d_4[0][0]',        
                                2)                                'average_pooling3d_4[0][0]']    
                                                                                                  
 conv3d_5 (Conv3D)              (None, 2, 61, 61, 6  55360       ['lambda_4[0][0]']               
                                4)                                                                
                                                                                                  
 activation_29 (Activation)     (None, 2, 61, 61, 6  0           ['conv3d_5[0][0]']               
                                4)                                                                
                                                                                                  
 batch_normalization_6 (BatchNo  (None, 2, 61, 61, 6  256        ['activation_29[0][0]']          
 rmalization)                   4)                                                                
                                                                                                  
 max_pooling3d_5 (MaxPooling3D)  (None, 1, 31, 31, 6  0          ['batch_normalization_6[0][0]']  
                                4)                                                                
                                                                                                  
 average_pooling3d_5 (AveragePo  (None, 1, 31, 31, 6  0          ['batch_normalization_6[0][0]']  
 oling3D)                       4)                                                                
                                                                                                  
 lambda_5 (Lambda)              (None, 1, 31, 31, 6  0           ['max_pooling3d_5[0][0]',        
                                4)                                'average_pooling3d_5[0][0]']    
                                                                                                  
 dropout_12 (Dropout)           (None, 1, 31, 31, 6  0           ['lambda_5[0][0]']               
                                4)                                                                
                                                                                                  
 reshape_13 (Reshape)           (None, 31, 31, 64)   0           ['dropout_12[0][0]']             
                                                                                                  
 spatial_and_channel_joint_atte  (None, 31, 31, 64)  0           ['reshape_13[0][0]']             
 ntion (SpatialAndChannelJointA                                                                   
 ttention)                                                                                        
                                                                                                  
 reshape_14 (Reshape)           (None, 31, 1984)     0           ['spatial_and_channel_joint_atten
                                                                 tion[0][0]']                     
                                                                                                  
 lstm_2 (LSTM)                  (None, 128)          1081856     ['reshape_14[0][0]']             
                                                                                                  
 lstm_3 (LSTM)                  (None, 128)          1081856     ['reshape_14[0][0]']             
                                                                                                  
 add_1 (Add)                    (None, 128)          0           ['lstm_2[0][0]',                 
                                                                  'lstm_3[0][0]']                 
                                                                                                  
 flatten_6 (Flatten)            (None, 128)          0           ['add_1[0][0]']                  
                                                                                                  
 dense_27 (Dense)               (None, 100)          12900       ['flatten_6[0][0]']              
                                                                                                  
 activation_30 (Activation)     (None, 100)          0           ['dense_27[0][0]']               
                                                                                                  
 batch_normalization_7 (BatchNo  (None, 100)         400         ['activation_30[0][0]']          
 rmalization)                                                                                     
                                                                                                  
 dropout_13 (Dropout)           (None, 100)          0           ['batch_normalization_7[0][0]']  
                                                                                                  
 dense2c (Dense)                (None, 64)           6464        ['dropout_13[0][0]']             
                                                                                                  
 activation_31 (Activation)     (None, 64)           0           ['dense2c[0][0]']                
                                                                                                  
 batch_normalization_8 (BatchNo  (None, 64)          256         ['activation_31[0][0]']          
 rmalization)                                                                                     
                                                                                                  
 dropout_14 (Dropout)           (None, 64)           0           ['batch_normalization_8[0][0]']  
                                                                                                  
 dense_28 (Dense)               (None, 2)            130         ['dropout_14[0][0]']             
                                                                                                  
==================================================================================================
Total params: 2,258,534
Trainable params: 2,258,078
Non-trainable params: 456
__________________________________________________________________________________________________
Epoch 1/10

1/1 [==============================] - ETA: 0s - loss: 1.1253 - accuracy: 0.5000
1/1 [==============================] - 32s 32s/step - loss: 1.1253 - accuracy: 0.5000
Epoch 2/10

1/1 [==============================] - ETA: 0s - loss: 1.5114 - accuracy: 0.4583
1/1 [==============================] - 25s 25s/step - loss: 1.5114 - accuracy: 0.4583
Epoch 3/10

1/1 [==============================] - ETA: 0s - loss: 1.0354 - accuracy: 0.6250
1/1 [==============================] - 21s 21s/step - loss: 1.0354 - accuracy: 0.6250
Epoch 4/10

1/1 [==============================] - ETA: 0s - loss: 0.5514 - accuracy: 0.7083
1/1 [==============================] - 11s 11s/step - loss: 0.5514 - accuracy: 0.7083
Epoch 5/10

1/1 [==============================] - ETA: 0s - loss: 1.5943 - accuracy: 0.4583
1/1 [==============================] - 11s 11s/step - loss: 1.5943 - accuracy: 0.4583
Epoch 6/10

1/1 [==============================] - ETA: 0s - loss: 0.7710 - accuracy: 0.7083
1/1 [==============================] - 11s 11s/step - loss: 0.7710 - accuracy: 0.7083
Epoch 7/10

1/1 [==============================] - ETA: 0s - loss: 0.4810 - accuracy: 0.8333
1/1 [==============================] - 10s 10s/step - loss: 0.4810 - accuracy: 0.8333
Epoch 8/10

1/1 [==============================] - ETA: 0s - loss: 0.7191 - accuracy: 0.6667
1/1 [==============================] - 10s 10s/step - loss: 0.7191 - accuracy: 0.6667
Epoch 9/10

1/1 [==============================] - ETA: 0s - loss: 0.4114 - accuracy: 0.7500
1/1 [==============================] - 10s 10s/step - loss: 0.4114 - accuracy: 0.7500
Epoch 10/10

1/1 [==============================] - ETA: 0s - loss: 0.4747 - accuracy: 0.7500
1/1 [==============================] - 10s 10s/step - loss: 0.4747 - accuracy: 0.7500
WARNING:tensorflow:6 out of the last 6 calls to <function Model.make_predict_function.<locals>.predict_function at 0x00000254B1C36B80> triggered tf.function retracing. Tracing is expensive and the excessive number of tracings could be due to (1) creating @tf.function repeatedly in a loop, (2) passing tensors with different shapes, (3) passing Python objects instead of tensors. For (1), please define your @tf.function outside of the loop. For (2), @tf.function has reduce_retracing=True option that can avoid unnecessary retracing. For (3), please refer to https://www.tensorflow.org/guide/function#controlling_retracing and https://www.tensorflow.org/api_docs/python/tf/function for  more details.

1/1 [==============================] - ETA: 0s
1/1 [==============================] - 2s 2s/step
[11:33:35]     SCAM-CLMPNet       acc  46.15  bal-acc  41.21  sen  73.33  spe   9.09  f1  61.11   [156s]
================================
[⚠️] 3DCNN Based Distributed LSTM with Modified Pooling 
================================
linspaced [0.09090909 0.18181818 0.27272727 0.36363636 0.45454545 0.54545455
 0.63636364 0.72727273 0.81818182 0.90909091 1.        ]
channel is 128
channel is 128
channel is 128
channel is 128
channel is 128
channel is 128
channel is 128
channel is 128
channel is 128
channel is 128
channel is 128
(None, 1, 128)
Model: "model_7"
__________________________________________________________________________________________________
 Layer (type)                   Output Shape         Param #     Connected to                     
==================================================================================================
 input_9 (InputLayer)           [(None, 10, 128, 12  0           []                               
                                8, 12)]                                                           
                                                                                                  
 conv3d_6 (Conv3D)              (None, 10, 128, 128  5200        ['input_9[0][0]']                
                                , 16)                                                             
                                                                                                  
 activation_32 (Activation)     (None, 10, 128, 128  0           ['conv3d_6[0][0]']               
                                , 16)                                                             
                                                                                                  
 max_pooling3d_6 (MaxPooling3D)  (None, 10, 128, 128  0          ['activation_32[0][0]']          
                                , 16)                                                             
                                                                                                  
 average_pooling3d_6 (AveragePo  (None, 10, 128, 128  0          ['activation_32[0][0]']          
 oling3D)                       , 16)                                                             
                                                                                                  
 lambda_6 (Lambda)              (None, 10, 128, 128  0           ['max_pooling3d_6[0][0]',        
                                , 16)                             'average_pooling3d_6[0][0]']    
                                                                                                  
 conv3d_7 (Conv3D)              (None, 8, 126, 126,  13856       ['lambda_6[0][0]']               
                                 32)                                                              
                                                                                                  
 activation_33 (Activation)     (None, 8, 126, 126,  0           ['conv3d_7[0][0]']               
                                 32)                                                              
                                                                                                  
 max_pooling3d_7 (MaxPooling3D)  (None, 4, 63, 63, 3  0          ['activation_33[0][0]']          
                                2)                                                                
                                                                                                  
 average_pooling3d_7 (AveragePo  (None, 4, 63, 63, 3  0          ['activation_33[0][0]']          
 oling3D)                       2)                                                                
                                                                                                  
 lambda_7 (Lambda)              (None, 4, 63, 63, 3  0           ['max_pooling3d_7[0][0]',        
                                2)                                'average_pooling3d_7[0][0]']    
                                                                                                  
 conv3d_8 (Conv3D)              (None, 2, 61, 61, 6  55360       ['lambda_7[0][0]']               
                                4)                                                                
                                                                                                  
 activation_34 (Activation)     (None, 2, 61, 61, 6  0           ['conv3d_8[0][0]']               
                                4)                                                                
                                                                                                  
 batch_normalization_9 (BatchNo  (None, 2, 61, 61, 6  256        ['activation_34[0][0]']          
 rmalization)                   4)                                                                
                                                                                                  
 max_pooling3d_8 (MaxPooling3D)  (None, 1, 31, 31, 6  0          ['batch_normalization_9[0][0]']  
                                4)                                                                
                                                                                                  
 average_pooling3d_8 (AveragePo  (None, 1, 31, 31, 6  0          ['batch_normalization_9[0][0]']  
 oling3D)                       4)                                                                
                                                                                                  
 lambda_8 (Lambda)              (None, 1, 31, 31, 6  0           ['max_pooling3d_8[0][0]',        
                                4)                                'average_pooling3d_8[0][0]']    
                                                                                                  
 dropout_15 (Dropout)           (None, 1, 31, 31, 6  0           ['lambda_8[0][0]']               
                                4)                                                                
                                                                                                  
 reshape_15 (Reshape)           (None, 31, 31, 64)   0           ['dropout_15[0][0]']             
                                                                                                  
 spatial_and_channel_joint_atte  (None, 31, 31, 64)  0           ['reshape_15[0][0]']             
 ntion_1 (SpatialAndChannelJoin                                                                   
 tAttention)                                                                                      
                                                                                                  
 reshape_16 (Reshape)           (None, 31, 1984)     0           ['spatial_and_channel_joint_atten
                                                                 tion_1[0][0]']                   
                                                                                                  
 lstm_4 (LSTM)                  (None, 128)          1081856     ['reshape_16[0][0]']             
                                                                                                  
 lstm_5 (LSTM)                  (None, 128)          1081856     ['reshape_16[0][0]']             
                                                                                                  
 add_2 (Add)                    (None, 128)          0           ['lstm_4[0][0]',                 
                                                                  'lstm_5[0][0]']                 
                                                                                                  
 reshape_17 (Reshape)           (None, 1, 128)       0           ['add_2[0][0]']                  
                                                                                                  
 reshape_18 (Reshape)           (None, 1, 128)       0           ['add_2[0][0]']                  
                                                                                                  
 reshape_19 (Reshape)           (None, 1, 128)       0           ['add_2[0][0]']                  
                                                                                                  
 reshape_20 (Reshape)           (None, 1, 128)       0           ['add_2[0][0]']                  
                                                                                                  
 reshape_21 (Reshape)           (None, 1, 128)       0           ['add_2[0][0]']                  
                                                                                                  
 reshape_22 (Reshape)           (None, 1, 128)       0           ['add_2[0][0]']                  
                                                                                                  
 reshape_23 (Reshape)           (None, 1, 128)       0           ['add_2[0][0]']                  
                                                                                                  
 reshape_24 (Reshape)           (None, 1, 128)       0           ['add_2[0][0]']                  
                                                                                                  
 reshape_25 (Reshape)           (None, 1, 128)       0           ['add_2[0][0]']                  
                                                                                                  
 reshape_26 (Reshape)           (None, 1, 128)       0           ['add_2[0][0]']                  
                                                                                                  
 reshape_27 (Reshape)           (None, 1, 128)       0           ['add_2[0][0]']                  
                                                                                                  
 dense_29 (Dense)               (None, 1, 11)        1419        ['reshape_17[0][0]']             
                                                                                                  
 dense_30 (Dense)               (None, 1, 23)        2967        ['reshape_18[0][0]']             
                                                                                                  
 dense_31 (Dense)               (None, 1, 34)        4386        ['reshape_19[0][0]']             
                                                                                                  
 dense_32 (Dense)               (None, 1, 46)        5934        ['reshape_20[0][0]']             
                                                                                                  
 dense_33 (Dense)               (None, 1, 58)        7482        ['reshape_21[0][0]']             
                                                                                                  
 dense_34 (Dense)               (None, 1, 69)        8901        ['reshape_22[0][0]']             
                                                                                                  
 dense_35 (Dense)               (None, 1, 81)        10449       ['reshape_23[0][0]']             
                                                                                                  
 dense_36 (Dense)               (None, 1, 93)        11997       ['reshape_24[0][0]']             
                                                                                                  
 dense_37 (Dense)               (None, 1, 104)       13416       ['reshape_25[0][0]']             
                                                                                                  
 dense_38 (Dense)               (None, 1, 116)       14964       ['reshape_26[0][0]']             
                                                                                                  
 dense_39 (Dense)               (None, 1, 128)       16512       ['reshape_27[0][0]']             
                                                                                                  
 activation_35 (Activation)     (None, 1, 11)        0           ['dense_29[0][0]']               
                                                                                                  
 activation_36 (Activation)     (None, 1, 23)        0           ['dense_30[0][0]']               
                                                                                                  
 activation_37 (Activation)     (None, 1, 34)        0           ['dense_31[0][0]']               
                                                                                                  
 activation_38 (Activation)     (None, 1, 46)        0           ['dense_32[0][0]']               
                                                                                                  
 activation_39 (Activation)     (None, 1, 58)        0           ['dense_33[0][0]']               
                                                                                                  
 activation_40 (Activation)     (None, 1, 69)        0           ['dense_34[0][0]']               
                                                                                                  
 activation_41 (Activation)     (None, 1, 81)        0           ['dense_35[0][0]']               
                                                                                                  
 activation_42 (Activation)     (None, 1, 93)        0           ['dense_36[0][0]']               
                                                                                                  
 activation_43 (Activation)     (None, 1, 104)       0           ['dense_37[0][0]']               
                                                                                                  
 activation_44 (Activation)     (None, 1, 116)       0           ['dense_38[0][0]']               
                                                                                                  
 activation_45 (Activation)     (None, 1, 128)       0           ['dense_39[0][0]']               
                                                                                                  
 excitation_0.091 (Dense)       (None, 1, 128)       1536        ['activation_35[0][0]']          
                                                                                                  
 excitation_0.182 (Dense)       (None, 1, 128)       3072        ['activation_36[0][0]']          
                                                                                                  
 excitation_0.273 (Dense)       (None, 1, 128)       4480        ['activation_37[0][0]']          
                                                                                                  
 excitation_0.364 (Dense)       (None, 1, 128)       6016        ['activation_38[0][0]']          
                                                                                                  
 excitation_0.455 (Dense)       (None, 1, 128)       7552        ['activation_39[0][0]']          
                                                                                                  
 excitation_0.545 (Dense)       (None, 1, 128)       8960        ['activation_40[0][0]']          
                                                                                                  
 excitation_0.636 (Dense)       (None, 1, 128)       10496       ['activation_41[0][0]']          
                                                                                                  
 excitation_0.727 (Dense)       (None, 1, 128)       12032       ['activation_42[0][0]']          
                                                                                                  
 excitation_0.818 (Dense)       (None, 1, 128)       13440       ['activation_43[0][0]']          
                                                                                                  
 excitation_0.909 (Dense)       (None, 1, 128)       14976       ['activation_44[0][0]']          
                                                                                                  
 excitation_1 (Dense)           (None, 1, 128)       16512       ['activation_45[0][0]']          
                                                                                                  
 average_1 (Average)            (None, 1, 128)       0           ['excitation_0.091[0][0]',       
                                                                  'excitation_0.182[0][0]',       
                                                                  'excitation_0.273[0][0]',       
                                                                  'excitation_0.364[0][0]',       
                                                                  'excitation_0.455[0][0]',       
                                                                  'excitation_0.545[0][0]',       
                                                                  'excitation_0.636[0][0]',       
                                                                  'excitation_0.727[0][0]',       
                                                                  'excitation_0.818[0][0]',       
                                                                  'excitation_0.909[0][0]',       
                                                                  'excitation_1[0][0]']           
                                                                                                  
 normalized_attention (LayerNor  (None, 1, 128)      256         ['average_1[0][0]']              
 malization)                                                                                      
                                                                                                  
 hadamard (Multiply)            (None, 1, 128)       0           ['add_2[0][0]',                  
                                                                  'normalized_attention[0][0]']   
                                                                                                  
 normalized_attention2 (LayerNo  (None, 1, 128)      256         ['hadamard[0][0]']               
 rmalization)                                                                                     
                                                                                                  
 trainableatt (TrainableAttenti  (None, 1, 128)      16384       ['normalized_attention2[0][0]']  
 on)                                                                                              
                                                                                                  
 dense_40 (Dense)               (None, 1, 128)       16384       ['trainableatt[0][0]']           
                                                                                                  
 dense_41 (Dense)               (None, 1, 128)       16384       ['dense_40[0][0]']               
                                                                                                  
 flatten_7 (Flatten)            (None, 128)          0           ['dense_41[0][0]']               
                                                                                                  
 dense_42 (Dense)               (None, 100)          12900       ['flatten_7[0][0]']              
                                                                                                  
 activation_46 (Activation)     (None, 100)          0           ['dense_42[0][0]']               
                                                                                                  
 batch_normalization_10 (BatchN  (None, 100)         400         ['activation_46[0][0]']          
 ormalization)                                                                                    
                                                                                                  
 dropout_16 (Dropout)           (None, 100)          0           ['batch_normalization_10[0][0]'] 
                                                                                                  
 dense2c (Dense)                (None, 64)           6464        ['dropout_16[0][0]']             
                                                                                                  
 activation_47 (Activation)     (None, 64)           0           ['dense2c[0][0]']                
                                                                                                  
 batch_normalization_11 (BatchN  (None, 64)          256         ['activation_47[0][0]']          
 ormalization)                                                                                    
                                                                                                  
 dropout_17 (Dropout)           (None, 64)           0           ['batch_normalization_11[0][0]'] 
                                                                                                  
 dense_43 (Dense)               (None, 2)            130         ['dropout_17[0][0]']             
                                                                                                  
==================================================================================================
Total params: 2,505,697
Trainable params: 2,505,241
Non-trainable params: 456
__________________________________________________________________________________________________
Epoch 1/10

1/1 [==============================] - ETA: 0s - loss: 0.6930 - accuracy: 0.5417
1/1 [==============================] - 33s 33s/step - loss: 0.6930 - accuracy: 0.5417
Epoch 2/10

1/1 [==============================] - ETA: 0s - loss: 1.6283 - accuracy: 0.2500
1/1 [==============================] - 28s 28s/step - loss: 1.6283 - accuracy: 0.2500
Epoch 3/10

1/1 [==============================] - ETA: 0s - loss: 1.0022 - accuracy: 0.5833
1/1 [==============================] - 28s 28s/step - loss: 1.0022 - accuracy: 0.5833
Epoch 4/10

1/1 [==============================] - ETA: 0s - loss: 0.7292 - accuracy: 0.6667
1/1 [==============================] - 27s 27s/step - loss: 0.7292 - accuracy: 0.6667
Epoch 5/10

1/1 [==============================] - ETA: 0s - loss: 0.8706 - accuracy: 0.5417
1/1 [==============================] - 27s 27s/step - loss: 0.8706 - accuracy: 0.5417
Epoch 6/10

1/1 [==============================] - ETA: 0s - loss: 1.1357 - accuracy: 0.5833
1/1 [==============================] - 26s 26s/step - loss: 1.1357 - accuracy: 0.5833
Epoch 7/10

1/1 [==============================] - ETA: 0s - loss: 1.0316 - accuracy: 0.5833
1/1 [==============================] - 25s 25s/step - loss: 1.0316 - accuracy: 0.5833
Epoch 8/10

1/1 [==============================] - ETA: 0s - loss: 0.6807 - accuracy: 0.7083
1/1 [==============================] - 25s 25s/step - loss: 0.6807 - accuracy: 0.7083
Epoch 9/10

1/1 [==============================] - ETA: 0s - loss: 0.3459 - accuracy: 0.8750
1/1 [==============================] - 25s 25s/step - loss: 0.3459 - accuracy: 0.8750
Epoch 10/10

1/1 [==============================] - ETA: 0s - loss: 0.4590 - accuracy: 0.7917
1/1 [==============================] - 24s 24s/step - loss: 0.4590 - accuracy: 0.7917

1/1 [==============================] - ETA: 0s
1/1 [==============================] - 7s 7s/step
[11:38:12]     SMA-CLMPNet        acc  57.69  bal-acc  50.00  sen 100.00  spe   0.00  f1  73.17   [277s]
[11:38:16]     EfficientNetV2S    acc  46.15  bal-acc  47.27  sen  40.00  spe  54.55  f1  46.15   [4s]
[11:38:19]     ConvNeXtTiny       acc  61.54  bal-acc  60.61  sen  66.67  spe  54.55  f1  66.67   [3s]
[11:38:22]     MobileNetV3Large   acc  61.54  bal-acc  60.61  sen  66.67  spe  54.55  f1  66.67   [3s]
[11:38:26]     ResNetRS50         acc  42.31  bal-acc  40.30  sen  53.33  spe  27.27  f1  51.61   [4s]
linspaced [0.09090909 0.18181818 0.27272727 0.36363636 0.45454545 0.54545455
 0.63636364 0.72727273 0.81818182 0.90909091 1.        ]
channel is 128
channel is 128
channel is 128
channel is 128
channel is 128
channel is 128
channel is 128
channel is 128
channel is 128
channel is 128
channel is 128
(None, 1, 128)
Epoch 1/30
3/3 - 40s - loss: 1.1621 - accuracy: 0.5000 - 40s/epoch - 13s/step
Epoch 2/30
3/3 - 30s - loss: 0.6298 - accuracy: 0.7917 - 30s/epoch - 10s/step
Epoch 3/30
3/3 - 29s - loss: 1.0174 - accuracy: 0.5833 - 29s/epoch - 10s/step
Epoch 4/30
3/3 - 29s - loss: 1.0085 - accuracy: 0.5417 - 29s/epoch - 10s/step
Epoch 5/30
3/3 - 30s - loss: 0.5264 - accuracy: 0.7083 - 30s/epoch - 10s/step
Epoch 6/30
3/3 - 30s - loss: 0.9793 - accuracy: 0.6250 - 30s/epoch - 10s/step
Epoch 7/30
3/3 - 30s - loss: 0.9023 - accuracy: 0.5833 - 30s/epoch - 10s/step
Epoch 8/30
3/3 - 30s - loss: 0.3980 - accuracy: 0.7917 - 30s/epoch - 10s/step
Epoch 9/30
3/3 - 30s - loss: 0.6537 - accuracy: 0.6667 - 30s/epoch - 10s/step
Epoch 10/30
3/3 - 30s - loss: 0.4651 - accuracy: 0.8333 - 30s/epoch - 10s/step
Epoch 11/30
3/3 - 30s - loss: 0.7572 - accuracy: 0.7500 - 30s/epoch - 10s/step
Epoch 12/30
3/3 - 29s - loss: 0.5668 - accuracy: 0.8333 - 29s/epoch - 10s/step
Epoch 13/30
3/3 - 24s - loss: 0.3876 - accuracy: 0.8333 - 24s/epoch - 8s/step
Epoch 14/30
3/3 - 12s - loss: 0.2715 - accuracy: 0.9167 - 12s/epoch - 4s/step
Epoch 15/30
3/3 - 12s - loss: 0.3016 - accuracy: 0.8750 - 12s/epoch - 4s/step
Epoch 16/30
3/3 - 12s - loss: 0.1990 - accuracy: 0.8750 - 12s/epoch - 4s/step
Epoch 17/30
3/3 - 12s - loss: 0.1137 - accuracy: 0.9583 - 12s/epoch - 4s/step
Epoch 18/30
3/3 - 12s - loss: 0.1443 - accuracy: 0.9583 - 12s/epoch - 4s/step
Epoch 19/30
3/3 - 12s - loss: 0.1371 - accuracy: 0.9583 - 12s/epoch - 4s/step
Epoch 20/30
3/3 - 12s - loss: 0.2684 - accuracy: 0.8750 - 12s/epoch - 4s/step
Epoch 21/30
3/3 - 12s - loss: 0.4246 - accuracy: 0.8333 - 12s/epoch - 4s/step
Epoch 22/30
3/3 - 12s - loss: 0.1999 - accuracy: 0.8333 - 12s/epoch - 4s/step
Epoch 23/30
3/3 - 12s - loss: 0.1232 - accuracy: 0.9583 - 12s/epoch - 4s/step
Epoch 24/30
3/3 - 12s - loss: 0.1127 - accuracy: 0.9583 - 12s/epoch - 4s/step
Epoch 25/30
3/3 - 12s - loss: 0.1714 - accuracy: 0.9167 - 12s/epoch - 4s/step
Epoch 26/30
3/3 - 12s - loss: 0.1487 - accuracy: 0.9583 - 12s/epoch - 4s/step
Epoch 27/30
3/3 - 12s - loss: 0.0643 - accuracy: 1.0000 - 12s/epoch - 4s/step
Epoch 28/30
3/3 - 12s - loss: 0.1956 - accuracy: 0.9167 - 12s/epoch - 4s/step
Epoch 29/30
3/3 - 12s - loss: 0.1332 - accuracy: 0.9583 - 12s/epoch - 4s/step
Epoch 30/30
3/3 - 12s - loss: 0.2480 - accuracy: 0.8750 - 12s/epoch - 4s/step
[11:48:26]     SMA-CLMPNet-Opt    acc  57.69  bal-acc  50.00  sen 100.00  spe   0.00  f1  73.17   [600s]
[11:48:26] === train 60%: 29 train / 21 test (test classes [12, 9])
================================
[⚠️] DCNN 
================================
Model: "model_13"
_________________________________________________________________
 Layer (type)                Output Shape              Param #   
=================================================================
 input_15 (InputLayer)       [(None, 224, 224, 3)]     0         
                                                                 
 input_1 (InputLayer)        multiple                  0         
                                                                 
 rescaling (Rescaling)       (None, 224, 224, 3)       0         
                                                                 
 normalization (Normalizatio  (None, 224, 224, 3)      7         
 n)                                                              
                                                                 
 rescaling_1 (Rescaling)     (None, 224, 224, 3)       0         
                                                                 
 stem_conv_pad (ZeroPadding2  (None, 225, 225, 3)      0         
 D)                                                              
                                                                 
 stem_conv (Conv2D)          (None, 112, 112, 64)      1728      
                                                                 
 conv2d_13 (Conv2D)          (None, 112, 112, 64)      36928     
                                                                 
 max_pooling2d_10 (MaxPoolin  (None, 56, 56, 64)       0         
 g2D)                                                            
                                                                 
 conv2d_14 (Conv2D)          (None, 56, 56, 32)        18464     
                                                                 
 max_pooling2d_11 (MaxPoolin  (None, 28, 28, 32)       0         
 g2D)                                                            
                                                                 
 flatten_9 (Flatten)         (None, 25088)             0         
                                                                 
 dense_67 (Dense)            (None, 128)               3211392   
                                                                 
 activation_64 (Activation)  (None, 128)               0         
                                                                 
 dropout_29 (Dropout)        (None, 128)               0         
                                                                 
 dense_68 (Dense)            (None, 32)                4128      
                                                                 
 activation_65 (Activation)  (None, 32)                0         
                                                                 
 dropout_30 (Dropout)        (None, 32)                0         
                                                                 
 dense_69 (Dense)            (None, 2)                 66        
                                                                 
=================================================================
Total params: 3,272,713
Trainable params: 3,272,706
Non-trainable params: 7
_________________________________________________________________
Epoch 1/10

1/1 [==============================] - ETA: 0s - loss: 1.7881 - accuracy: 0.4138
1/1 [==============================] - 1s 897ms/step - loss: 1.7881 - accuracy: 0.4138
Epoch 2/10

1/1 [==============================] - ETA: 0s - loss: 9.2933 - accuracy: 0.5862
1/1 [==============================] - 0s 469ms/step - loss: 9.2933 - accuracy: 0.5862
Epoch 3/10

1/1 [==============================] - ETA: 0s - loss: 2.7738 - accuracy: 0.5172
1/1 [==============================] - 0s 441ms/step - loss: 2.7738 - accuracy: 0.5172
Epoch 4/10

1/1 [==============================] - ETA: 0s - loss: 1.5389 - accuracy: 0.4483
1/1 [==============================] - 0s 464ms/step - loss: 1.5389 - accuracy: 0.4483
Epoch 5/10

1/1 [==============================] - ETA: 0s - loss: 0.7233 - accuracy: 0.5862
1/1 [==============================] - 0s 457ms/step - loss: 0.7233 - accuracy: 0.5862
Epoch 6/10

1/1 [==============================] - ETA: 0s - loss: 0.8394 - accuracy: 0.5862
1/1 [==============================] - 0s 474ms/step - loss: 0.8394 - accuracy: 0.5862
Epoch 7/10

1/1 [==============================] - ETA: 0s - loss: 0.7706 - accuracy: 0.3793
1/1 [==============================] - 0s 437ms/step - loss: 0.7706 - accuracy: 0.3793
Epoch 8/10

1/1 [==============================] - ETA: 0s - loss: 0.7109 - accuracy: 0.6207
1/1 [==============================] - 0s 436ms/step - loss: 0.7109 - accuracy: 0.6207
Epoch 9/10

1/1 [==============================] - ETA: 0s - loss: 0.7062 - accuracy: 0.5517
1/1 [==============================] - 0s 464ms/step - loss: 0.7062 - accuracy: 0.5517
Epoch 10/10

1/1 [==============================] - ETA: 0s - loss: 0.8487 - accuracy: 0.4483
1/1 [==============================] - 0s 461ms/step - loss: 0.8487 - accuracy: 0.4483

1/1 [==============================] - ETA: 0s
1/1 [==============================] - 0s 131ms/step
[11:48:32]     EfficientNet       acc  57.14  bal-acc  50.00  sen 100.00  spe   0.00  f1  72.73   [6s]
================================
[⚠️] STIDNet 
================================
Model: "model_14"
_________________________________________________________________
 Layer (type)                Output Shape              Param #   
=================================================================
 input_16 (InputLayer)       [(None, 128, 128, 10)]    0         
                                                                 
 conv2d_15 (Conv2D)          (None, 126, 126, 16)      1456      
                                                                 
 max_pooling2d_12 (MaxPoolin  (None, 63, 63, 16)       0         
 g2D)                                                            
                                                                 
 conv2d_16 (Conv2D)          (None, 61, 61, 32)        4640      
                                                                 
 max_pooling2d_13 (MaxPoolin  (None, 30, 30, 32)       0         
 g2D)                                                            
                                                                 
 conv2d_17 (Conv2D)          (None, 28, 28, 64)        18496     
                                                                 
 max_pooling2d_14 (MaxPoolin  (None, 14, 14, 64)       0         
 g2D)                                                            
                                                                 
 flatten_10 (Flatten)        (None, 12544)             0         
                                                                 
 dense_70 (Dense)            (None, 256)               3211520   
                                                                 
 dropout_31 (Dropout)        (None, 256)               0         
                                                                 
 dense_71 (Dense)            (None, 256)               65792     
                                                                 
 dropout_32 (Dropout)        (None, 256)               0         
                                                                 
 dense_72 (Dense)            (None, 2)                 514       
                                                                 
=================================================================
Total params: 3,302,418
Trainable params: 3,302,418
Non-trainable params: 0
_________________________________________________________________
Model: "model_15"
_________________________________________________________________
 Layer (type)                Output Shape              Param #   
=================================================================
 input_17 (InputLayer)       [(None, 128, 128, 10)]    0         
                                                                 
 conv2d_18 (Conv2D)          (None, 126, 126, 64)      5824      
                                                                 
 max_pooling2d_15 (MaxPoolin  (None, 63, 63, 64)       0         
 g2D)                                                            
                                                                 
 conv2d_19 (Conv2D)          (None, 61, 61, 16)        9232      
                                                                 
 max_pooling2d_16 (MaxPoolin  (None, 30, 30, 16)       0         
 g2D)                                                            
                                                                 
 flatten_11 (Flatten)        (None, 14400)             0         
                                                                 
 dense_73 (Dense)            (None, 64)                921664    
                                                                 
 dropout_33 (Dropout)        (None, 64)                0         
                                                                 
 dense_74 (Dense)            (None, 2)                 130       
                                                                 
=================================================================
Total params: 936,850
Trainable params: 936,850
Non-trainable params: 0
_________________________________________________________________
Epoch 1/10

1/1 [==============================] - ETA: 0s - loss: 0.6798 - accuracy: 0.5517
1/1 [==============================] - 1s 527ms/step - loss: 0.6798 - accuracy: 0.5517
Epoch 2/10

1/1 [==============================] - ETA: 0s - loss: 1.4523 - accuracy: 0.3448
1/1 [==============================] - 0s 118ms/step - loss: 1.4523 - accuracy: 0.3448
Epoch 3/10

1/1 [==============================] - ETA: 0s - loss: 0.9382 - accuracy: 0.5517
1/1 [==============================] - 0s 110ms/step - loss: 0.9382 - accuracy: 0.5517
Epoch 4/10

1/1 [==============================] - ETA: 0s - loss: 0.7987 - accuracy: 0.6552
1/1 [==============================] - 0s 114ms/step - loss: 0.7987 - accuracy: 0.6552
Epoch 5/10

1/1 [==============================] - ETA: 0s - loss: 0.7968 - accuracy: 0.4483
1/1 [==============================] - 0s 135ms/step - loss: 0.7968 - accuracy: 0.4483
Epoch 6/10

1/1 [==============================] - ETA: 0s - loss: 0.7711 - accuracy: 0.4138
1/1 [==============================] - 0s 115ms/step - loss: 0.7711 - accuracy: 0.4138
Epoch 7/10

1/1 [==============================] - ETA: 0s - loss: 0.6939 - accuracy: 0.5862
1/1 [==============================] - 0s 119ms/step - loss: 0.6939 - accuracy: 0.5862
Epoch 8/10

1/1 [==============================] - ETA: 0s - loss: 0.6713 - accuracy: 0.5862
1/1 [==============================] - 0s 113ms/step - loss: 0.6713 - accuracy: 0.5862
Epoch 9/10

1/1 [==============================] - ETA: 0s - loss: 0.6805 - accuracy: 0.6552
1/1 [==============================] - 0s 109ms/step - loss: 0.6805 - accuracy: 0.6552
Epoch 10/10

1/1 [==============================] - ETA: 0s - loss: 0.6588 - accuracy: 0.6207
1/1 [==============================] - 0s 113ms/step - loss: 0.6588 - accuracy: 0.6207
Epoch 1/10

1/1 [==============================] - ETA: 0s - loss: 0.7167 - accuracy: 0.4828
1/1 [==============================] - 1s 572ms/step - loss: 0.7167 - accuracy: 0.4828
Epoch 2/10

1/1 [==============================] - ETA: 0s - loss: 1.3374 - accuracy: 0.5862
1/1 [==============================] - 0s 252ms/step - loss: 1.3374 - accuracy: 0.5862
Epoch 3/10

1/1 [==============================] - ETA: 0s - loss: 0.6736 - accuracy: 0.5172
1/1 [==============================] - 0s 243ms/step - loss: 0.6736 - accuracy: 0.5172
Epoch 4/10

1/1 [==============================] - ETA: 0s - loss: 0.6755 - accuracy: 0.5517
1/1 [==============================] - 0s 236ms/step - loss: 0.6755 - accuracy: 0.5517
Epoch 5/10

1/1 [==============================] - ETA: 0s - loss: 0.6116 - accuracy: 0.6207
1/1 [==============================] - 0s 238ms/step - loss: 0.6116 - accuracy: 0.6207
Epoch 6/10

1/1 [==============================] - ETA: 0s - loss: 0.6142 - accuracy: 0.6207
1/1 [==============================] - 0s 243ms/step - loss: 0.6142 - accuracy: 0.6207
Epoch 7/10

1/1 [==============================] - ETA: 0s - loss: 0.5908 - accuracy: 0.7241
1/1 [==============================] - 0s 234ms/step - loss: 0.5908 - accuracy: 0.7241
Epoch 8/10

1/1 [==============================] - ETA: 0s - loss: 0.5676 - accuracy: 0.9655
1/1 [==============================] - 0s 300ms/step - loss: 0.5676 - accuracy: 0.9655
Epoch 9/10

1/1 [==============================] - ETA: 0s - loss: 0.5276 - accuracy: 0.7931
1/1 [==============================] - 0s 307ms/step - loss: 0.5276 - accuracy: 0.7931
Epoch 10/10

1/1 [==============================] - ETA: 0s - loss: 0.6035 - accuracy: 0.6552
1/1 [==============================] - 0s 298ms/step - loss: 0.6035 - accuracy: 0.6552
Epoch 1/10

1/1 [==============================] - ETA: 0s - accuracy: 0.8846 - loss: 0.0468 - student_loss: 0.4195 - distillation_loss: 0.0054
1/1 [==============================] - 1s 804ms/step - accuracy: 0.8846 - loss: 0.0468 - student_loss: 0.4195 - distillation_loss: 0.0054 - val_accuracy: 0.0000e+00 - val_student_loss: 1.3037
Epoch 2/10

1/1 [==============================] - ETA: 0s - accuracy: 0.7692 - loss: 0.0633 - student_loss: 0.4783 - distillation_loss: 0.0172
1/1 [==============================] - 0s 205ms/step - accuracy: 0.7692 - loss: 0.0633 - student_loss: 0.4783 - distillation_loss: 0.0172 - val_accuracy: 1.0000 - val_student_loss: 0.0715
Epoch 3/10

1/1 [==============================] - ETA: 0s - accuracy: 0.3846 - loss: 0.1901 - student_loss: 1.5359 - distillation_loss: 0.0405
1/1 [==============================] - 0s 255ms/step - accuracy: 0.3846 - loss: 0.1901 - student_loss: 1.5359 - distillation_loss: 0.0405 - val_accuracy: 0.3333 - val_student_loss: 0.8840
Epoch 4/10

1/1 [==============================] - ETA: 0s - accuracy: 0.8462 - loss: 0.0433 - student_loss: 0.3483 - distillation_loss: 0.0094
1/1 [==============================] - 0s 258ms/step - accuracy: 0.8462 - loss: 0.0433 - student_loss: 0.3483 - distillation_loss: 0.0094 - val_accuracy: 0.0000e+00 - val_student_loss: 1.5205
Epoch 5/10

1/1 [==============================] - ETA: 0s - accuracy: 0.6923 - loss: 0.0606 - student_loss: 0.4292 - distillation_loss: 0.0197
1/1 [==============================] - 0s 259ms/step - accuracy: 0.6923 - loss: 0.0606 - student_loss: 0.4292 - distillation_loss: 0.0197 - val_accuracy: 0.3333 - val_student_loss: 0.8155
Epoch 6/10

1/1 [==============================] - ETA: 0s - accuracy: 0.8077 - loss: 0.0467 - student_loss: 0.3996 - distillation_loss: 0.0075
1/1 [==============================] - 0s 280ms/step - accuracy: 0.8077 - loss: 0.0467 - student_loss: 0.3996 - distillation_loss: 0.0075 - val_accuracy: 1.0000 - val_student_loss: 0.4642
Epoch 7/10

1/1 [==============================] - ETA: 0s - accuracy: 0.8462 - loss: 0.0540 - student_loss: 0.4840 - distillation_loss: 0.0062
1/1 [==============================] - 0s 276ms/step - accuracy: 0.8462 - loss: 0.0540 - student_loss: 0.4840 - distillation_loss: 0.0062 - val_accuracy: 0.6667 - val_student_loss: 0.6109
Epoch 8/10

1/1 [==============================] - ETA: 0s - accuracy: 0.8462 - loss: 0.0462 - student_loss: 0.4270 - distillation_loss: 0.0039
1/1 [==============================] - 0s 317ms/step - accuracy: 0.8462 - loss: 0.0462 - student_loss: 0.4270 - distillation_loss: 0.0039 - val_accuracy: 0.0000e+00 - val_student_loss: 0.8794
Epoch 9/10

1/1 [==============================] - ETA: 0s - accuracy: 0.8846 - loss: 0.0461 - student_loss: 0.3971 - distillation_loss: 0.0071
1/1 [==============================] - 0s 312ms/step - accuracy: 0.8846 - loss: 0.0461 - student_loss: 0.3971 - distillation_loss: 0.0071 - val_accuracy: 0.0000e+00 - val_student_loss: 1.0965
Epoch 10/10

1/1 [==============================] - ETA: 0s - accuracy: 0.7692 - loss: 0.0503 - student_loss: 0.4403 - distillation_loss: 0.0069
1/1 [==============================] - 0s 259ms/step - accuracy: 0.7692 - loss: 0.0503 - student_loss: 0.4403 - distillation_loss: 0.0069 - val_accuracy: 0.0000e+00 - val_student_loss: 1.0169

1/1 [==============================] - ETA: 0s
1/1 [==============================] - 0s 153ms/step
[11:48:41]     STIDNet            acc  57.14  bal-acc  50.00  sen 100.00  spe   0.00  f1  72.73   [9s]
================================
[⚠️] CNN 
================================
Model: "model_16"
_________________________________________________________________
 Layer (type)                Output Shape              Param #   
=================================================================
 input_18 (InputLayer)       [(None, 128, 128, 10)]    0         
                                                                 
 conv2d_20 (Conv2D)          (None, 128, 128, 16)      1456      
                                                                 
 activation_66 (Activation)  (None, 128, 128, 16)      0         
                                                                 
 max_pooling2d_17 (MaxPoolin  (None, 128, 128, 16)     0         
 g2D)                                                            
                                                                 
 conv2d_21 (Conv2D)          (None, 128, 128, 32)      4640      
                                                                 
 activation_67 (Activation)  (None, 128, 128, 32)      0         
                                                                 
 max_pooling2d_18 (MaxPoolin  (None, 128, 128, 32)     0         
 g2D)                                                            
                                                                 
 conv2d_22 (Conv2D)          (None, 128, 128, 64)      18496     
                                                                 
 activation_68 (Activation)  (None, 128, 128, 64)      0         
                                                                 
 batch_normalization_15 (Bat  (None, 128, 128, 64)     256       
 chNormalization)                                                
                                                                 
 max_pooling2d_19 (MaxPoolin  (None, 128, 128, 64)     0         
 g2D)                                                            
                                                                 
 dropout_34 (Dropout)        (None, 128, 128, 64)      0         
                                                                 
 flatten_12 (Flatten)        (None, 1048576)           0         
                                                                 
 dense_75 (Dense)            (None, 100)               104857700 
                                                                 
 activation_69 (Activation)  (None, 100)               0         
                                                                 
 batch_normalization_16 (Bat  (None, 100)              400       
 chNormalization)                                                
                                                                 
 dropout_35 (Dropout)        (None, 100)               0         
                                                                 
 dense2c (Dense)             (None, 64)                6464      
                                                                 
 activation_70 (Activation)  (None, 64)                0         
                                                                 
 batch_normalization_17 (Bat  (None, 64)               256       
 chNormalization)                                                
                                                                 
 dropout_36 (Dropout)        (None, 64)                0         
                                                                 
 dense_76 (Dense)            (None, 2)                 130       
                                                                 
=================================================================
Total params: 104,889,798
Trainable params: 104,889,342
Non-trainable params: 456
_________________________________________________________________
Epoch 1/10

1/1 [==============================] - ETA: 0s - loss: 1.5073 - accuracy: 0.4828
1/1 [==============================] - 2s 2s/step - loss: 1.5073 - accuracy: 0.4828
Epoch 2/10

1/1 [==============================] - ETA: 0s - loss: 0.6372 - accuracy: 0.5517
1/1 [==============================] - 1s 1s/step - loss: 0.6372 - accuracy: 0.5517
Epoch 3/10

1/1 [==============================] - ETA: 0s - loss: 0.7352 - accuracy: 0.6207
1/1 [==============================] - 1s 1s/step - loss: 0.7352 - accuracy: 0.6207
Epoch 4/10

1/1 [==============================] - ETA: 0s - loss: 0.8590 - accuracy: 0.5862
1/1 [==============================] - 1s 1s/step - loss: 0.8590 - accuracy: 0.5862
Epoch 5/10

1/1 [==============================] - ETA: 0s - loss: 0.3885 - accuracy: 0.8276
1/1 [==============================] - 1s 1s/step - loss: 0.3885 - accuracy: 0.8276
Epoch 6/10

1/1 [==============================] - ETA: 0s - loss: 0.5681 - accuracy: 0.8276
1/1 [==============================] - 1s 1s/step - loss: 0.5681 - accuracy: 0.8276
Epoch 7/10

1/1 [==============================] - ETA: 0s - loss: 0.4068 - accuracy: 0.8276
1/1 [==============================] - 1s 1s/step - loss: 0.4068 - accuracy: 0.8276
Epoch 8/10

1/1 [==============================] - ETA: 0s - loss: 0.5831 - accuracy: 0.7586
1/1 [==============================] - 1s 1s/step - loss: 0.5831 - accuracy: 0.7586
Epoch 9/10

1/1 [==============================] - ETA: 0s - loss: 0.3626 - accuracy: 0.8966
1/1 [==============================] - 1s 1s/step - loss: 0.3626 - accuracy: 0.8966
Epoch 10/10

1/1 [==============================] - ETA: 0s - loss: 0.3320 - accuracy: 0.8276
1/1 [==============================] - 1s 1s/step - loss: 0.3320 - accuracy: 0.8276

1/1 [==============================] - ETA: 0s
1/1 [==============================] - 0s 227ms/step
[11:48:54]     DCNN               acc  42.86  bal-acc  50.00  sen   0.00  spe 100.00  f1   0.00   [14s]
================================
[⚠️] GLCM 
================================
Model: "model_17"
_________________________________________________________________
 Layer (type)                Output Shape              Param #   
=================================================================
 input_19 (InputLayer)       [(None, 10, 12)]          0         
                                                                 
 conv1d_2 (Conv1D)           (None, 10, 32)            1184      
                                                                 
 activation_71 (Activation)  (None, 10, 32)            0         
                                                                 
 dropout_37 (Dropout)        (None, 10, 32)            0         
                                                                 
 max_pooling1d_2 (MaxPooling  (None, 5, 32)            0         
 1D)                                                             
                                                                 
 conv1d_3 (Conv1D)           (None, 5, 64)             6208      
                                                                 
 activation_72 (Activation)  (None, 5, 64)             0         
                                                                 
 max_pooling1d_3 (MaxPooling  (None, 3, 64)            0         
 1D)                                                             
                                                                 
 flatten_13 (Flatten)        (None, 192)               0         
                                                                 
 dense_77 (Dense)            (None, 32)                6176      
                                                                 
 activation_73 (Activation)  (None, 32)                0         
                                                                 
 dense_78 (Dense)            (None, 2)                 66        
                                                                 
 activation_74 (Activation)  (None, 2)                 0         
                                                                 
=================================================================
Total params: 13,634
Trainable params: 13,634
Non-trainable params: 0
_________________________________________________________________
Epoch 1/10

1/1 [==============================] - ETA: 0s - loss: 178.9388 - accuracy: 0.5517
1/1 [==============================] - 0s 347ms/step - loss: 178.9388 - accuracy: 0.5517
Epoch 2/10

1/1 [==============================] - ETA: 0s - loss: 112.6660 - accuracy: 0.4483
1/1 [==============================] - 0s 2ms/step - loss: 112.6660 - accuracy: 0.4483
Epoch 3/10

1/1 [==============================] - ETA: 0s - loss: 112.3513 - accuracy: 0.4828
1/1 [==============================] - 0s 2ms/step - loss: 112.3513 - accuracy: 0.4828
Epoch 4/10

1/1 [==============================] - ETA: 0s - loss: 110.2119 - accuracy: 0.4828
1/1 [==============================] - 0s 2ms/step - loss: 110.2119 - accuracy: 0.4828
Epoch 5/10

1/1 [==============================] - ETA: 0s - loss: 77.1435 - accuracy: 0.4828
1/1 [==============================] - 0s 2ms/step - loss: 77.1435 - accuracy: 0.4828
Epoch 6/10

1/1 [==============================] - ETA: 0s - loss: 70.2158 - accuracy: 0.6897
1/1 [==============================] - 0s 3ms/step - loss: 70.2158 - accuracy: 0.6897
Epoch 7/10

1/1 [==============================] - ETA: 0s - loss: 76.4405 - accuracy: 0.5517
1/1 [==============================] - 0s 2ms/step - loss: 76.4405 - accuracy: 0.5517
Epoch 8/10

1/1 [==============================] - ETA: 0s - loss: 96.4174 - accuracy: 0.4483
1/1 [==============================] - 0s 2ms/step - loss: 96.4174 - accuracy: 0.4483
Epoch 9/10

1/1 [==============================] - ETA: 0s - loss: 67.9888 - accuracy: 0.5172
1/1 [==============================] - 0s 2ms/step - loss: 67.9888 - accuracy: 0.5172
Epoch 10/10

1/1 [==============================] - ETA: 0s - loss: 44.6754 - accuracy: 0.5862
1/1 [==============================] - 0s 3ms/step - loss: 44.6754 - accuracy: 0.5862

1/1 [==============================] - ETA: 0s
1/1 [==============================] - 0s 61ms/step
[11:48:55]     GLCM               acc  42.86  bal-acc  50.00  sen   0.00  spe 100.00  f1   0.00   [1s]
================================
[⚠️] 3DCNN Based Distributed LSTM with Modified Pooling 
================================
linspaced [0.09090909 0.18181818 0.27272727 0.36363636 0.45454545 0.54545455
 0.63636364 0.72727273 0.81818182 0.90909091 1.        ]
channel is 128
channel is 128
channel is 128
channel is 128
channel is 128
channel is 128
channel is 128
channel is 128
channel is 128
channel is 128
channel is 128
(None, 1, 128)
Model: "model_18"
__________________________________________________________________________________________________
 Layer (type)                   Output Shape         Param #     Connected to                     
==================================================================================================
 input_20 (InputLayer)          [(None, 10, 128, 12  0           []                               
                                8, 12)]                                                           
                                                                                                  
 conv3d_12 (Conv3D)             (None, 10, 128, 128  5200        ['input_20[0][0]']               
                                , 16)                                                             
                                                                                                  
 activation_75 (Activation)     (None, 10, 128, 128  0           ['conv3d_12[0][0]']              
                                , 16)                                                             
                                                                                                  
 max_pooling3d_12 (MaxPooling3D  (None, 10, 128, 128  0          ['activation_75[0][0]']          
 )                              , 16)                                                             
                                                                                                  
 average_pooling3d_12 (AverageP  (None, 10, 128, 128  0          ['activation_75[0][0]']          
 ooling3D)                      , 16)                                                             
                                                                                                  
 lambda_12 (Lambda)             (None, 10, 128, 128  0           ['max_pooling3d_12[0][0]',       
                                , 16)                             'average_pooling3d_12[0][0]']   
                                                                                                  
 conv3d_13 (Conv3D)             (None, 8, 126, 126,  13856       ['lambda_12[0][0]']              
                                 32)                                                              
                                                                                                  
 activation_76 (Activation)     (None, 8, 126, 126,  0           ['conv3d_13[0][0]']              
                                 32)                                                              
                                                                                                  
 max_pooling3d_13 (MaxPooling3D  (None, 4, 63, 63, 3  0          ['activation_76[0][0]']          
 )                              2)                                                                
                                                                                                  
 average_pooling3d_13 (AverageP  (None, 4, 63, 63, 3  0          ['activation_76[0][0]']          
 ooling3D)                      2)                                                                
                                                                                                  
 lambda_13 (Lambda)             (None, 4, 63, 63, 3  0           ['max_pooling3d_13[0][0]',       
                                2)                                'average_pooling3d_13[0][0]']   
                                                                                                  
 conv3d_14 (Conv3D)             (None, 2, 61, 61, 6  55360       ['lambda_13[0][0]']              
                                4)                                                                
                                                                                                  
 activation_77 (Activation)     (None, 2, 61, 61, 6  0           ['conv3d_14[0][0]']              
                                4)                                                                
                                                                                                  
 batch_normalization_18 (BatchN  (None, 2, 61, 61, 6  256        ['activation_77[0][0]']          
 ormalization)                  4)                                                                
                                                                                                  
 max_pooling3d_14 (MaxPooling3D  (None, 1, 31, 31, 6  0          ['batch_normalization_18[0][0]'] 
 )                              4)                                                                
                                                                                                  
 average_pooling3d_14 (AverageP  (None, 1, 31, 31, 6  0          ['batch_normalization_18[0][0]'] 
 ooling3D)                      4)                                                                
                                                                                                  
 lambda_14 (Lambda)             (None, 1, 31, 31, 6  0           ['max_pooling3d_14[0][0]',       
                                4)                                'average_pooling3d_14[0][0]']   
                                                                                                  
 dropout_38 (Dropout)           (None, 1, 31, 31, 6  0           ['lambda_14[0][0]']              
                                4)                                                                
                                                                                                  
 reshape_41 (Reshape)           (None, 31, 31, 64)   0           ['dropout_38[0][0]']             
                                                                                                  
 reshape_42 (Reshape)           (None, 31, 1984)     0           ['reshape_41[0][0]']             
                                                                                                  
 lstm_8 (LSTM)                  (None, 128)          1081856     ['reshape_42[0][0]']             
                                                                                                  
 lstm_9 (LSTM)                  (None, 128)          1081856     ['reshape_42[0][0]']             
                                                                                                  
 add_4 (Add)                    (None, 128)          0           ['lstm_8[0][0]',                 
                                                                  'lstm_9[0][0]']                 
                                                                                                  
 reshape_43 (Reshape)           (None, 1, 128)       0           ['add_4[0][0]']                  
                                                                                                  
 reshape_44 (Reshape)           (None, 1, 128)       0           ['add_4[0][0]']                  
                                                                                                  
 reshape_45 (Reshape)           (None, 1, 128)       0           ['add_4[0][0]']                  
                                                                                                  
 reshape_46 (Reshape)           (None, 1, 128)       0           ['add_4[0][0]']                  
                                                                                                  
 reshape_47 (Reshape)           (None, 1, 128)       0           ['add_4[0][0]']                  
                                                                                                  
 reshape_48 (Reshape)           (None, 1, 128)       0           ['add_4[0][0]']                  
                                                                                                  
 reshape_49 (Reshape)           (None, 1, 128)       0           ['add_4[0][0]']                  
                                                                                                  
 reshape_50 (Reshape)           (None, 1, 128)       0           ['add_4[0][0]']                  
                                                                                                  
 reshape_51 (Reshape)           (None, 1, 128)       0           ['add_4[0][0]']                  
                                                                                                  
 reshape_52 (Reshape)           (None, 1, 128)       0           ['add_4[0][0]']                  
                                                                                                  
 reshape_53 (Reshape)           (None, 1, 128)       0           ['add_4[0][0]']                  
                                                                                                  
 dense_79 (Dense)               (None, 1, 11)        1419        ['reshape_43[0][0]']             
                                                                                                  
 dense_80 (Dense)               (None, 1, 23)        2967        ['reshape_44[0][0]']             
                                                                                                  
 dense_81 (Dense)               (None, 1, 34)        4386        ['reshape_45[0][0]']             
                                                                                                  
 dense_82 (Dense)               (None, 1, 46)        5934        ['reshape_46[0][0]']             
                                                                                                  
 dense_83 (Dense)               (None, 1, 58)        7482        ['reshape_47[0][0]']             
                                                                                                  
 dense_84 (Dense)               (None, 1, 69)        8901        ['reshape_48[0][0]']             
                                                                                                  
 dense_85 (Dense)               (None, 1, 81)        10449       ['reshape_49[0][0]']             
                                                                                                  
 dense_86 (Dense)               (None, 1, 93)        11997       ['reshape_50[0][0]']             
                                                                                                  
 dense_87 (Dense)               (None, 1, 104)       13416       ['reshape_51[0][0]']             
                                                                                                  
 dense_88 (Dense)               (None, 1, 116)       14964       ['reshape_52[0][0]']             
                                                                                                  
 dense_89 (Dense)               (None, 1, 128)       16512       ['reshape_53[0][0]']             
                                                                                                  
 activation_78 (Activation)     (None, 1, 11)        0           ['dense_79[0][0]']               
                                                                                                  
 activation_79 (Activation)     (None, 1, 23)        0           ['dense_80[0][0]']               
                                                                                                  
 activation_80 (Activation)     (None, 1, 34)        0           ['dense_81[0][0]']               
                                                                                                  
 activation_81 (Activation)     (None, 1, 46)        0           ['dense_82[0][0]']               
                                                                                                  
 activation_82 (Activation)     (None, 1, 58)        0           ['dense_83[0][0]']               
                                                                                                  
 activation_83 (Activation)     (None, 1, 69)        0           ['dense_84[0][0]']               
                                                                                                  
 activation_84 (Activation)     (None, 1, 81)        0           ['dense_85[0][0]']               
                                                                                                  
 activation_85 (Activation)     (None, 1, 93)        0           ['dense_86[0][0]']               
                                                                                                  
 activation_86 (Activation)     (None, 1, 104)       0           ['dense_87[0][0]']               
                                                                                                  
 activation_87 (Activation)     (None, 1, 116)       0           ['dense_88[0][0]']               
                                                                                                  
 activation_88 (Activation)     (None, 1, 128)       0           ['dense_89[0][0]']               
                                                                                                  
 excitation_0.091 (Dense)       (None, 1, 128)       1536        ['activation_78[0][0]']          
                                                                                                  
 excitation_0.182 (Dense)       (None, 1, 128)       3072        ['activation_79[0][0]']          
                                                                                                  
 excitation_0.273 (Dense)       (None, 1, 128)       4480        ['activation_80[0][0]']          
                                                                                                  
 excitation_0.364 (Dense)       (None, 1, 128)       6016        ['activation_81[0][0]']          
                                                                                                  
 excitation_0.455 (Dense)       (None, 1, 128)       7552        ['activation_82[0][0]']          
                                                                                                  
 excitation_0.545 (Dense)       (None, 1, 128)       8960        ['activation_83[0][0]']          
                                                                                                  
 excitation_0.636 (Dense)       (None, 1, 128)       10496       ['activation_84[0][0]']          
                                                                                                  
 excitation_0.727 (Dense)       (None, 1, 128)       12032       ['activation_85[0][0]']          
                                                                                                  
 excitation_0.818 (Dense)       (None, 1, 128)       13440       ['activation_86[0][0]']          
                                                                                                  
 excitation_0.909 (Dense)       (None, 1, 128)       14976       ['activation_87[0][0]']          
                                                                                                  
 excitation_1 (Dense)           (None, 1, 128)       16512       ['activation_88[0][0]']          
                                                                                                  
 average_3 (Average)            (None, 1, 128)       0           ['excitation_0.091[0][0]',       
                                                                  'excitation_0.182[0][0]',       
                                                                  'excitation_0.273[0][0]',       
                                                                  'excitation_0.364[0][0]',       
                                                                  'excitation_0.455[0][0]',       
                                                                  'excitation_0.545[0][0]',       
                                                                  'excitation_0.636[0][0]',       
                                                                  'excitation_0.727[0][0]',       
                                                                  'excitation_0.818[0][0]',       
                                                                  'excitation_0.909[0][0]',       
                                                                  'excitation_1[0][0]']           
                                                                                                  
 normalized_attention (LayerNor  (None, 1, 128)      256         ['average_3[0][0]']              
 malization)                                                                                      
                                                                                                  
 hadamard (Multiply)            (None, 1, 128)       0           ['add_4[0][0]',                  
                                                                  'normalized_attention[0][0]']   
                                                                                                  
 normalized_attention2 (LayerNo  (None, 1, 128)      256         ['hadamard[0][0]']               
 rmalization)                                                                                     
                                                                                                  
 trainableatt (TrainableAttenti  (None, 1, 128)      16384       ['normalized_attention2[0][0]']  
 on)                                                                                              
                                                                                                  
 dense_90 (Dense)               (None, 1, 128)       16384       ['trainableatt[0][0]']           
                                                                                                  
 dense_91 (Dense)               (None, 1, 128)       16384       ['dense_90[0][0]']               
                                                                                                  
 flatten_14 (Flatten)           (None, 128)          0           ['dense_91[0][0]']               
                                                                                                  
 dense_92 (Dense)               (None, 100)          12900       ['flatten_14[0][0]']             
                                                                                                  
 activation_89 (Activation)     (None, 100)          0           ['dense_92[0][0]']               
                                                                                                  
 batch_normalization_19 (BatchN  (None, 100)         400         ['activation_89[0][0]']          
 ormalization)                                                                                    
                                                                                                  
 dropout_39 (Dropout)           (None, 100)          0           ['batch_normalization_19[0][0]'] 
                                                                                                  
 dense2c (Dense)                (None, 64)           6464        ['dropout_39[0][0]']             
                                                                                                  
 activation_90 (Activation)     (None, 64)           0           ['dense2c[0][0]']                
                                                                                                  
 batch_normalization_20 (BatchN  (None, 64)          256         ['activation_90[0][0]']          
 ormalization)                                                                                    
                                                                                                  
 dropout_40 (Dropout)           (None, 64)           0           ['batch_normalization_20[0][0]'] 
                                                                                                  
 dense_93 (Dense)               (None, 2)            130         ['dropout_40[0][0]']             
                                                                                                  
==================================================================================================
Total params: 2,505,697
Trainable params: 2,505,241
Non-trainable params: 456
__________________________________________________________________________________________________
Epoch 1/10

1/1 [==============================] - ETA: 0s - loss: 0.6933 - accuracy: 0.5172
1/1 [==============================] - 16s 16s/step - loss: 0.6933 - accuracy: 0.5172
Epoch 2/10

1/1 [==============================] - ETA: 0s - loss: 1.5402 - accuracy: 0.5517
1/1 [==============================] - 12s 12s/step - loss: 1.5402 - accuracy: 0.5517
Epoch 3/10

1/1 [==============================] - ETA: 0s - loss: 0.8452 - accuracy: 0.7241
1/1 [==============================] - 13s 13s/step - loss: 0.8452 - accuracy: 0.7241
Epoch 4/10

1/1 [==============================] - ETA: 0s - loss: 1.2267 - accuracy: 0.4483
1/1 [==============================] - 13s 13s/step - loss: 1.2267 - accuracy: 0.4483
Epoch 5/10

1/1 [==============================] - ETA: 0s - loss: 0.7671 - accuracy: 0.6897
1/1 [==============================] - 13s 13s/step - loss: 0.7671 - accuracy: 0.6897
Epoch 6/10

1/1 [==============================] - ETA: 0s - loss: 1.3524 - accuracy: 0.5862
1/1 [==============================] - 13s 13s/step - loss: 1.3524 - accuracy: 0.5862
Epoch 7/10

1/1 [==============================] - ETA: 0s - loss: 0.6617 - accuracy: 0.6552
1/1 [==============================] - 12s 12s/step - loss: 0.6617 - accuracy: 0.6552
Epoch 8/10

1/1 [==============================] - ETA: 0s - loss: 0.4265 - accuracy: 0.7931
1/1 [==============================] - 11s 11s/step - loss: 0.4265 - accuracy: 0.7931
Epoch 9/10

1/1 [==============================] - ETA: 0s - loss: 0.8111 - accuracy: 0.6897
1/1 [==============================] - 12s 12s/step - loss: 0.8111 - accuracy: 0.6897
Epoch 10/10

1/1 [==============================] - ETA: 0s - loss: 0.6592 - accuracy: 0.5517
1/1 [==============================] - 12s 12s/step - loss: 0.6592 - accuracy: 0.5517

1/1 [==============================] - ETA: 0s
1/1 [==============================] - 2s 2s/step
[11:51:04]     MUSE-CLMPNet       acc  57.14  bal-acc  50.00  sen 100.00  spe   0.00  f1  72.73   [129s]
================================
[⚠️] 3DCNN Based Distributed LSTM with Modified Pooling 
================================
Model: "model_19"
__________________________________________________________________________________________________
 Layer (type)                   Output Shape         Param #     Connected to                     
==================================================================================================
 input_21 (InputLayer)          [(None, 10, 128, 12  0           []                               
                                8, 12)]                                                           
                                                                                                  
 conv3d_15 (Conv3D)             (None, 10, 128, 128  5200        ['input_21[0][0]']               
                                , 16)                                                             
                                                                                                  
 activation_91 (Activation)     (None, 10, 128, 128  0           ['conv3d_15[0][0]']              
                                , 16)                                                             
                                                                                                  
 max_pooling3d_15 (MaxPooling3D  (None, 10, 128, 128  0          ['activation_91[0][0]']          
 )                              , 16)                                                             
                                                                                                  
 average_pooling3d_15 (AverageP  (None, 10, 128, 128  0          ['activation_91[0][0]']          
 ooling3D)                      , 16)                                                             
                                                                                                  
 lambda_15 (Lambda)             (None, 10, 128, 128  0           ['max_pooling3d_15[0][0]',       
                                , 16)                             'average_pooling3d_15[0][0]']   
                                                                                                  
 conv3d_16 (Conv3D)             (None, 8, 126, 126,  13856       ['lambda_15[0][0]']              
                                 32)                                                              
                                                                                                  
 activation_92 (Activation)     (None, 8, 126, 126,  0           ['conv3d_16[0][0]']              
                                 32)                                                              
                                                                                                  
 max_pooling3d_16 (MaxPooling3D  (None, 4, 63, 63, 3  0          ['activation_92[0][0]']          
 )                              2)                                                                
                                                                                                  
 average_pooling3d_16 (AverageP  (None, 4, 63, 63, 3  0          ['activation_92[0][0]']          
 ooling3D)                      2)                                                                
                                                                                                  
 lambda_16 (Lambda)             (None, 4, 63, 63, 3  0           ['max_pooling3d_16[0][0]',       
                                2)                                'average_pooling3d_16[0][0]']   
                                                                                                  
 conv3d_17 (Conv3D)             (None, 2, 61, 61, 6  55360       ['lambda_16[0][0]']              
                                4)                                                                
                                                                                                  
 activation_93 (Activation)     (None, 2, 61, 61, 6  0           ['conv3d_17[0][0]']              
                                4)                                                                
                                                                                                  
 batch_normalization_21 (BatchN  (None, 2, 61, 61, 6  256        ['activation_93[0][0]']          
 ormalization)                  4)                                                                
                                                                                                  
 max_pooling3d_17 (MaxPooling3D  (None, 1, 31, 31, 6  0          ['batch_normalization_21[0][0]'] 
 )                              4)                                                                
                                                                                                  
 average_pooling3d_17 (AverageP  (None, 1, 31, 31, 6  0          ['batch_normalization_21[0][0]'] 
 ooling3D)                      4)                                                                
                                                                                                  
 lambda_17 (Lambda)             (None, 1, 31, 31, 6  0           ['max_pooling3d_17[0][0]',       
                                4)                                'average_pooling3d_17[0][0]']   
                                                                                                  
 dropout_41 (Dropout)           (None, 1, 31, 31, 6  0           ['lambda_17[0][0]']              
                                4)                                                                
                                                                                                  
 reshape_54 (Reshape)           (None, 31, 31, 64)   0           ['dropout_41[0][0]']             
                                                                                                  
 spatial_and_channel_joint_atte  (None, 31, 31, 64)  0           ['reshape_54[0][0]']             
 ntion_3 (SpatialAndChannelJoin                                                                   
 tAttention)                                                                                      
                                                                                                  
 reshape_55 (Reshape)           (None, 31, 1984)     0           ['spatial_and_channel_joint_atten
                                                                 tion_3[0][0]']                   
                                                                                                  
 lstm_10 (LSTM)                 (None, 128)          1081856     ['reshape_55[0][0]']             
                                                                                                  
 lstm_11 (LSTM)                 (None, 128)          1081856     ['reshape_55[0][0]']             
                                                                                                  
 add_5 (Add)                    (None, 128)          0           ['lstm_10[0][0]',                
                                                                  'lstm_11[0][0]']                
                                                                                                  
 flatten_15 (Flatten)           (None, 128)          0           ['add_5[0][0]']                  
                                                                                                  
 dense_94 (Dense)               (None, 100)          12900       ['flatten_15[0][0]']             
                                                                                                  
 activation_94 (Activation)     (None, 100)          0           ['dense_94[0][0]']               
                                                                                                  
 batch_normalization_22 (BatchN  (None, 100)         400         ['activation_94[0][0]']          
 ormalization)                                                                                    
                                                                                                  
 dropout_42 (Dropout)           (None, 100)          0           ['batch_normalization_22[0][0]'] 
                                                                                                  
 dense2c (Dense)                (None, 64)           6464        ['dropout_42[0][0]']             
                                                                                                  
 activation_95 (Activation)     (None, 64)           0           ['dense2c[0][0]']                
                                                                                                  
 batch_normalization_23 (BatchN  (None, 64)          256         ['activation_95[0][0]']          
 ormalization)                                                                                    
                                                                                                  
 dropout_43 (Dropout)           (None, 64)           0           ['batch_normalization_23[0][0]'] 
                                                                                                  
 dense_95 (Dense)               (None, 2)            130         ['dropout_43[0][0]']             
                                                                                                  
==================================================================================================
Total params: 2,258,534
Trainable params: 2,258,078
Non-trainable params: 456
__________________________________________________________________________________________________
Epoch 1/10

1/1 [==============================] - ETA: 0s - loss: 1.4567 - accuracy: 0.3793
1/1 [==============================] - 17s 17s/step - loss: 1.4567 - accuracy: 0.3793
Epoch 2/10

1/1 [==============================] - ETA: 0s - loss: 1.0669 - accuracy: 0.6207
1/1 [==============================] - 13s 13s/step - loss: 1.0669 - accuracy: 0.6207
Epoch 3/10

1/1 [==============================] - ETA: 0s - loss: 0.9257 - accuracy: 0.5862
1/1 [==============================] - 12s 12s/step - loss: 0.9257 - accuracy: 0.5862
Epoch 4/10

1/1 [==============================] - ETA: 0s - loss: 0.8204 - accuracy: 0.6207
1/1 [==============================] - 13s 13s/step - loss: 0.8204 - accuracy: 0.6207
Epoch 5/10

1/1 [==============================] - ETA: 0s - loss: 0.4290 - accuracy: 0.8276
1/1 [==============================] - 13s 13s/step - loss: 0.4290 - accuracy: 0.8276
Epoch 6/10

1/1 [==============================] - ETA: 0s - loss: 0.4688 - accuracy: 0.8276
1/1 [==============================] - 14s 14s/step - loss: 0.4688 - accuracy: 0.8276
Epoch 7/10

1/1 [==============================] - ETA: 0s - loss: 0.4795 - accuracy: 0.7931
1/1 [==============================] - 15s 15s/step - loss: 0.4795 - accuracy: 0.7931
Epoch 8/10

1/1 [==============================] - ETA: 0s - loss: 0.7244 - accuracy: 0.7586
1/1 [==============================] - 13s 13s/step - loss: 0.7244 - accuracy: 0.7586
Epoch 9/10

1/1 [==============================] - ETA: 0s - loss: 0.4777 - accuracy: 0.7586
1/1 [==============================] - 13s 13s/step - loss: 0.4777 - accuracy: 0.7586
Epoch 10/10

1/1 [==============================] - ETA: 0s - loss: 0.2274 - accuracy: 0.9310
1/1 [==============================] - 13s 13s/step - loss: 0.2274 - accuracy: 0.9310

1/1 [==============================] - ETA: 0s
1/1 [==============================] - 2s 2s/step
[11:53:22]     SCAM-CLMPNet       acc  57.14  bal-acc  58.33  sen  50.00  spe  66.67  f1  57.14   [138s]
================================
[⚠️] 3DCNN Based Distributed LSTM with Modified Pooling 
================================
linspaced [0.09090909 0.18181818 0.27272727 0.36363636 0.45454545 0.54545455
 0.63636364 0.72727273 0.81818182 0.90909091 1.        ]
channel is 128
channel is 128
channel is 128
channel is 128
channel is 128
channel is 128
channel is 128
channel is 128
channel is 128
channel is 128
channel is 128
(None, 1, 128)
Model: "model_20"
__________________________________________________________________________________________________
 Layer (type)                   Output Shape         Param #     Connected to                     
==================================================================================================
 input_22 (InputLayer)          [(None, 10, 128, 12  0           []                               
                                8, 12)]                                                           
                                                                                                  
 conv3d_18 (Conv3D)             (None, 10, 128, 128  5200        ['input_22[0][0]']               
                                , 16)                                                             
                                                                                                  
 activation_96 (Activation)     (None, 10, 128, 128  0           ['conv3d_18[0][0]']              
                                , 16)                                                             
                                                                                                  
 max_pooling3d_18 (MaxPooling3D  (None, 10, 128, 128  0          ['activation_96[0][0]']          
 )                              , 16)                                                             
                                                                                                  
 average_pooling3d_18 (AverageP  (None, 10, 128, 128  0          ['activation_96[0][0]']          
 ooling3D)                      , 16)                                                             
                                                                                                  
 lambda_18 (Lambda)             (None, 10, 128, 128  0           ['max_pooling3d_18[0][0]',       
                                , 16)                             'average_pooling3d_18[0][0]']   
                                                                                                  
 conv3d_19 (Conv3D)             (None, 8, 126, 126,  13856       ['lambda_18[0][0]']              
                                 32)                                                              
                                                                                                  
 activation_97 (Activation)     (None, 8, 126, 126,  0           ['conv3d_19[0][0]']              
                                 32)                                                              
                                                                                                  
 max_pooling3d_19 (MaxPooling3D  (None, 4, 63, 63, 3  0          ['activation_97[0][0]']          
 )                              2)                                                                
                                                                                                  
 average_pooling3d_19 (AverageP  (None, 4, 63, 63, 3  0          ['activation_97[0][0]']          
 ooling3D)                      2)                                                                
                                                                                                  
 lambda_19 (Lambda)             (None, 4, 63, 63, 3  0           ['max_pooling3d_19[0][0]',       
                                2)                                'average_pooling3d_19[0][0]']   
                                                                                                  
 conv3d_20 (Conv3D)             (None, 2, 61, 61, 6  55360       ['lambda_19[0][0]']              
                                4)                                                                
                                                                                                  
 activation_98 (Activation)     (None, 2, 61, 61, 6  0           ['conv3d_20[0][0]']              
                                4)                                                                
                                                                                                  
 batch_normalization_24 (BatchN  (None, 2, 61, 61, 6  256        ['activation_98[0][0]']          
 ormalization)                  4)                                                                
                                                                                                  
 max_pooling3d_20 (MaxPooling3D  (None, 1, 31, 31, 6  0          ['batch_normalization_24[0][0]'] 
 )                              4)                                                                
                                                                                                  
 average_pooling3d_20 (AverageP  (None, 1, 31, 31, 6  0          ['batch_normalization_24[0][0]'] 
 ooling3D)                      4)                                                                
                                                                                                  
 lambda_20 (Lambda)             (None, 1, 31, 31, 6  0           ['max_pooling3d_20[0][0]',       
                                4)                                'average_pooling3d_20[0][0]']   
                                                                                                  
 dropout_44 (Dropout)           (None, 1, 31, 31, 6  0           ['lambda_20[0][0]']              
                                4)                                                                
                                                                                                  
 reshape_56 (Reshape)           (None, 31, 31, 64)   0           ['dropout_44[0][0]']             
                                                                                                  
 spatial_and_channel_joint_atte  (None, 31, 31, 64)  0           ['reshape_56[0][0]']             
 ntion_4 (SpatialAndChannelJoin                                                                   
 tAttention)                                                                                      
                                                                                                  
 reshape_57 (Reshape)           (None, 31, 1984)     0           ['spatial_and_channel_joint_atten
                                                                 tion_4[0][0]']                   
                                                                                                  
 lstm_12 (LSTM)                 (None, 128)          1081856     ['reshape_57[0][0]']             
                                                                                                  
 lstm_13 (LSTM)                 (None, 128)          1081856     ['reshape_57[0][0]']             
                                                                                                  
 add_6 (Add)                    (None, 128)          0           ['lstm_12[0][0]',                
                                                                  'lstm_13[0][0]']                
                                                                                                  
 reshape_58 (Reshape)           (None, 1, 128)       0           ['add_6[0][0]']                  
                                                                                                  
 reshape_59 (Reshape)           (None, 1, 128)       0           ['add_6[0][0]']                  
                                                                                                  
 reshape_60 (Reshape)           (None, 1, 128)       0           ['add_6[0][0]']                  
                                                                                                  
 reshape_61 (Reshape)           (None, 1, 128)       0           ['add_6[0][0]']                  
                                                                                                  
 reshape_62 (Reshape)           (None, 1, 128)       0           ['add_6[0][0]']                  
                                                                                                  
 reshape_63 (Reshape)           (None, 1, 128)       0           ['add_6[0][0]']                  
                                                                                                  
 reshape_64 (Reshape)           (None, 1, 128)       0           ['add_6[0][0]']                  
                                                                                                  
 reshape_65 (Reshape)           (None, 1, 128)       0           ['add_6[0][0]']                  
                                                                                                  
 reshape_66 (Reshape)           (None, 1, 128)       0           ['add_6[0][0]']                  
                                                                                                  
 reshape_67 (Reshape)           (None, 1, 128)       0           ['add_6[0][0]']                  
                                                                                                  
 reshape_68 (Reshape)           (None, 1, 128)       0           ['add_6[0][0]']                  
                                                                                                  
 dense_96 (Dense)               (None, 1, 11)        1419        ['reshape_58[0][0]']             
                                                                                                  
 dense_97 (Dense)               (None, 1, 23)        2967        ['reshape_59[0][0]']             
                                                                                                  
 dense_98 (Dense)               (None, 1, 34)        4386        ['reshape_60[0][0]']             
                                                                                                  
 dense_99 (Dense)               (None, 1, 46)        5934        ['reshape_61[0][0]']             
                                                                                                  
 dense_100 (Dense)              (None, 1, 58)        7482        ['reshape_62[0][0]']             
                                                                                                  
 dense_101 (Dense)              (None, 1, 69)        8901        ['reshape_63[0][0]']             
                                                                                                  
 dense_102 (Dense)              (None, 1, 81)        10449       ['reshape_64[0][0]']             
                                                                                                  
 dense_103 (Dense)              (None, 1, 93)        11997       ['reshape_65[0][0]']             
                                                                                                  
 dense_104 (Dense)              (None, 1, 104)       13416       ['reshape_66[0][0]']             
                                                                                                  
 dense_105 (Dense)              (None, 1, 116)       14964       ['reshape_67[0][0]']             
                                                                                                  
 dense_106 (Dense)              (None, 1, 128)       16512       ['reshape_68[0][0]']             
                                                                                                  
 activation_99 (Activation)     (None, 1, 11)        0           ['dense_96[0][0]']               
                                                                                                  
 activation_100 (Activation)    (None, 1, 23)        0           ['dense_97[0][0]']               
                                                                                                  
 activation_101 (Activation)    (None, 1, 34)        0           ['dense_98[0][0]']               
                                                                                                  
 activation_102 (Activation)    (None, 1, 46)        0           ['dense_99[0][0]']               
                                                                                                  
 activation_103 (Activation)    (None, 1, 58)        0           ['dense_100[0][0]']              
                                                                                                  
 activation_104 (Activation)    (None, 1, 69)        0           ['dense_101[0][0]']              
                                                                                                  
 activation_105 (Activation)    (None, 1, 81)        0           ['dense_102[0][0]']              
                                                                                                  
 activation_106 (Activation)    (None, 1, 93)        0           ['dense_103[0][0]']              
                                                                                                  
 activation_107 (Activation)    (None, 1, 104)       0           ['dense_104[0][0]']              
                                                                                                  
 activation_108 (Activation)    (None, 1, 116)       0           ['dense_105[0][0]']              
                                                                                                  
 activation_109 (Activation)    (None, 1, 128)       0           ['dense_106[0][0]']              
                                                                                                  
 excitation_0.091 (Dense)       (None, 1, 128)       1536        ['activation_99[0][0]']          
                                                                                                  
 excitation_0.182 (Dense)       (None, 1, 128)       3072        ['activation_100[0][0]']         
                                                                                                  
 excitation_0.273 (Dense)       (None, 1, 128)       4480        ['activation_101[0][0]']         
                                                                                                  
 excitation_0.364 (Dense)       (None, 1, 128)       6016        ['activation_102[0][0]']         
                                                                                                  
 excitation_0.455 (Dense)       (None, 1, 128)       7552        ['activation_103[0][0]']         
                                                                                                  
 excitation_0.545 (Dense)       (None, 1, 128)       8960        ['activation_104[0][0]']         
                                                                                                  
 excitation_0.636 (Dense)       (None, 1, 128)       10496       ['activation_105[0][0]']         
                                                                                                  
 excitation_0.727 (Dense)       (None, 1, 128)       12032       ['activation_106[0][0]']         
                                                                                                  
 excitation_0.818 (Dense)       (None, 1, 128)       13440       ['activation_107[0][0]']         
                                                                                                  
 excitation_0.909 (Dense)       (None, 1, 128)       14976       ['activation_108[0][0]']         
                                                                                                  
 excitation_1 (Dense)           (None, 1, 128)       16512       ['activation_109[0][0]']         
                                                                                                  
 average_4 (Average)            (None, 1, 128)       0           ['excitation_0.091[0][0]',       
                                                                  'excitation_0.182[0][0]',       
                                                                  'excitation_0.273[0][0]',       
                                                                  'excitation_0.364[0][0]',       
                                                                  'excitation_0.455[0][0]',       
                                                                  'excitation_0.545[0][0]',       
                                                                  'excitation_0.636[0][0]',       
                                                                  'excitation_0.727[0][0]',       
                                                                  'excitation_0.818[0][0]',       
                                                                  'excitation_0.909[0][0]',       
                                                                  'excitation_1[0][0]']           
                                                                                                  
 normalized_attention (LayerNor  (None, 1, 128)      256         ['average_4[0][0]']              
 malization)                                                                                      
                                                                                                  
 hadamard (Multiply)            (None, 1, 128)       0           ['add_6[0][0]',                  
                                                                  'normalized_attention[0][0]']   
                                                                                                  
 normalized_attention2 (LayerNo  (None, 1, 128)      256         ['hadamard[0][0]']               
 rmalization)                                                                                     
                                                                                                  
 trainableatt (TrainableAttenti  (None, 1, 128)      16384       ['normalized_attention2[0][0]']  
 on)                                                                                              
                                                                                                  
 dense_107 (Dense)              (None, 1, 128)       16384       ['trainableatt[0][0]']           
                                                                                                  
 dense_108 (Dense)              (None, 1, 128)       16384       ['dense_107[0][0]']              
                                                                                                  
 flatten_16 (Flatten)           (None, 128)          0           ['dense_108[0][0]']              
                                                                                                  
 dense_109 (Dense)              (None, 100)          12900       ['flatten_16[0][0]']             
                                                                                                  
 activation_110 (Activation)    (None, 100)          0           ['dense_109[0][0]']              
                                                                                                  
 batch_normalization_25 (BatchN  (None, 100)         400         ['activation_110[0][0]']         
 ormalization)                                                                                    
                                                                                                  
 dropout_45 (Dropout)           (None, 100)          0           ['batch_normalization_25[0][0]'] 
                                                                                                  
 dense2c (Dense)                (None, 64)           6464        ['dropout_45[0][0]']             
                                                                                                  
 activation_111 (Activation)    (None, 64)           0           ['dense2c[0][0]']                
                                                                                                  
 batch_normalization_26 (BatchN  (None, 64)          256         ['activation_111[0][0]']         
 ormalization)                                                                                    
                                                                                                  
 dropout_46 (Dropout)           (None, 64)           0           ['batch_normalization_26[0][0]'] 
                                                                                                  
 dense_110 (Dense)              (None, 2)            130         ['dropout_46[0][0]']             
                                                                                                  
==================================================================================================
Total params: 2,505,697
Trainable params: 2,505,241
Non-trainable params: 456
__________________________________________________________________________________________________
Epoch 1/10

1/1 [==============================] - ETA: 0s - loss: 0.6933 - accuracy: 0.5172
1/1 [==============================] - 19s 19s/step - loss: 0.6933 - accuracy: 0.5172
Epoch 2/10

1/1 [==============================] - ETA: 0s - loss: 1.5402 - accuracy: 0.5517
1/1 [==============================] - 13s 13s/step - loss: 1.5402 - accuracy: 0.5517
Epoch 3/10

1/1 [==============================] - ETA: 0s - loss: 0.8452 - accuracy: 0.7241
1/1 [==============================] - 13s 13s/step - loss: 0.8452 - accuracy: 0.7241
Epoch 4/10

1/1 [==============================] - ETA: 0s - loss: 1.2267 - accuracy: 0.4483
1/1 [==============================] - 13s 13s/step - loss: 1.2267 - accuracy: 0.4483
Epoch 5/10

1/1 [==============================] - ETA: 0s - loss: 0.7671 - accuracy: 0.6897
1/1 [==============================] - 13s 13s/step - loss: 0.7671 - accuracy: 0.6897
Epoch 6/10

1/1 [==============================] - ETA: 0s - loss: 1.3524 - accuracy: 0.5862
1/1 [==============================] - 13s 13s/step - loss: 1.3524 - accuracy: 0.5862
Epoch 7/10

1/1 [==============================] - ETA: 0s - loss: 0.6617 - accuracy: 0.6552
1/1 [==============================] - 13s 13s/step - loss: 0.6617 - accuracy: 0.6552
Epoch 8/10

1/1 [==============================] - ETA: 0s - loss: 0.4265 - accuracy: 0.7931
1/1 [==============================] - 13s 13s/step - loss: 0.4265 - accuracy: 0.7931
Epoch 9/10

1/1 [==============================] - ETA: 0s - loss: 0.8111 - accuracy: 0.6897
1/1 [==============================] - 13s 13s/step - loss: 0.8111 - accuracy: 0.6897
Epoch 10/10

1/1 [==============================] - ETA: 0s - loss: 0.6592 - accuracy: 0.5517
1/1 [==============================] - 14s 14s/step - loss: 0.6592 - accuracy: 0.5517

1/1 [==============================] - ETA: 0s
1/1 [==============================] - 2s 2s/step
[11:55:45]     SMA-CLMPNet        acc  57.14  bal-acc  50.00  sen 100.00  spe   0.00  f1  72.73   [142s]
[11:55:47]     EfficientNetV2S    acc  47.62  bal-acc  45.83  sen  58.33  spe  33.33  f1  56.00   [2s]
[11:55:49]     ConvNeXtTiny       acc  42.86  bal-acc  41.67  sen  50.00  spe  33.33  f1  50.00   [2s]
[11:55:51]     MobileNetV3Large   acc  61.90  bal-acc  61.11  sen  66.67  spe  55.56  f1  66.67   [3s]
[11:55:54]     ResNetRS50         acc  47.62  bal-acc  45.83  sen  58.33  spe  33.33  f1  56.00   [3s]
linspaced [0.09090909 0.18181818 0.27272727 0.36363636 0.45454545 0.54545455
 0.63636364 0.72727273 0.81818182 0.90909091 1.        ]
channel is 128
channel is 128
channel is 128
channel is 128
channel is 128
channel is 128
channel is 128
channel is 128
channel is 128
channel is 128
channel is 128
(None, 1, 128)
Epoch 1/30
4/4 - 24s - loss: 1.4723 - accuracy: 0.5172 - 24s/epoch - 6s/step
Epoch 2/30
4/4 - 19s - loss: 1.0378 - accuracy: 0.6552 - 19s/epoch - 5s/step
Epoch 3/30
4/4 - 19s - loss: 0.8090 - accuracy: 0.7241 - 19s/epoch - 5s/step
Epoch 4/30
4/4 - 18s - loss: 0.6526 - accuracy: 0.7241 - 18s/epoch - 5s/step
Epoch 5/30
4/4 - 21s - loss: 1.0183 - accuracy: 0.6207 - 21s/epoch - 5s/step
Epoch 6/30
4/4 - 21s - loss: 1.2418 - accuracy: 0.5172 - 21s/epoch - 5s/step
Epoch 7/30
4/4 - 20s - loss: 0.6054 - accuracy: 0.7931 - 20s/epoch - 5s/step
Epoch 8/30
4/4 - 19s - loss: 0.9770 - accuracy: 0.6207 - 19s/epoch - 5s/step
Epoch 9/30
4/4 - 19s - loss: 0.6586 - accuracy: 0.6897 - 19s/epoch - 5s/step
Epoch 10/30
4/4 - 20s - loss: 0.8088 - accuracy: 0.6207 - 20s/epoch - 5s/step
Epoch 11/30
4/4 - 30s - loss: 0.7893 - accuracy: 0.7241 - 30s/epoch - 7s/step
Epoch 12/30
4/4 - 31s - loss: 1.1231 - accuracy: 0.5862 - 31s/epoch - 8s/step
Epoch 13/30
4/4 - 31s - loss: 0.5768 - accuracy: 0.6897 - 31s/epoch - 8s/step
Epoch 14/30
4/4 - 33s - loss: 0.6740 - accuracy: 0.6897 - 33s/epoch - 8s/step
Epoch 15/30
4/4 - 35s - loss: 1.0189 - accuracy: 0.6552 - 35s/epoch - 9s/step
Epoch 16/30
4/4 - 34s - loss: 0.6338 - accuracy: 0.6552 - 34s/epoch - 8s/step
Epoch 17/30
4/4 - 51s - loss: 0.5695 - accuracy: 0.7931 - 51s/epoch - 13s/step
Epoch 18/30
4/4 - 54s - loss: 0.7230 - accuracy: 0.6897 - 54s/epoch - 13s/step
Epoch 19/30
4/4 - 34s - loss: 0.5160 - accuracy: 0.7241 - 34s/epoch - 8s/step
Epoch 20/30
4/4 - 35s - loss: 0.4372 - accuracy: 0.8276 - 35s/epoch - 9s/step
Epoch 21/30
4/4 - 37s - loss: 0.8589 - accuracy: 0.5517 - 37s/epoch - 9s/step
Epoch 22/30
4/4 - 40s - loss: 0.2787 - accuracy: 0.8621 - 40s/epoch - 10s/step
Epoch 23/30
4/4 - 40s - loss: 0.7733 - accuracy: 0.6897 - 40s/epoch - 10s/step
Epoch 24/30
4/4 - 40s - loss: 0.3364 - accuracy: 0.8621 - 40s/epoch - 10s/step
Epoch 25/30
4/4 - 38s - loss: 0.5363 - accuracy: 0.8276 - 38s/epoch - 9s/step
Epoch 26/30
4/4 - 39s - loss: 0.7921 - accuracy: 0.6552 - 39s/epoch - 10s/step
Epoch 27/30
4/4 - 43s - loss: 0.5045 - accuracy: 0.8276 - 43s/epoch - 11s/step
Epoch 28/30
4/4 - 43s - loss: 0.4132 - accuracy: 0.8276 - 43s/epoch - 11s/step
Epoch 29/30
4/4 - 43s - loss: 0.5617 - accuracy: 0.7586 - 43s/epoch - 11s/step
Epoch 30/30
4/4 - 47s - loss: 0.2082 - accuracy: 0.8966 - 47s/epoch - 12s/step
[12:12:27]     SMA-CLMPNet-Opt    acc  57.14  bal-acc  50.00  sen 100.00  spe   0.00  f1  72.73   [993s]
[12:12:27] === train 70%: 34 train / 16 test (test classes [9, 7])
================================
[⚠️] DCNN 
================================
Model: "model_26"
_________________________________________________________________
 Layer (type)                Output Shape              Param #   
=================================================================
 input_28 (InputLayer)       [(None, 224, 224, 3)]     0         
                                                                 
 input_1 (InputLayer)        multiple                  0         
                                                                 
 rescaling (Rescaling)       (None, 224, 224, 3)       0         
                                                                 
 normalization (Normalizatio  (None, 224, 224, 3)      7         
 n)                                                              
                                                                 
 rescaling_1 (Rescaling)     (None, 224, 224, 3)       0         
                                                                 
 stem_conv_pad (ZeroPadding2  (None, 225, 225, 3)      0         
 D)                                                              
                                                                 
 stem_conv (Conv2D)          (None, 112, 112, 64)      1728      
                                                                 
 conv2d_26 (Conv2D)          (None, 112, 112, 64)      36928     
                                                                 
 max_pooling2d_20 (MaxPoolin  (None, 56, 56, 64)       0         
 g2D)                                                            
                                                                 
 conv2d_27 (Conv2D)          (None, 56, 56, 32)        18464     
                                                                 
 max_pooling2d_21 (MaxPoolin  (None, 28, 28, 32)       0         
 g2D)                                                            
                                                                 
 flatten_18 (Flatten)        (None, 25088)             0         
                                                                 
 dense_134 (Dense)           (None, 128)               3211392   
                                                                 
 activation_128 (Activation)  (None, 128)              0         
                                                                 
 dropout_58 (Dropout)        (None, 128)               0         
                                                                 
 dense_135 (Dense)           (None, 32)                4128      
                                                                 
 activation_129 (Activation)  (None, 32)               0         
                                                                 
 dropout_59 (Dropout)        (None, 32)                0         
                                                                 
 dense_136 (Dense)           (None, 2)                 66        
                                                                 
=================================================================
Total params: 3,272,713
Trainable params: 3,272,706
Non-trainable params: 7
_________________________________________________________________
Epoch 1/10

1/2 [==============>...............] - ETA: 5s - loss: 1.6797 - accuracy: 0.4375
2/2 [==============================] - ETA: 0s - loss: 1.5809 - accuracy: 0.4706
2/2 [==============================] - 5s 239ms/step - loss: 1.5809 - accuracy: 0.4706
Epoch 2/10

1/2 [==============>...............] - ETA: 2s - loss: 12.2256 - accuracy: 0.6250
2/2 [==============================] - ETA: 0s - loss: 11.7563 - accuracy: 0.5882
2/2 [==============================] - 3s 264ms/step - loss: 11.7563 - accuracy: 0.5882
Epoch 3/10

1/2 [==============>...............] - ETA: 2s - loss: 5.1739 - accuracy: 0.4062
2/2 [==============================] - ETA: 0s - loss: 4.8911 - accuracy: 0.4118
2/2 [==============================] - 3s 235ms/step - loss: 4.8911 - accuracy: 0.4118
Epoch 4/10

1/2 [==============>...............] - ETA: 2s - loss: 3.7882 - accuracy: 0.5938
2/2 [==============================] - ETA: 0s - loss: 3.6919 - accuracy: 0.5882
2/2 [==============================] - 2s 194ms/step - loss: 3.6919 - accuracy: 0.5882
Epoch 5/10

1/2 [==============>...............] - ETA: 2s - loss: 1.8186 - accuracy: 0.4062
2/2 [==============================] - ETA: 0s - loss: 1.7922 - accuracy: 0.4118
2/2 [==============================] - 2s 215ms/step - loss: 1.7922 - accuracy: 0.4118
Epoch 6/10

1/2 [==============>...............] - ETA: 2s - loss: 0.9532 - accuracy: 0.6250
2/2 [==============================] - ETA: 0s - loss: 1.0445 - accuracy: 0.5882
2/2 [==============================] - 3s 245ms/step - loss: 1.0445 - accuracy: 0.5882
Epoch 7/10

1/2 [==============>...............] - ETA: 2s - loss: 0.9843 - accuracy: 0.4375
2/2 [==============================] - ETA: 0s - loss: 0.9759 - accuracy: 0.4412
2/2 [==============================] - 3s 247ms/step - loss: 0.9759 - accuracy: 0.4412
Epoch 8/10

1/2 [==============>...............] - ETA: 2s - loss: 0.8231 - accuracy: 0.4688
2/2 [==============================] - ETA: 0s - loss: 0.8155 - accuracy: 0.4706
2/2 [==============================] - 3s 263ms/step - loss: 0.8155 - accuracy: 0.4706
Epoch 9/10

1/2 [==============>...............] - ETA: 2s - loss: 0.7351 - accuracy: 0.4375
2/2 [==============================] - ETA: 0s - loss: 0.7338 - accuracy: 0.4412
2/2 [==============================] - 3s 237ms/step - loss: 0.7338 - accuracy: 0.4412
Epoch 10/10

1/2 [==============>...............] - ETA: 2s - loss: 0.6678 - accuracy: 0.6250
2/2 [==============================] - ETA: 0s - loss: 0.6675 - accuracy: 0.6176
2/2 [==============================] - 3s 225ms/step - loss: 0.6675 - accuracy: 0.6176

1/1 [==============================] - ETA: 0s
1/1 [==============================] - 1s 681ms/step
[12:13:02]     EfficientNet       acc  56.25  bal-acc  50.00  sen 100.00  spe   0.00  f1  72.00   [34s]
================================
[⚠️] STIDNet 
================================
Model: "model_27"
_________________________________________________________________
 Layer (type)                Output Shape              Param #   
=================================================================
 input_29 (InputLayer)       [(None, 128, 128, 10)]    0         
                                                                 
 conv2d_28 (Conv2D)          (None, 126, 126, 16)      1456      
                                                                 
 max_pooling2d_22 (MaxPoolin  (None, 63, 63, 16)       0         
 g2D)                                                            
                                                                 
 conv2d_29 (Conv2D)          (None, 61, 61, 32)        4640      
                                                                 
 max_pooling2d_23 (MaxPoolin  (None, 30, 30, 32)       0         
 g2D)                                                            
                                                                 
 conv2d_30 (Conv2D)          (None, 28, 28, 64)        18496     
                                                                 
 max_pooling2d_24 (MaxPoolin  (None, 14, 14, 64)       0         
 g2D)                                                            
                                                                 
 flatten_19 (Flatten)        (None, 12544)             0         
                                                                 
 dense_137 (Dense)           (None, 256)               3211520   
                                                                 
 dropout_60 (Dropout)        (None, 256)               0         
                                                                 
 dense_138 (Dense)           (None, 256)               65792     
                                                                 
 dropout_61 (Dropout)        (None, 256)               0         
                                                                 
 dense_139 (Dense)           (None, 2)                 514       
                                                                 
=================================================================
Total params: 3,302,418
Trainable params: 3,302,418
Non-trainable params: 0
_________________________________________________________________
Model: "model_28"
_________________________________________________________________
 Layer (type)                Output Shape              Param #   
=================================================================
 input_30 (InputLayer)       [(None, 128, 128, 10)]    0         
                                                                 
 conv2d_31 (Conv2D)          (None, 126, 126, 64)      5824      
                                                                 
 max_pooling2d_25 (MaxPoolin  (None, 63, 63, 64)       0         
 g2D)                                                            
                                                                 
 conv2d_32 (Conv2D)          (None, 61, 61, 16)        9232      
                                                                 
 max_pooling2d_26 (MaxPoolin  (None, 30, 30, 16)       0         
 g2D)                                                            
                                                                 
 flatten_20 (Flatten)        (None, 14400)             0         
                                                                 
 dense_140 (Dense)           (None, 64)                921664    
                                                                 
 dropout_62 (Dropout)        (None, 64)                0         
                                                                 
 dense_141 (Dense)           (None, 2)                 130       
                                                                 
=================================================================
Total params: 936,850
Trainable params: 936,850
Non-trainable params: 0
_________________________________________________________________
Epoch 1/10

1/2 [==============>...............] - ETA: 3s - loss: 0.7163 - accuracy: 0.5000
2/2 [==============================] - ETA: 0s - loss: 0.7013 - accuracy: 0.5000
2/2 [==============================] - 3s 93ms/step - loss: 0.7013 - accuracy: 0.5000
Epoch 2/10

1/2 [==============>...............] - ETA: 0s - loss: 1.1313 - accuracy: 0.6250
2/2 [==============================] - ETA: 0s - loss: 1.2125 - accuracy: 0.6176
2/2 [==============================] - 1s 95ms/step - loss: 1.2125 - accuracy: 0.6176
Epoch 3/10

1/2 [==============>...............] - ETA: 0s - loss: 0.7944 - accuracy: 0.5938
2/2 [==============================] - ETA: 0s - loss: 0.8199 - accuracy: 0.5882
2/2 [==============================] - 1s 95ms/step - loss: 0.8199 - accuracy: 0.5882
Epoch 4/10

1/2 [==============>...............] - ETA: 0s - loss: 0.8407 - accuracy: 0.5938
2/2 [==============================] - ETA: 0s - loss: 0.8152 - accuracy: 0.6176
2/2 [==============================] - 1s 92ms/step - loss: 0.8152 - accuracy: 0.6176
Epoch 5/10

1/2 [==============>...............] - ETA: 0s - loss: 0.7614 - accuracy: 0.4688
2/2 [==============================] - ETA: 0s - loss: 0.7608 - accuracy: 0.4412
2/2 [==============================] - 1s 94ms/step - loss: 0.7608 - accuracy: 0.4412
Epoch 6/10

1/2 [==============>...............] - ETA: 0s - loss: 0.6604 - accuracy: 0.6562
2/2 [==============================] - ETA: 0s - loss: 0.6979 - accuracy: 0.6176
2/2 [==============================] - 1s 93ms/step - loss: 0.6979 - accuracy: 0.6176
Epoch 7/10

1/2 [==============>...............] - ETA: 0s - loss: 0.7126 - accuracy: 0.5312
2/2 [==============================] - ETA: 0s - loss: 0.7184 - accuracy: 0.5294
2/2 [==============================] - 1s 83ms/step - loss: 0.7184 - accuracy: 0.5294
Epoch 8/10

1/2 [==============>...............] - ETA: 0s - loss: 0.7071 - accuracy: 0.5312
2/2 [==============================] - ETA: 0s - loss: 0.7043 - accuracy: 0.5294
2/2 [==============================] - 1s 84ms/step - loss: 0.7043 - accuracy: 0.5294
Epoch 9/10

1/2 [==============>...............] - ETA: 0s - loss: 0.6716 - accuracy: 0.5938
2/2 [==============================] - ETA: 0s - loss: 0.6673 - accuracy: 0.6176
2/2 [==============================] - 1s 85ms/step - loss: 0.6673 - accuracy: 0.6176
Epoch 10/10

1/2 [==============>...............] - ETA: 0s - loss: 0.6729 - accuracy: 0.5625
2/2 [==============================] - ETA: 0s - loss: 0.6766 - accuracy: 0.5588
2/2 [==============================] - 1s 100ms/step - loss: 0.6766 - accuracy: 0.5588
Epoch 1/10

1/2 [==============>...............] - ETA: 2s - loss: 0.7466 - accuracy: 0.4375
2/2 [==============================] - ETA: 0s - loss: 0.7075 - accuracy: 0.4706
2/2 [==============================] - 3s 118ms/step - loss: 0.7075 - accuracy: 0.4706
Epoch 2/10

1/2 [==============>...............] - ETA: 0s - loss: 2.4673 - accuracy: 0.6250
2/2 [==============================] - ETA: 0s - loss: 2.4812 - accuracy: 0.5882
2/2 [==============================] - 1s 111ms/step - loss: 2.4812 - accuracy: 0.5882
Epoch 3/10

1/2 [==============>...............] - ETA: 0s - loss: 0.6549 - accuracy: 0.6875
2/2 [==============================] - ETA: 0s - loss: 0.6543 - accuracy: 0.6765
2/2 [==============================] - 1s 107ms/step - loss: 0.6543 - accuracy: 0.6765
Epoch 4/10

1/2 [==============>...............] - ETA: 0s - loss: 0.6888 - accuracy: 0.6562
2/2 [==============================] - ETA: 0s - loss: 0.6865 - accuracy: 0.6471
2/2 [==============================] - 1s 102ms/step - loss: 0.6865 - accuracy: 0.6471
Epoch 5/10

1/2 [==============>...............] - ETA: 0s - loss: 0.8086 - accuracy: 0.5938
2/2 [==============================] - ETA: 0s - loss: 0.7963 - accuracy: 0.5882
2/2 [==============================] - 1s 108ms/step - loss: 0.7963 - accuracy: 0.5882
Epoch 6/10

1/2 [==============>...............] - ETA: 0s - loss: 0.5737 - accuracy: 0.6875
2/2 [==============================] - ETA: 0s - loss: 0.5777 - accuracy: 0.6765
2/2 [==============================] - 1s 124ms/step - loss: 0.5777 - accuracy: 0.6765
Epoch 7/10

1/2 [==============>...............] - ETA: 0s - loss: 0.7992 - accuracy: 0.4688
2/2 [==============================] - ETA: 0s - loss: 0.7809 - accuracy: 0.4706
2/2 [==============================] - 1s 118ms/step - loss: 0.7809 - accuracy: 0.4706
Epoch 8/10

1/2 [==============>...............] - ETA: 0s - loss: 0.5490 - accuracy: 0.7188
2/2 [==============================] - ETA: 0s - loss: 0.5597 - accuracy: 0.7059
2/2 [==============================] - 1s 110ms/step - loss: 0.5597 - accuracy: 0.7059
Epoch 9/10

1/2 [==============>...............] - ETA: 0s - loss: 0.6539 - accuracy: 0.6250
2/2 [==============================] - ETA: 0s - loss: 0.6498 - accuracy: 0.6176
2/2 [==============================] - 1s 127ms/step - loss: 0.6498 - accuracy: 0.6176
Epoch 10/10

1/2 [==============>...............] - ETA: 0s - loss: 0.8481 - accuracy: 0.5625
2/2 [==============================] - ETA: 0s - loss: 0.8503 - accuracy: 0.5588
2/2 [==============================] - 1s 113ms/step - loss: 0.8503 - accuracy: 0.5588
Epoch 1/10

1/1 [==============================] - ETA: 0s - accuracy: 0.7333 - loss: 0.0540 - student_loss: 0.5174 - distillation_loss: 0.0025
1/1 [==============================] - 5s 5s/step - accuracy: 0.7333 - loss: 0.0540 - student_loss: 0.5174 - distillation_loss: 0.0025 - val_accuracy: 0.0000e+00 - val_student_loss: 1.6102
Epoch 2/10

1/1 [==============================] - ETA: 0s - accuracy: 0.7333 - loss: 0.0684 - student_loss: 0.5426 - distillation_loss: 0.0158
1/1 [==============================] - 1s 998ms/step - accuracy: 0.7333 - loss: 0.0684 - student_loss: 0.5426 - distillation_loss: 0.0158 - val_accuracy: 1.0000 - val_student_loss: 0.3987
Epoch 3/10

1/1 [==============================] - ETA: 0s - accuracy: 0.6667 - loss: 0.0616 - student_loss: 0.5794 - distillation_loss: 0.0040
1/1 [==============================] - 1s 975ms/step - accuracy: 0.6667 - loss: 0.0616 - student_loss: 0.5794 - distillation_loss: 0.0040 - val_accuracy: 1.0000 - val_student_loss: 0.5499
Epoch 4/10

1/1 [==============================] - ETA: 0s - accuracy: 0.8667 - loss: 0.0533 - student_loss: 0.5072 - distillation_loss: 0.0029
1/1 [==============================] - 1s 1s/step - accuracy: 0.8667 - loss: 0.0533 - student_loss: 0.5072 - distillation_loss: 0.0029 - val_accuracy: 0.7500 - val_student_loss: 0.6447
Epoch 5/10

1/1 [==============================] - ETA: 0s - accuracy: 0.8667 - loss: 0.0496 - student_loss: 0.4672 - distillation_loss: 0.0032
1/1 [==============================] - 1s 1s/step - accuracy: 0.8667 - loss: 0.0496 - student_loss: 0.4672 - distillation_loss: 0.0032 - val_accuracy: 0.7500 - val_student_loss: 0.6796
Epoch 6/10

1/1 [==============================] - ETA: 0s - accuracy: 0.8000 - loss: 0.0458 - student_loss: 0.4175 - distillation_loss: 0.0045
1/1 [==============================] - 1s 1s/step - accuracy: 0.8000 - loss: 0.0458 - student_loss: 0.4175 - distillation_loss: 0.0045 - val_accuracy: 0.2500 - val_student_loss: 0.7220
Epoch 7/10

1/1 [==============================] - ETA: 0s - accuracy: 0.9000 - loss: 0.0442 - student_loss: 0.4026 - distillation_loss: 0.0044
1/1 [==============================] - 1s 978ms/step - accuracy: 0.9000 - loss: 0.0442 - student_loss: 0.4026 - distillation_loss: 0.0044 - val_accuracy: 0.0000e+00 - val_student_loss: 0.9023
Epoch 8/10

1/1 [==============================] - ETA: 0s - accuracy: 0.8000 - loss: 0.0449 - student_loss: 0.3385 - distillation_loss: 0.0122
1/1 [==============================] - 1s 1s/step - accuracy: 0.8000 - loss: 0.0449 - student_loss: 0.3385 - distillation_loss: 0.0122 - val_accuracy: 0.7500 - val_student_loss: 0.6087
Epoch 9/10

1/1 [==============================] - ETA: 0s - accuracy: 1.0000 - loss: 0.0424 - student_loss: 0.3375 - distillation_loss: 0.0096
1/1 [==============================] - 1s 1s/step - accuracy: 1.0000 - loss: 0.0424 - student_loss: 0.3375 - distillation_loss: 0.0096 - val_accuracy: 0.7500 - val_student_loss: 0.5742
Epoch 10/10

1/1 [==============================] - ETA: 0s - accuracy: 0.9333 - loss: 0.0387 - student_loss: 0.3336 - distillation_loss: 0.0059
1/1 [==============================] - 1s 1s/step - accuracy: 0.9333 - loss: 0.0387 - student_loss: 0.3336 - distillation_loss: 0.0059 - val_accuracy: 0.5000 - val_student_loss: 0.5832

1/1 [==============================] - ETA: 0s
1/1 [==============================] - 0s 500ms/step
[12:13:39]     STIDNet            acc  75.00  bal-acc  71.43  sen 100.00  spe  42.86  f1  81.82   [38s]
================================
[⚠️] CNN 
================================
Model: "model_29"
_________________________________________________________________
 Layer (type)                Output Shape              Param #   
=================================================================
 input_31 (InputLayer)       [(None, 128, 128, 10)]    0         
                                                                 
 conv2d_33 (Conv2D)          (None, 128, 128, 16)      1456      
                                                                 
 activation_130 (Activation)  (None, 128, 128, 16)     0         
                                                                 
 max_pooling2d_27 (MaxPoolin  (None, 128, 128, 16)     0         
 g2D)                                                            
                                                                 
 conv2d_34 (Conv2D)          (None, 128, 128, 32)      4640      
                                                                 
 activation_131 (Activation)  (None, 128, 128, 32)     0         
                                                                 
 max_pooling2d_28 (MaxPoolin  (None, 128, 128, 32)     0         
 g2D)                                                            
                                                                 
 conv2d_35 (Conv2D)          (None, 128, 128, 64)      18496     
                                                                 
 activation_132 (Activation)  (None, 128, 128, 64)     0         
                                                                 
 batch_normalization_30 (Bat  (None, 128, 128, 64)     256       
 chNormalization)                                                
                                                                 
 max_pooling2d_29 (MaxPoolin  (None, 128, 128, 64)     0         
 g2D)                                                            
                                                                 
 dropout_63 (Dropout)        (None, 128, 128, 64)      0         
                                                                 
 flatten_21 (Flatten)        (None, 1048576)           0         
                                                                 
 dense_142 (Dense)           (None, 100)               104857700 
                                                                 
 activation_133 (Activation)  (None, 100)              0         
                                                                 
 batch_normalization_31 (Bat  (None, 100)              400       
 chNormalization)                                                
                                                                 
 dropout_64 (Dropout)        (None, 100)               0         
                                                                 
 dense2c (Dense)             (None, 64)                6464      
                                                                 
 activation_134 (Activation)  (None, 64)               0         
                                                                 
 batch_normalization_32 (Bat  (None, 64)               256       
 chNormalization)                                                
                                                                 
 dropout_65 (Dropout)        (None, 64)                0         
                                                                 
 dense_143 (Dense)           (None, 2)                 130       
                                                                 
=================================================================
Total params: 104,889,798
Trainable params: 104,889,342
Non-trainable params: 456
_________________________________________________________________
Epoch 1/10

1/2 [==============>...............] - ETA: 8s - loss: 1.4233 - accuracy: 0.4062
2/2 [==============================] - ETA: 0s - loss: 1.4132 - accuracy: 0.4118
2/2 [==============================] - 9s 728ms/step - loss: 1.4132 - accuracy: 0.4118
Epoch 2/10

1/2 [==============>...............] - ETA: 4s - loss: 0.8159 - accuracy: 0.5938
2/2 [==============================] - ETA: 0s - loss: 0.8747 - accuracy: 0.5588
2/2 [==============================] - 5s 676ms/step - loss: 0.8747 - accuracy: 0.5588
Epoch 3/10

1/2 [==============>...............] - ETA: 3s - loss: 0.8955 - accuracy: 0.6562
2/2 [==============================] - ETA: 0s - loss: 0.8475 - accuracy: 0.6765
2/2 [==============================] - 4s 563ms/step - loss: 0.8475 - accuracy: 0.6765
Epoch 4/10

1/2 [==============>...............] - ETA: 3s - loss: 0.7873 - accuracy: 0.5938
2/2 [==============================] - ETA: 0s - loss: 0.8505 - accuracy: 0.5882
2/2 [==============================] - 5s 666ms/step - loss: 0.8505 - accuracy: 0.5882
Epoch 5/10

1/2 [==============>...............] - ETA: 4s - loss: 0.7516 - accuracy: 0.6250
2/2 [==============================] - ETA: 0s - loss: 0.7200 - accuracy: 0.6471
2/2 [==============================] - 5s 625ms/step - loss: 0.7200 - accuracy: 0.6471
Epoch 6/10

1/2 [==============>...............] - ETA: 1s - loss: 0.7106 - accuracy: 0.7188
2/2 [==============================] - ETA: 0s - loss: 0.7246 - accuracy: 0.7059
2/2 [==============================] - 2s 714ms/step - loss: 0.7246 - accuracy: 0.7059
Epoch 7/10

1/2 [==============>...............] - ETA: 4s - loss: 0.7066 - accuracy: 0.6875
2/2 [==============================] - ETA: 0s - loss: 0.6839 - accuracy: 0.7059
2/2 [==============================] - 5s 605ms/step - loss: 0.6839 - accuracy: 0.7059
Epoch 8/10

1/2 [==============>...............] - ETA: 3s - loss: 0.6570 - accuracy: 0.6875
2/2 [==============================] - ETA: 0s - loss: 0.6186 - accuracy: 0.7059
2/2 [==============================] - 5s 632ms/step - loss: 0.6186 - accuracy: 0.7059
Epoch 9/10

1/2 [==============>...............] - ETA: 3s - loss: 0.4452 - accuracy: 0.8438
2/2 [==============================] - ETA: 0s - loss: 0.4577 - accuracy: 0.8235
2/2 [==============================] - 4s 652ms/step - loss: 0.4577 - accuracy: 0.8235
Epoch 10/10

1/2 [==============>...............] - ETA: 3s - loss: 0.7534 - accuracy: 0.6562
2/2 [==============================] - ETA: 0s - loss: 0.7093 - accuracy: 0.6765
2/2 [==============================] - 5s 737ms/step - loss: 0.7093 - accuracy: 0.6765

1/1 [==============================] - ETA: 0s
1/1 [==============================] - 1s 972ms/step
[12:14:32]     DCNN               acc  56.25  bal-acc  50.00  sen 100.00  spe   0.00  f1  72.00   [53s]
================================
[⚠️] GLCM 
================================
Model: "model_30"
_________________________________________________________________
 Layer (type)                Output Shape              Param #   
=================================================================
 input_32 (InputLayer)       [(None, 10, 12)]          0         
                                                                 
 conv1d_4 (Conv1D)           (None, 10, 32)            1184      
                                                                 
 activation_135 (Activation)  (None, 10, 32)           0         
                                                                 
 dropout_66 (Dropout)        (None, 10, 32)            0         
                                                                 
 max_pooling1d_4 (MaxPooling  (None, 5, 32)            0         
 1D)                                                             
                                                                 
 conv1d_5 (Conv1D)           (None, 5, 64)             6208      
                                                                 
 activation_136 (Activation)  (None, 5, 64)            0         
                                                                 
 max_pooling1d_5 (MaxPooling  (None, 3, 64)            0         
 1D)                                                             
                                                                 
 flatten_22 (Flatten)        (None, 192)               0         
                                                                 
 dense_144 (Dense)           (None, 32)                6176      
                                                                 
 activation_137 (Activation)  (None, 32)               0         
                                                                 
 dense_145 (Dense)           (None, 2)                 66        
                                                                 
 activation_138 (Activation)  (None, 2)                0         
                                                                 
=================================================================
Total params: 13,634
Trainable params: 13,634
Non-trainable params: 0
_________________________________________________________________
Epoch 1/10

1/2 [==============>...............] - ETA: 2s - loss: 192.8508 - accuracy: 0.4375
2/2 [==============================] - 2s 10ms/step - loss: 191.4213 - accuracy: 0.4118
Epoch 2/10

1/2 [==============>...............] - ETA: 0s - loss: 93.1189 - accuracy: 0.5938
2/2 [==============================] - 0s 8ms/step - loss: 87.6413 - accuracy: 0.6176
Epoch 3/10

1/2 [==============>...............] - ETA: 0s - loss: 131.3995 - accuracy: 0.6250
2/2 [==============================] - 0s 7ms/step - loss: 131.5674 - accuracy: 0.6176
Epoch 4/10

1/2 [==============>...............] - ETA: 0s - loss: 71.8544 - accuracy: 0.5938
2/2 [==============================] - 0s 7ms/step - loss: 67.6920 - accuracy: 0.5882
Epoch 5/10

1/2 [==============>...............] - ETA: 0s - loss: 65.5978 - accuracy: 0.5312
2/2 [==============================] - 0s 7ms/step - loss: 76.1767 - accuracy: 0.5000
Epoch 6/10

1/2 [==============>...............] - ETA: 0s - loss: 41.1178 - accuracy: 0.7188
2/2 [==============================] - 0s 7ms/step - loss: 38.6991 - accuracy: 0.7353
Epoch 7/10

1/2 [==============>...............] - ETA: 0s - loss: 92.4526 - accuracy: 0.4688
2/2 [==============================] - 0s 8ms/step - loss: 88.5360 - accuracy: 0.4706
Epoch 8/10

1/2 [==============>...............] - ETA: 0s - loss: 135.7336 - accuracy: 0.4375
2/2 [==============================] - 0s 10ms/step - loss: 127.7493 - accuracy: 0.4706
Epoch 9/10

1/2 [==============>...............] - ETA: 0s - loss: 73.3131 - accuracy: 0.5312
2/2 [==============================] - 0s 9ms/step - loss: 69.8552 - accuracy: 0.5294
Epoch 10/10

1/2 [==============>...............] - ETA: 0s - loss: 52.6643 - accuracy: 0.6562
2/2 [==============================] - 0s 9ms/step - loss: 49.5664 - accuracy: 0.6765

1/1 [==============================] - ETA: 0s
1/1 [==============================] - 0s 404ms/step
[12:14:37]     GLCM               acc  43.75  bal-acc  38.89  sen  77.78  spe   0.00  f1  60.87   [5s]
================================
[⚠️] 3DCNN Based Distributed LSTM with Modified Pooling 
================================
linspaced [0.09090909 0.18181818 0.27272727 0.36363636 0.45454545 0.54545455
 0.63636364 0.72727273 0.81818182 0.90909091 1.        ]
channel is 128
channel is 128
channel is 128
channel is 128
channel is 128
channel is 128
channel is 128
channel is 128
channel is 128
channel is 128
channel is 128
(None, 1, 128)
Model: "model_31"
__________________________________________________________________________________________________
 Layer (type)                   Output Shape         Param #     Connected to                     
==================================================================================================
 input_33 (InputLayer)          [(None, 10, 128, 12  0           []                               
                                8, 12)]                                                           
                                                                                                  
 conv3d_24 (Conv3D)             (None, 10, 128, 128  5200        ['input_33[0][0]']               
                                , 16)                                                             
                                                                                                  
 activation_139 (Activation)    (None, 10, 128, 128  0           ['conv3d_24[0][0]']              
                                , 16)                                                             
                                                                                                  
 max_pooling3d_24 (MaxPooling3D  (None, 10, 128, 128  0          ['activation_139[0][0]']         
 )                              , 16)                                                             
                                                                                                  
 average_pooling3d_24 (AverageP  (None, 10, 128, 128  0          ['activation_139[0][0]']         
 ooling3D)                      , 16)                                                             
                                                                                                  
 lambda_24 (Lambda)             (None, 10, 128, 128  0           ['max_pooling3d_24[0][0]',       
                                , 16)                             'average_pooling3d_24[0][0]']   
                                                                                                  
 conv3d_25 (Conv3D)             (None, 8, 126, 126,  13856       ['lambda_24[0][0]']              
                                 32)                                                              
                                                                                                  
 activation_140 (Activation)    (None, 8, 126, 126,  0           ['conv3d_25[0][0]']              
                                 32)                                                              
                                                                                                  
 max_pooling3d_25 (MaxPooling3D  (None, 4, 63, 63, 3  0          ['activation_140[0][0]']         
 )                              2)                                                                
                                                                                                  
 average_pooling3d_25 (AverageP  (None, 4, 63, 63, 3  0          ['activation_140[0][0]']         
 ooling3D)                      2)                                                                
                                                                                                  
 lambda_25 (Lambda)             (None, 4, 63, 63, 3  0           ['max_pooling3d_25[0][0]',       
                                2)                                'average_pooling3d_25[0][0]']   
                                                                                                  
 conv3d_26 (Conv3D)             (None, 2, 61, 61, 6  55360       ['lambda_25[0][0]']              
                                4)                                                                
                                                                                                  
 activation_141 (Activation)    (None, 2, 61, 61, 6  0           ['conv3d_26[0][0]']              
                                4)                                                                
                                                                                                  
 batch_normalization_33 (BatchN  (None, 2, 61, 61, 6  256        ['activation_141[0][0]']         
 ormalization)                  4)                                                                
                                                                                                  
 max_pooling3d_26 (MaxPooling3D  (None, 1, 31, 31, 6  0          ['batch_normalization_33[0][0]'] 
 )                              4)                                                                
                                                                                                  
 average_pooling3d_26 (AverageP  (None, 1, 31, 31, 6  0          ['batch_normalization_33[0][0]'] 
 ooling3D)                      4)                                                                
                                                                                                  
 lambda_26 (Lambda)             (None, 1, 31, 31, 6  0           ['max_pooling3d_26[0][0]',       
                                4)                                'average_pooling3d_26[0][0]']   
                                                                                                  
 dropout_67 (Dropout)           (None, 1, 31, 31, 6  0           ['lambda_26[0][0]']              
                                4)                                                                
                                                                                                  
 reshape_82 (Reshape)           (None, 31, 31, 64)   0           ['dropout_67[0][0]']             
                                                                                                  
 reshape_83 (Reshape)           (None, 31, 1984)     0           ['reshape_82[0][0]']             
                                                                                                  
 lstm_16 (LSTM)                 (None, 128)          1081856     ['reshape_83[0][0]']             
                                                                                                  
 lstm_17 (LSTM)                 (None, 128)          1081856     ['reshape_83[0][0]']             
                                                                                                  
 add_8 (Add)                    (None, 128)          0           ['lstm_16[0][0]',                
                                                                  'lstm_17[0][0]']                
                                                                                                  
 reshape_84 (Reshape)           (None, 1, 128)       0           ['add_8[0][0]']                  
                                                                                                  
 reshape_85 (Reshape)           (None, 1, 128)       0           ['add_8[0][0]']                  
                                                                                                  
 reshape_86 (Reshape)           (None, 1, 128)       0           ['add_8[0][0]']                  
                                                                                                  
 reshape_87 (Reshape)           (None, 1, 128)       0           ['add_8[0][0]']                  
                                                                                                  
 reshape_88 (Reshape)           (None, 1, 128)       0           ['add_8[0][0]']                  
                                                                                                  
 reshape_89 (Reshape)           (None, 1, 128)       0           ['add_8[0][0]']                  
                                                                                                  
 reshape_90 (Reshape)           (None, 1, 128)       0           ['add_8[0][0]']                  
                                                                                                  
 reshape_91 (Reshape)           (None, 1, 128)       0           ['add_8[0][0]']                  
                                                                                                  
 reshape_92 (Reshape)           (None, 1, 128)       0           ['add_8[0][0]']                  
                                                                                                  
 reshape_93 (Reshape)           (None, 1, 128)       0           ['add_8[0][0]']                  
                                                                                                  
 reshape_94 (Reshape)           (None, 1, 128)       0           ['add_8[0][0]']                  
                                                                                                  
 dense_146 (Dense)              (None, 1, 11)        1419        ['reshape_84[0][0]']             
                                                                                                  
 dense_147 (Dense)              (None, 1, 23)        2967        ['reshape_85[0][0]']             
                                                                                                  
 dense_148 (Dense)              (None, 1, 34)        4386        ['reshape_86[0][0]']             
                                                                                                  
 dense_149 (Dense)              (None, 1, 46)        5934        ['reshape_87[0][0]']             
                                                                                                  
 dense_150 (Dense)              (None, 1, 58)        7482        ['reshape_88[0][0]']             
                                                                                                  
 dense_151 (Dense)              (None, 1, 69)        8901        ['reshape_89[0][0]']             
                                                                                                  
 dense_152 (Dense)              (None, 1, 81)        10449       ['reshape_90[0][0]']             
                                                                                                  
 dense_153 (Dense)              (None, 1, 93)        11997       ['reshape_91[0][0]']             
                                                                                                  
 dense_154 (Dense)              (None, 1, 104)       13416       ['reshape_92[0][0]']             
                                                                                                  
 dense_155 (Dense)              (None, 1, 116)       14964       ['reshape_93[0][0]']             
                                                                                                  
 dense_156 (Dense)              (None, 1, 128)       16512       ['reshape_94[0][0]']             
                                                                                                  
 activation_142 (Activation)    (None, 1, 11)        0           ['dense_146[0][0]']              
                                                                                                  
 activation_143 (Activation)    (None, 1, 23)        0           ['dense_147[0][0]']              
                                                                                                  
 activation_144 (Activation)    (None, 1, 34)        0           ['dense_148[0][0]']              
                                                                                                  
 activation_145 (Activation)    (None, 1, 46)        0           ['dense_149[0][0]']              
                                                                                                  
 activation_146 (Activation)    (None, 1, 58)        0           ['dense_150[0][0]']              
                                                                                                  
 activation_147 (Activation)    (None, 1, 69)        0           ['dense_151[0][0]']              
                                                                                                  
 activation_148 (Activation)    (None, 1, 81)        0           ['dense_152[0][0]']              
                                                                                                  
 activation_149 (Activation)    (None, 1, 93)        0           ['dense_153[0][0]']              
                                                                                                  
 activation_150 (Activation)    (None, 1, 104)       0           ['dense_154[0][0]']              
                                                                                                  
 activation_151 (Activation)    (None, 1, 116)       0           ['dense_155[0][0]']              
                                                                                                  
 activation_152 (Activation)    (None, 1, 128)       0           ['dense_156[0][0]']              
                                                                                                  
 excitation_0.091 (Dense)       (None, 1, 128)       1536        ['activation_142[0][0]']         
                                                                                                  
 excitation_0.182 (Dense)       (None, 1, 128)       3072        ['activation_143[0][0]']         
                                                                                                  
 excitation_0.273 (Dense)       (None, 1, 128)       4480        ['activation_144[0][0]']         
                                                                                                  
 excitation_0.364 (Dense)       (None, 1, 128)       6016        ['activation_145[0][0]']         
                                                                                                  
 excitation_0.455 (Dense)       (None, 1, 128)       7552        ['activation_146[0][0]']         
                                                                                                  
 excitation_0.545 (Dense)       (None, 1, 128)       8960        ['activation_147[0][0]']         
                                                                                                  
 excitation_0.636 (Dense)       (None, 1, 128)       10496       ['activation_148[0][0]']         
                                                                                                  
 excitation_0.727 (Dense)       (None, 1, 128)       12032       ['activation_149[0][0]']         
                                                                                                  
 excitation_0.818 (Dense)       (None, 1, 128)       13440       ['activation_150[0][0]']         
                                                                                                  
 excitation_0.909 (Dense)       (None, 1, 128)       14976       ['activation_151[0][0]']         
                                                                                                  
 excitation_1 (Dense)           (None, 1, 128)       16512       ['activation_152[0][0]']         
                                                                                                  
 average_6 (Average)            (None, 1, 128)       0           ['excitation_0.091[0][0]',       
                                                                  'excitation_0.182[0][0]',       
                                                                  'excitation_0.273[0][0]',       
                                                                  'excitation_0.364[0][0]',       
                                                                  'excitation_0.455[0][0]',       
                                                                  'excitation_0.545[0][0]',       
                                                                  'excitation_0.636[0][0]',       
                                                                  'excitation_0.727[0][0]',       
                                                                  'excitation_0.818[0][0]',       
                                                                  'excitation_0.909[0][0]',       
                                                                  'excitation_1[0][0]']           
                                                                                                  
 normalized_attention (LayerNor  (None, 1, 128)      256         ['average_6[0][0]']              
 malization)                                                                                      
                                                                                                  
 hadamard (Multiply)            (None, 1, 128)       0           ['add_8[0][0]',                  
                                                                  'normalized_attention[0][0]']   
                                                                                                  
 normalized_attention2 (LayerNo  (None, 1, 128)      256         ['hadamard[0][0]']               
 rmalization)                                                                                     
                                                                                                  
 trainableatt (TrainableAttenti  (None, 1, 128)      16384       ['normalized_attention2[0][0]']  
 on)                                                                                              
                                                                                                  
 dense_157 (Dense)              (None, 1, 128)       16384       ['trainableatt[0][0]']           
                                                                                                  
 dense_158 (Dense)              (None, 1, 128)       16384       ['dense_157[0][0]']              
                                                                                                  
 flatten_23 (Flatten)           (None, 128)          0           ['dense_158[0][0]']              
                                                                                                  
 dense_159 (Dense)              (None, 100)          12900       ['flatten_23[0][0]']             
                                                                                                  
 activation_153 (Activation)    (None, 100)          0           ['dense_159[0][0]']              
                                                                                                  
 batch_normalization_34 (BatchN  (None, 100)         400         ['activation_153[0][0]']         
 ormalization)                                                                                    
                                                                                                  
 dropout_68 (Dropout)           (None, 100)          0           ['batch_normalization_34[0][0]'] 
                                                                                                  
 dense2c (Dense)                (None, 64)           6464        ['dropout_68[0][0]']             
                                                                                                  
 activation_154 (Activation)    (None, 64)           0           ['dense2c[0][0]']                
                                                                                                  
 batch_normalization_35 (BatchN  (None, 64)          256         ['activation_154[0][0]']         
 ormalization)                                                                                    
                                                                                                  
 dropout_69 (Dropout)           (None, 64)           0           ['batch_normalization_35[0][0]'] 
                                                                                                  
 dense_160 (Dense)              (None, 2)            130         ['dropout_69[0][0]']             
                                                                                                  
==================================================================================================
Total params: 2,505,697
Trainable params: 2,505,241
Non-trainable params: 456
__________________________________________________________________________________________________
Epoch 1/10

1/2 [==============>...............] - ETA: 1:22 - loss: 0.6933 - accuracy: 0.4062
2/2 [==============================] - ETA: 0s - loss: 0.8276 - accuracy: 0.4118  
2/2 [==============================] - 89s 7s/step - loss: 0.8276 - accuracy: 0.4118
Epoch 2/10

1/2 [==============>...............] - ETA: 51s - loss: 0.8225 - accuracy: 0.5312
2/2 [==============================] - ETA: 0s - loss: 0.9181 - accuracy: 0.5294 
2/2 [==============================] - 58s 7s/step - loss: 0.9181 - accuracy: 0.5294
Epoch 3/10

1/2 [==============>...............] - ETA: 49s - loss: 1.3122 - accuracy: 0.4688
2/2 [==============================] - ETA: 0s - loss: 1.3035 - accuracy: 0.4412 
2/2 [==============================] - 55s 6s/step - loss: 1.3035 - accuracy: 0.4412
Epoch 4/10

1/2 [==============>...............] - ETA: 34s - loss: 0.6560 - accuracy: 0.6562
2/2 [==============================] - ETA: 0s - loss: 0.6323 - accuracy: 0.6765 
2/2 [==============================] - 40s 6s/step - loss: 0.6323 - accuracy: 0.6765
Epoch 5/10

1/2 [==============>...............] - ETA: 34s - loss: 0.9873 - accuracy: 0.5625
2/2 [==============================] - ETA: 0s - loss: 1.0627 - accuracy: 0.5588 
2/2 [==============================] - 40s 6s/step - loss: 1.0627 - accuracy: 0.5588
Epoch 6/10

1/2 [==============>...............] - ETA: 38s - loss: 0.7887 - accuracy: 0.7188
2/2 [==============================] - ETA: 0s - loss: 0.7902 - accuracy: 0.6765 
2/2 [==============================] - 45s 7s/step - loss: 0.7902 - accuracy: 0.6765
Epoch 7/10

1/2 [==============>...............] - ETA: 46s - loss: 0.7117 - accuracy: 0.5938
2/2 [==============================] - ETA: 0s - loss: 0.7867 - accuracy: 0.5588 
2/2 [==============================] - 51s 4s/step - loss: 0.7867 - accuracy: 0.5588
Epoch 8/10

1/2 [==============>...............] - ETA: 32s - loss: 0.9828 - accuracy: 0.6875
2/2 [==============================] - ETA: 0s - loss: 0.9694 - accuracy: 0.6765 
2/2 [==============================] - 38s 5s/step - loss: 0.9694 - accuracy: 0.6765
Epoch 9/10

1/2 [==============>...............] - ETA: 38s - loss: 1.1089 - accuracy: 0.5625
2/2 [==============================] - ETA: 0s - loss: 1.1030 - accuracy: 0.5588 
2/2 [==============================] - 45s 7s/step - loss: 1.1030 - accuracy: 0.5588
Epoch 10/10

1/2 [==============>...............] - ETA: 52s - loss: 0.8870 - accuracy: 0.7188
2/2 [==============================] - ETA: 0s - loss: 0.8890 - accuracy: 0.7059 
2/2 [==============================] - 59s 7s/step - loss: 0.8890 - accuracy: 0.7059

1/1 [==============================] - ETA: 0s
1/1 [==============================] - 10s 10s/step
[12:23:34]     MUSE-CLMPNet       acc  56.25  bal-acc  50.00  sen 100.00  spe   0.00  f1  72.00   [537s]
================================
[⚠️] 3DCNN Based Distributed LSTM with Modified Pooling 
================================
Model: "model_32"
__________________________________________________________________________________________________
 Layer (type)                   Output Shape         Param #     Connected to                     
==================================================================================================
 input_34 (InputLayer)          [(None, 10, 128, 12  0           []                               
                                8, 12)]                                                           
                                                                                                  
 conv3d_27 (Conv3D)             (None, 10, 128, 128  5200        ['input_34[0][0]']               
                                , 16)                                                             
                                                                                                  
 activation_155 (Activation)    (None, 10, 128, 128  0           ['conv3d_27[0][0]']              
                                , 16)                                                             
                                                                                                  
 max_pooling3d_27 (MaxPooling3D  (None, 10, 128, 128  0          ['activation_155[0][0]']         
 )                              , 16)                                                             
                                                                                                  
 average_pooling3d_27 (AverageP  (None, 10, 128, 128  0          ['activation_155[0][0]']         
 ooling3D)                      , 16)                                                             
                                                                                                  
 lambda_27 (Lambda)             (None, 10, 128, 128  0           ['max_pooling3d_27[0][0]',       
                                , 16)                             'average_pooling3d_27[0][0]']   
                                                                                                  
 conv3d_28 (Conv3D)             (None, 8, 126, 126,  13856       ['lambda_27[0][0]']              
                                 32)                                                              
                                                                                                  
 activation_156 (Activation)    (None, 8, 126, 126,  0           ['conv3d_28[0][0]']              
                                 32)                                                              
                                                                                                  
 max_pooling3d_28 (MaxPooling3D  (None, 4, 63, 63, 3  0          ['activation_156[0][0]']         
 )                              2)                                                                
                                                                                                  
 average_pooling3d_28 (AverageP  (None, 4, 63, 63, 3  0          ['activation_156[0][0]']         
 ooling3D)                      2)                                                                
                                                                                                  
 lambda_28 (Lambda)             (None, 4, 63, 63, 3  0           ['max_pooling3d_28[0][0]',       
                                2)                                'average_pooling3d_28[0][0]']   
                                                                                                  
 conv3d_29 (Conv3D)             (None, 2, 61, 61, 6  55360       ['lambda_28[0][0]']              
                                4)                                                                
                                                                                                  
 activation_157 (Activation)    (None, 2, 61, 61, 6  0           ['conv3d_29[0][0]']              
                                4)                                                                
                                                                                                  
 batch_normalization_36 (BatchN  (None, 2, 61, 61, 6  256        ['activation_157[0][0]']         
 ormalization)                  4)                                                                
                                                                                                  
 max_pooling3d_29 (MaxPooling3D  (None, 1, 31, 31, 6  0          ['batch_normalization_36[0][0]'] 
 )                              4)                                                                
                                                                                                  
 average_pooling3d_29 (AverageP  (None, 1, 31, 31, 6  0          ['batch_normalization_36[0][0]'] 
 ooling3D)                      4)                                                                
                                                                                                  
 lambda_29 (Lambda)             (None, 1, 31, 31, 6  0           ['max_pooling3d_29[0][0]',       
                                4)                                'average_pooling3d_29[0][0]']   
                                                                                                  
 dropout_70 (Dropout)           (None, 1, 31, 31, 6  0           ['lambda_29[0][0]']              
                                4)                                                                
                                                                                                  
 reshape_95 (Reshape)           (None, 31, 31, 64)   0           ['dropout_70[0][0]']             
                                                                                                  
 spatial_and_channel_joint_atte  (None, 31, 31, 64)  0           ['reshape_95[0][0]']             
 ntion_6 (SpatialAndChannelJoin                                                                   
 tAttention)                                                                                      
                                                                                                  
 reshape_96 (Reshape)           (None, 31, 1984)     0           ['spatial_and_channel_joint_atten
                                                                 tion_6[0][0]']                   
                                                                                                  
 lstm_18 (LSTM)                 (None, 128)          1081856     ['reshape_96[0][0]']             
                                                                                                  
 lstm_19 (LSTM)                 (None, 128)          1081856     ['reshape_96[0][0]']             
                                                                                                  
 add_9 (Add)                    (None, 128)          0           ['lstm_18[0][0]',                
                                                                  'lstm_19[0][0]']                
                                                                                                  
 flatten_24 (Flatten)           (None, 128)          0           ['add_9[0][0]']                  
                                                                                                  
 dense_161 (Dense)              (None, 100)          12900       ['flatten_24[0][0]']             
                                                                                                  
 activation_158 (Activation)    (None, 100)          0           ['dense_161[0][0]']              
                                                                                                  
 batch_normalization_37 (BatchN  (None, 100)         400         ['activation_158[0][0]']         
 ormalization)                                                                                    
                                                                                                  
 dropout_71 (Dropout)           (None, 100)          0           ['batch_normalization_37[0][0]'] 
                                                                                                  
 dense2c (Dense)                (None, 64)           6464        ['dropout_71[0][0]']             
                                                                                                  
 activation_159 (Activation)    (None, 64)           0           ['dense2c[0][0]']                
                                                                                                  
 batch_normalization_38 (BatchN  (None, 64)          256         ['activation_159[0][0]']         
 ormalization)                                                                                    
                                                                                                  
 dropout_72 (Dropout)           (None, 64)           0           ['batch_normalization_38[0][0]'] 
                                                                                                  
 dense_162 (Dense)              (None, 2)            130         ['dropout_72[0][0]']             
                                                                                                  
==================================================================================================
Total params: 2,258,534
Trainable params: 2,258,078
Non-trainable params: 456
__________________________________________________________________________________________________
Epoch 1/10

1/2 [==============>...............] - ETA: 59s - loss: 1.0527 - accuracy: 0.5000
2/2 [==============================] - ETA: 0s - loss: 1.0425 - accuracy: 0.5000 
2/2 [==============================] - 64s 5s/step - loss: 1.0425 - accuracy: 0.5000
Epoch 2/10

1/2 [==============>...............] - ETA: 27s - loss: 1.2236 - accuracy: 0.4375
2/2 [==============================] - ETA: 0s - loss: 1.1756 - accuracy: 0.4412 
2/2 [==============================] - 32s 4s/step - loss: 1.1756 - accuracy: 0.4412
Epoch 3/10

1/2 [==============>...............] - ETA: 27s - loss: 0.8744 - accuracy: 0.5625
2/2 [==============================] - ETA: 0s - loss: 0.9355 - accuracy: 0.5588 
2/2 [==============================] - 31s 4s/step - loss: 0.9355 - accuracy: 0.5588
Epoch 4/10

1/2 [==============>...............] - ETA: 27s - loss: 1.0409 - accuracy: 0.5000
2/2 [==============================] - ETA: 0s - loss: 1.0490 - accuracy: 0.4706 
2/2 [==============================] - 31s 4s/step - loss: 1.0490 - accuracy: 0.4706
Epoch 5/10

1/2 [==============>...............] - ETA: 27s - loss: 0.8493 - accuracy: 0.5312
2/2 [==============================] - ETA: 0s - loss: 0.8796 - accuracy: 0.5000 
2/2 [==============================] - 32s 4s/step - loss: 0.8796 - accuracy: 0.5000
Epoch 6/10

1/2 [==============>...............] - ETA: 27s - loss: 1.2557 - accuracy: 0.4062
2/2 [==============================] - ETA: 0s - loss: 1.2896 - accuracy: 0.4118 
2/2 [==============================] - 31s 4s/step - loss: 1.2896 - accuracy: 0.4118
Epoch 7/10

1/2 [==============>...............] - ETA: 28s - loss: 1.0550 - accuracy: 0.5000
2/2 [==============================] - ETA: 0s - loss: 1.0574 - accuracy: 0.5000 
2/2 [==============================] - 33s 4s/step - loss: 1.0574 - accuracy: 0.5000
Epoch 8/10

1/2 [==============>...............] - ETA: 35s - loss: 1.1353 - accuracy: 0.4375
2/2 [==============================] - ETA: 0s - loss: 1.0777 - accuracy: 0.4706 
2/2 [==============================] - 41s 5s/step - loss: 1.0777 - accuracy: 0.4706
Epoch 9/10

1/2 [==============>...............] - ETA: 39s - loss: 0.8380 - accuracy: 0.7188
2/2 [==============================] - ETA: 0s - loss: 0.8643 - accuracy: 0.7059 
2/2 [==============================] - 45s 5s/step - loss: 0.8643 - accuracy: 0.7059
Epoch 10/10

1/2 [==============>...............] - ETA: 35s - loss: 1.1000 - accuracy: 0.4375
2/2 [==============================] - ETA: 0s - loss: 1.0377 - accuracy: 0.4706 
2/2 [==============================] - 38s 3s/step - loss: 1.0377 - accuracy: 0.4706

1/1 [==============================] - ETA: 0s
1/1 [==============================] - 2s 2s/step
[12:29:58]     SCAM-CLMPNet       acc  43.75  bal-acc  50.00  sen   0.00  spe 100.00  f1   0.00   [384s]
================================
[⚠️] 3DCNN Based Distributed LSTM with Modified Pooling 
================================
linspaced [0.09090909 0.18181818 0.27272727 0.36363636 0.45454545 0.54545455
 0.63636364 0.72727273 0.81818182 0.90909091 1.        ]
channel is 128
channel is 128
channel is 128
channel is 128
channel is 128
channel is 128
channel is 128
channel is 128
channel is 128
channel is 128
channel is 128
(None, 1, 128)
Model: "model_33"
__________________________________________________________________________________________________
 Layer (type)                   Output Shape         Param #     Connected to                     
==================================================================================================
 input_35 (InputLayer)          [(None, 10, 128, 12  0           []                               
                                8, 12)]                                                           
                                                                                                  
 conv3d_30 (Conv3D)             (None, 10, 128, 128  5200        ['input_35[0][0]']               
                                , 16)                                                             
                                                                                                  
 activation_160 (Activation)    (None, 10, 128, 128  0           ['conv3d_30[0][0]']              
                                , 16)                                                             
                                                                                                  
 max_pooling3d_30 (MaxPooling3D  (None, 10, 128, 128  0          ['activation_160[0][0]']         
 )                              , 16)                                                             
                                                                                                  
 average_pooling3d_30 (AverageP  (None, 10, 128, 128  0          ['activation_160[0][0]']         
 ooling3D)                      , 16)                                                             
                                                                                                  
 lambda_30 (Lambda)             (None, 10, 128, 128  0           ['max_pooling3d_30[0][0]',       
                                , 16)                             'average_pooling3d_30[0][0]']   
                                                                                                  
 conv3d_31 (Conv3D)             (None, 8, 126, 126,  13856       ['lambda_30[0][0]']              
                                 32)                                                              
                                                                                                  
 activation_161 (Activation)    (None, 8, 126, 126,  0           ['conv3d_31[0][0]']              
                                 32)                                                              
                                                                                                  
 max_pooling3d_31 (MaxPooling3D  (None, 4, 63, 63, 3  0          ['activation_161[0][0]']         
 )                              2)                                                                
                                                                                                  
 average_pooling3d_31 (AverageP  (None, 4, 63, 63, 3  0          ['activation_161[0][0]']         
 ooling3D)                      2)                                                                
                                                                                                  
 lambda_31 (Lambda)             (None, 4, 63, 63, 3  0           ['max_pooling3d_31[0][0]',       
                                2)                                'average_pooling3d_31[0][0]']   
                                                                                                  
 conv3d_32 (Conv3D)             (None, 2, 61, 61, 6  55360       ['lambda_31[0][0]']              
                                4)                                                                
                                                                                                  
 activation_162 (Activation)    (None, 2, 61, 61, 6  0           ['conv3d_32[0][0]']              
                                4)                                                                
                                                                                                  
 batch_normalization_39 (BatchN  (None, 2, 61, 61, 6  256        ['activation_162[0][0]']         
 ormalization)                  4)                                                                
                                                                                                  
 max_pooling3d_32 (MaxPooling3D  (None, 1, 31, 31, 6  0          ['batch_normalization_39[0][0]'] 
 )                              4)                                                                
                                                                                                  
 average_pooling3d_32 (AverageP  (None, 1, 31, 31, 6  0          ['batch_normalization_39[0][0]'] 
 ooling3D)                      4)                                                                
                                                                                                  
 lambda_32 (Lambda)             (None, 1, 31, 31, 6  0           ['max_pooling3d_32[0][0]',       
                                4)                                'average_pooling3d_32[0][0]']   
                                                                                                  
 dropout_73 (Dropout)           (None, 1, 31, 31, 6  0           ['lambda_32[0][0]']              
                                4)                                                                
                                                                                                  
 reshape_97 (Reshape)           (None, 31, 31, 64)   0           ['dropout_73[0][0]']             
                                                                                                  
 spatial_and_channel_joint_atte  (None, 31, 31, 64)  0           ['reshape_97[0][0]']             
 ntion_7 (SpatialAndChannelJoin                                                                   
 tAttention)                                                                                      
                                                                                                  
 reshape_98 (Reshape)           (None, 31, 1984)     0           ['spatial_and_channel_joint_atten
                                                                 tion_7[0][0]']                   
                                                                                                  
 lstm_20 (LSTM)                 (None, 128)          1081856     ['reshape_98[0][0]']             
                                                                                                  
 lstm_21 (LSTM)                 (None, 128)          1081856     ['reshape_98[0][0]']             
                                                                                                  
 add_10 (Add)                   (None, 128)          0           ['lstm_20[0][0]',                
                                                                  'lstm_21[0][0]']                
                                                                                                  
 reshape_99 (Reshape)           (None, 1, 128)       0           ['add_10[0][0]']                 
                                                                                                  
 reshape_100 (Reshape)          (None, 1, 128)       0           ['add_10[0][0]']                 
                                                                                                  
 reshape_101 (Reshape)          (None, 1, 128)       0           ['add_10[0][0]']                 
                                                                                                  
 reshape_102 (Reshape)          (None, 1, 128)       0           ['add_10[0][0]']                 
                                                                                                  
 reshape_103 (Reshape)          (None, 1, 128)       0           ['add_10[0][0]']                 
                                                                                                  
 reshape_104 (Reshape)          (None, 1, 128)       0           ['add_10[0][0]']                 
                                                                                                  
 reshape_105 (Reshape)          (None, 1, 128)       0           ['add_10[0][0]']                 
                                                                                                  
 reshape_106 (Reshape)          (None, 1, 128)       0           ['add_10[0][0]']                 
                                                                                                  
 reshape_107 (Reshape)          (None, 1, 128)       0           ['add_10[0][0]']                 
                                                                                                  
 reshape_108 (Reshape)          (None, 1, 128)       0           ['add_10[0][0]']                 
                                                                                                  
 reshape_109 (Reshape)          (None, 1, 128)       0           ['add_10[0][0]']                 
                                                                                                  
 dense_163 (Dense)              (None, 1, 11)        1419        ['reshape_99[0][0]']             
                                                                                                  
 dense_164 (Dense)              (None, 1, 23)        2967        ['reshape_100[0][0]']            
                                                                                                  
 dense_165 (Dense)              (None, 1, 34)        4386        ['reshape_101[0][0]']            
                                                                                                  
 dense_166 (Dense)              (None, 1, 46)        5934        ['reshape_102[0][0]']            
                                                                                                  
 dense_167 (Dense)              (None, 1, 58)        7482        ['reshape_103[0][0]']            
                                                                                                  
 dense_168 (Dense)              (None, 1, 69)        8901        ['reshape_104[0][0]']            
                                                                                                  
 dense_169 (Dense)              (None, 1, 81)        10449       ['reshape_105[0][0]']            
                                                                                                  
 dense_170 (Dense)              (None, 1, 93)        11997       ['reshape_106[0][0]']            
                                                                                                  
 dense_171 (Dense)              (None, 1, 104)       13416       ['reshape_107[0][0]']            
                                                                                                  
 dense_172 (Dense)              (None, 1, 116)       14964       ['reshape_108[0][0]']            
                                                                                                  
 dense_173 (Dense)              (None, 1, 128)       16512       ['reshape_109[0][0]']            
                                                                                                  
 activation_163 (Activation)    (None, 1, 11)        0           ['dense_163[0][0]']              
                                                                                                  
 activation_164 (Activation)    (None, 1, 23)        0           ['dense_164[0][0]']              
                                                                                                  
 activation_165 (Activation)    (None, 1, 34)        0           ['dense_165[0][0]']              
                                                                                                  
 activation_166 (Activation)    (None, 1, 46)        0           ['dense_166[0][0]']              
                                                                                                  
 activation_167 (Activation)    (None, 1, 58)        0           ['dense_167[0][0]']              
                                                                                                  
 activation_168 (Activation)    (None, 1, 69)        0           ['dense_168[0][0]']              
                                                                                                  
 activation_169 (Activation)    (None, 1, 81)        0           ['dense_169[0][0]']              
                                                                                                  
 activation_170 (Activation)    (None, 1, 93)        0           ['dense_170[0][0]']              
                                                                                                  
 activation_171 (Activation)    (None, 1, 104)       0           ['dense_171[0][0]']              
                                                                                                  
 activation_172 (Activation)    (None, 1, 116)       0           ['dense_172[0][0]']              
                                                                                                  
 activation_173 (Activation)    (None, 1, 128)       0           ['dense_173[0][0]']              
                                                                                                  
 excitation_0.091 (Dense)       (None, 1, 128)       1536        ['activation_163[0][0]']         
                                                                                                  
 excitation_0.182 (Dense)       (None, 1, 128)       3072        ['activation_164[0][0]']         
                                                                                                  
 excitation_0.273 (Dense)       (None, 1, 128)       4480        ['activation_165[0][0]']         
                                                                                                  
 excitation_0.364 (Dense)       (None, 1, 128)       6016        ['activation_166[0][0]']         
                                                                                                  
 excitation_0.455 (Dense)       (None, 1, 128)       7552        ['activation_167[0][0]']         
                                                                                                  
 excitation_0.545 (Dense)       (None, 1, 128)       8960        ['activation_168[0][0]']         
                                                                                                  
 excitation_0.636 (Dense)       (None, 1, 128)       10496       ['activation_169[0][0]']         
                                                                                                  
 excitation_0.727 (Dense)       (None, 1, 128)       12032       ['activation_170[0][0]']         
                                                                                                  
 excitation_0.818 (Dense)       (None, 1, 128)       13440       ['activation_171[0][0]']         
                                                                                                  
 excitation_0.909 (Dense)       (None, 1, 128)       14976       ['activation_172[0][0]']         
                                                                                                  
 excitation_1 (Dense)           (None, 1, 128)       16512       ['activation_173[0][0]']         
                                                                                                  
 average_7 (Average)            (None, 1, 128)       0           ['excitation_0.091[0][0]',       
                                                                  'excitation_0.182[0][0]',       
                                                                  'excitation_0.273[0][0]',       
                                                                  'excitation_0.364[0][0]',       
                                                                  'excitation_0.455[0][0]',       
                                                                  'excitation_0.545[0][0]',       
                                                                  'excitation_0.636[0][0]',       
                                                                  'excitation_0.727[0][0]',       
                                                                  'excitation_0.818[0][0]',       
                                                                  'excitation_0.909[0][0]',       
                                                                  'excitation_1[0][0]']           
                                                                                                  
 normalized_attention (LayerNor  (None, 1, 128)      256         ['average_7[0][0]']              
 malization)                                                                                      
                                                                                                  
 hadamard (Multiply)            (None, 1, 128)       0           ['add_10[0][0]',                 
                                                                  'normalized_attention[0][0]']   
                                                                                                  
 normalized_attention2 (LayerNo  (None, 1, 128)      256         ['hadamard[0][0]']               
 rmalization)                                                                                     
                                                                                                  
 trainableatt (TrainableAttenti  (None, 1, 128)      16384       ['normalized_attention2[0][0]']  
 on)                                                                                              
                                                                                                  
 dense_174 (Dense)              (None, 1, 128)       16384       ['trainableatt[0][0]']           
                                                                                                  
 dense_175 (Dense)              (None, 1, 128)       16384       ['dense_174[0][0]']              
                                                                                                  
 flatten_25 (Flatten)           (None, 128)          0           ['dense_175[0][0]']              
                                                                                                  
 dense_176 (Dense)              (None, 100)          12900       ['flatten_25[0][0]']             
                                                                                                  
 activation_174 (Activation)    (None, 100)          0           ['dense_176[0][0]']              
                                                                                                  
 batch_normalization_40 (BatchN  (None, 100)         400         ['activation_174[0][0]']         
 ormalization)                                                                                    
                                                                                                  
 dropout_74 (Dropout)           (None, 100)          0           ['batch_normalization_40[0][0]'] 
                                                                                                  
 dense2c (Dense)                (None, 64)           6464        ['dropout_74[0][0]']             
                                                                                                  
 activation_175 (Activation)    (None, 64)           0           ['dense2c[0][0]']                
                                                                                                  
 batch_normalization_41 (BatchN  (None, 64)          256         ['activation_175[0][0]']         
 ormalization)                                                                                    
                                                                                                  
 dropout_75 (Dropout)           (None, 64)           0           ['batch_normalization_41[0][0]'] 
                                                                                                  
 dense_177 (Dense)              (None, 2)            130         ['dropout_75[0][0]']             
                                                                                                  
==================================================================================================
Total params: 2,505,697
Trainable params: 2,505,241
Non-trainable params: 456
__________________________________________________________________________________________________
Epoch 1/10

1/2 [==============>...............] - ETA: 36s - loss: 0.6933 - accuracy: 0.4062
2/2 [==============================] - ETA: 0s - loss: 0.8276 - accuracy: 0.4118 
2/2 [==============================] - 40s 4s/step - loss: 0.8276 - accuracy: 0.4118
Epoch 2/10

1/2 [==============>...............] - ETA: 26s - loss: 0.8227 - accuracy: 0.5312
2/2 [==============================] - ETA: 0s - loss: 0.9200 - accuracy: 0.5294 
2/2 [==============================] - 30s 4s/step - loss: 0.9200 - accuracy: 0.5294
Epoch 3/10

1/2 [==============>...............] - ETA: 25s - loss: 1.0867 - accuracy: 0.5625
2/2 [==============================] - ETA: 0s - loss: 1.1170 - accuracy: 0.5294 
2/2 [==============================] - 30s 4s/step - loss: 1.1170 - accuracy: 0.5294
Epoch 4/10

1/2 [==============>...............] - ETA: 25s - loss: 1.0736 - accuracy: 0.5312
2/2 [==============================] - ETA: 0s - loss: 1.2335 - accuracy: 0.5000 
2/2 [==============================] - 30s 4s/step - loss: 1.2335 - accuracy: 0.5000
Epoch 5/10

1/2 [==============>...............] - ETA: 26s - loss: 1.0298 - accuracy: 0.6250
2/2 [==============================] - ETA: 0s - loss: 1.0000 - accuracy: 0.6176 
2/2 [==============================] - 31s 4s/step - loss: 1.0000 - accuracy: 0.6176
Epoch 6/10

1/2 [==============>...............] - ETA: 26s - loss: 1.2422 - accuracy: 0.5625
2/2 [==============================] - ETA: 0s - loss: 1.2262 - accuracy: 0.5294 
2/2 [==============================] - 31s 4s/step - loss: 1.2262 - accuracy: 0.5294
Epoch 7/10

1/2 [==============>...............] - ETA: 25s - loss: 0.8788 - accuracy: 0.4062
2/2 [==============================] - ETA: 0s - loss: 0.8299 - accuracy: 0.4412 
2/2 [==============================] - 29s 4s/step - loss: 0.8299 - accuracy: 0.4412
Epoch 8/10

1/2 [==============>...............] - ETA: 25s - loss: 0.6799 - accuracy: 0.6562
2/2 [==============================] - ETA: 0s - loss: 0.6984 - accuracy: 0.6471 
2/2 [==============================] - 29s 4s/step - loss: 0.6984 - accuracy: 0.6471
Epoch 9/10

1/2 [==============>...............] - ETA: 25s - loss: 0.9068 - accuracy: 0.6562
2/2 [==============================] - ETA: 0s - loss: 0.9121 - accuracy: 0.6471 
2/2 [==============================] - 30s 4s/step - loss: 0.9121 - accuracy: 0.6471
Epoch 10/10

1/2 [==============>...............] - ETA: 25s - loss: 0.9216 - accuracy: 0.5625
2/2 [==============================] - ETA: 0s - loss: 0.8817 - accuracy: 0.5882 
2/2 [==============================] - 29s 4s/step - loss: 0.8817 - accuracy: 0.5882

1/1 [==============================] - ETA: 0s
1/1 [==============================] - 4s 4s/step
[12:35:13]     SMA-CLMPNet        acc  43.75  bal-acc  50.00  sen   0.00  spe 100.00  f1   0.00   [315s]
[12:35:18]     EfficientNetV2S    acc  56.25  bal-acc  54.76  sen  66.67  spe  42.86  f1  63.16   [5s]
[12:35:22]     ConvNeXtTiny       acc  50.00  bal-acc  49.21  sen  55.56  spe  42.86  f1  55.56   [4s]
[12:35:26]     MobileNetV3Large   acc  62.50  bal-acc  60.32  sen  77.78  spe  42.86  f1  70.00   [4s]
[12:35:30]     ResNetRS50         acc  56.25  bal-acc  54.76  sen  66.67  spe  42.86  f1  63.16   [5s]
linspaced [0.09090909 0.18181818 0.27272727 0.36363636 0.45454545 0.54545455
 0.63636364 0.72727273 0.81818182 0.90909091 1.        ]
channel is 128
channel is 128
channel is 128
channel is 128
channel is 128
channel is 128
channel is 128
channel is 128
channel is 128
channel is 128
channel is 128
(None, 1, 128)
Epoch 1/30
5/5 - 45s - loss: 1.6366 - accuracy: 0.3824 - 45s/epoch - 9s/step
Epoch 2/30
5/5 - 51s - loss: 1.1105 - accuracy: 0.5294 - 51s/epoch - 10s/step
Epoch 3/30
5/5 - 79s - loss: 1.0920 - accuracy: 0.5588 - 79s/epoch - 16s/step
Epoch 4/30
5/5 - 54s - loss: 0.8486 - accuracy: 0.6176 - 54s/epoch - 11s/step
Epoch 5/30
5/5 - 37s - loss: 1.1760 - accuracy: 0.3824 - 37s/epoch - 7s/step
Epoch 6/30
5/5 - 37s - loss: 1.0033 - accuracy: 0.5294 - 37s/epoch - 7s/step
Epoch 7/30
5/5 - 48s - loss: 0.7799 - accuracy: 0.6176 - 48s/epoch - 10s/step
Epoch 8/30
5/5 - 49s - loss: 0.8033 - accuracy: 0.5294 - 49s/epoch - 10s/step
Epoch 9/30
5/5 - 50s - loss: 0.4411 - accuracy: 0.8235 - 50s/epoch - 10s/step
Epoch 10/30
5/5 - 50s - loss: 0.4784 - accuracy: 0.7353 - 50s/epoch - 10s/step
Epoch 11/30
5/5 - 45s - loss: 0.6978 - accuracy: 0.7353 - 45s/epoch - 9s/step
Epoch 12/30
5/5 - 38s - loss: 0.5586 - accuracy: 0.7647 - 38s/epoch - 8s/step
Epoch 13/30
5/5 - 41s - loss: 0.5196 - accuracy: 0.7059 - 41s/epoch - 8s/step
Epoch 14/30
5/5 - 37s - loss: 0.6358 - accuracy: 0.6471 - 37s/epoch - 7s/step
Epoch 15/30
5/5 - 41s - loss: 0.5662 - accuracy: 0.8824 - 41s/epoch - 8s/step
Epoch 16/30
5/5 - 44s - loss: 0.6086 - accuracy: 0.7647 - 44s/epoch - 9s/step
Epoch 17/30
5/5 - 48s - loss: 0.4368 - accuracy: 0.7647 - 48s/epoch - 10s/step
Epoch 18/30
5/5 - 37s - loss: 0.7022 - accuracy: 0.7353 - 37s/epoch - 7s/step
Epoch 19/30
5/5 - 32s - loss: 0.5226 - accuracy: 0.8529 - 32s/epoch - 6s/step
Epoch 20/30
5/5 - 33s - loss: 0.4430 - accuracy: 0.8529 - 33s/epoch - 7s/step
Epoch 21/30
5/5 - 28s - loss: 0.2414 - accuracy: 0.9118 - 28s/epoch - 6s/step
Epoch 22/30
5/5 - 24s - loss: 0.4614 - accuracy: 0.7647 - 24s/epoch - 5s/step
Epoch 23/30
5/5 - 23s - loss: 0.5548 - accuracy: 0.6765 - 23s/epoch - 5s/step
Epoch 24/30
5/5 - 22s - loss: 0.2934 - accuracy: 0.8235 - 22s/epoch - 4s/step
Epoch 25/30
5/5 - 22s - loss: 0.7246 - accuracy: 0.6471 - 22s/epoch - 4s/step
Epoch 26/30
5/5 - 23s - loss: 0.4585 - accuracy: 0.8235 - 23s/epoch - 5s/step
Epoch 27/30
5/5 - 22s - loss: 0.6598 - accuracy: 0.6765 - 22s/epoch - 4s/step
Epoch 28/30
5/5 - 22s - loss: 0.2680 - accuracy: 0.8529 - 22s/epoch - 4s/step
Epoch 29/30
5/5 - 23s - loss: 0.5945 - accuracy: 0.6765 - 23s/epoch - 5s/step
Epoch 30/30
5/5 - 36s - loss: 0.5961 - accuracy: 0.7647 - 36s/epoch - 7s/step
[12:54:38]     SMA-CLMPNet-Opt    acc  62.50  bal-acc  58.73  sen  88.89  spe  28.57  f1  72.73   [1148s]
[12:54:38] === train 80%: 39 train / 11 test (test classes [6, 5])
================================
[⚠️] DCNN 
================================
Model: "model_39"
_________________________________________________________________
 Layer (type)                Output Shape              Param #   
=================================================================
 input_41 (InputLayer)       [(None, 224, 224, 3)]     0         
                                                                 
 input_1 (InputLayer)        multiple                  0         
                                                                 
 rescaling (Rescaling)       (None, 224, 224, 3)       0         
                                                                 
 normalization (Normalizatio  (None, 224, 224, 3)      7         
 n)                                                              
                                                                 
 rescaling_1 (Rescaling)     (None, 224, 224, 3)       0         
                                                                 
 stem_conv_pad (ZeroPadding2  (None, 225, 225, 3)      0         
 D)                                                              
                                                                 
 stem_conv (Conv2D)          (None, 112, 112, 64)      1728      
                                                                 
 conv2d_39 (Conv2D)          (None, 112, 112, 64)      36928     
                                                                 
 max_pooling2d_30 (MaxPoolin  (None, 56, 56, 64)       0         
 g2D)                                                            
                                                                 
 conv2d_40 (Conv2D)          (None, 56, 56, 32)        18464     
                                                                 
 max_pooling2d_31 (MaxPoolin  (None, 28, 28, 32)       0         
 g2D)                                                            
                                                                 
 flatten_27 (Flatten)        (None, 25088)             0         
                                                                 
 dense_201 (Dense)           (None, 128)               3211392   
                                                                 
 activation_192 (Activation)  (None, 128)              0         
                                                                 
 dropout_87 (Dropout)        (None, 128)               0         
                                                                 
 dense_202 (Dense)           (None, 32)                4128      
                                                                 
 activation_193 (Activation)  (None, 32)               0         
                                                                 
 dropout_88 (Dropout)        (None, 32)                0         
                                                                 
 dense_203 (Dense)           (None, 2)                 66        
                                                                 
=================================================================
Total params: 3,272,713
Trainable params: 3,272,706
Non-trainable params: 7
_________________________________________________________________
Epoch 1/10

1/2 [==============>...............] - ETA: 1s - loss: 2.0412 - accuracy: 0.3438
2/2 [==============================] - ETA: 0s - loss: 2.9145 - accuracy: 0.3333
2/2 [==============================] - 2s 264ms/step - loss: 2.9145 - accuracy: 0.3333
Epoch 2/10

1/2 [==============>...............] - ETA: 1s - loss: 1.7524 - accuracy: 0.5000
2/2 [==============================] - ETA: 0s - loss: 1.6153 - accuracy: 0.4872
2/2 [==============================] - 1s 227ms/step - loss: 1.6153 - accuracy: 0.4872
Epoch 3/10

1/2 [==============>...............] - ETA: 1s - loss: 0.7440 - accuracy: 0.5938
2/2 [==============================] - ETA: 0s - loss: 0.7183 - accuracy: 0.6410
2/2 [==============================] - 1s 271ms/step - loss: 0.7183 - accuracy: 0.6410
Epoch 4/10

1/2 [==============>...............] - ETA: 1s - loss: 0.8281 - accuracy: 0.4688
2/2 [==============================] - ETA: 0s - loss: 0.7444 - accuracy: 0.5385
2/2 [==============================] - 1s 279ms/step - loss: 0.7444 - accuracy: 0.5385
Epoch 5/10

1/2 [==============>...............] - ETA: 1s - loss: 1.3047 - accuracy: 0.5938
2/2 [==============================] - ETA: 0s - loss: 1.1892 - accuracy: 0.5897
2/2 [==============================] - 1s 270ms/step - loss: 1.1892 - accuracy: 0.5897
Epoch 6/10

1/2 [==============>...............] - ETA: 1s - loss: 0.6697 - accuracy: 0.6562
2/2 [==============================] - ETA: 0s - loss: 0.6647 - accuracy: 0.6410
2/2 [==============================] - 1s 277ms/step - loss: 0.6647 - accuracy: 0.6410
Epoch 7/10

1/2 [==============>...............] - ETA: 1s - loss: 0.7079 - accuracy: 0.5938
2/2 [==============================] - ETA: 0s - loss: 0.7258 - accuracy: 0.6154
2/2 [==============================] - 1s 262ms/step - loss: 0.7258 - accuracy: 0.6154
Epoch 8/10

1/2 [==============>...............] - ETA: 1s - loss: 0.6769 - accuracy: 0.6250
2/2 [==============================] - ETA: 0s - loss: 0.6853 - accuracy: 0.5641
2/2 [==============================] - 1s 272ms/step - loss: 0.6853 - accuracy: 0.5641
Epoch 9/10

1/2 [==============>...............] - ETA: 1s - loss: 0.6823 - accuracy: 0.5938
2/2 [==============================] - ETA: 0s - loss: 0.6805 - accuracy: 0.6154
2/2 [==============================] - 1s 269ms/step - loss: 0.6805 - accuracy: 0.6154
Epoch 10/10

1/2 [==============>...............] - ETA: 0s - loss: 0.6815 - accuracy: 0.6250
2/2 [==============================] - ETA: 0s - loss: 0.6874 - accuracy: 0.5897
2/2 [==============================] - 1s 254ms/step - loss: 0.6874 - accuracy: 0.5897

1/1 [==============================] - ETA: 0s
1/1 [==============================] - 0s 252ms/step
[12:54:54]     EfficientNet       acc  54.55  bal-acc  50.00  sen 100.00  spe   0.00  f1  70.59   [15s]
================================
[⚠️] STIDNet 
================================
Model: "model_40"
_________________________________________________________________
 Layer (type)                Output Shape              Param #   
=================================================================
 input_42 (InputLayer)       [(None, 128, 128, 10)]    0         
                                                                 
 conv2d_41 (Conv2D)          (None, 126, 126, 16)      1456      
                                                                 
 max_pooling2d_32 (MaxPoolin  (None, 63, 63, 16)       0         
 g2D)                                                            
                                                                 
 conv2d_42 (Conv2D)          (None, 61, 61, 32)        4640      
                                                                 
 max_pooling2d_33 (MaxPoolin  (None, 30, 30, 32)       0         
 g2D)                                                            
                                                                 
 conv2d_43 (Conv2D)          (None, 28, 28, 64)        18496     
                                                                 
 max_pooling2d_34 (MaxPoolin  (None, 14, 14, 64)       0         
 g2D)                                                            
                                                                 
 flatten_28 (Flatten)        (None, 12544)             0         
                                                                 
 dense_204 (Dense)           (None, 256)               3211520   
                                                                 
 dropout_89 (Dropout)        (None, 256)               0         
                                                                 
 dense_205 (Dense)           (None, 256)               65792     
                                                                 
 dropout_90 (Dropout)        (None, 256)               0         
                                                                 
 dense_206 (Dense)           (None, 2)                 514       
                                                                 
=================================================================
Total params: 3,302,418
Trainable params: 3,302,418
Non-trainable params: 0
_________________________________________________________________
Model: "model_41"
_________________________________________________________________
 Layer (type)                Output Shape              Param #   
=================================================================
 input_43 (InputLayer)       [(None, 128, 128, 10)]    0         
                                                                 
 conv2d_44 (Conv2D)          (None, 126, 126, 64)      5824      
                                                                 
 max_pooling2d_35 (MaxPoolin  (None, 63, 63, 64)       0         
 g2D)                                                            
                                                                 
 conv2d_45 (Conv2D)          (None, 61, 61, 16)        9232      
                                                                 
 max_pooling2d_36 (MaxPoolin  (None, 30, 30, 16)       0         
 g2D)                                                            
                                                                 
 flatten_29 (Flatten)        (None, 14400)             0         
                                                                 
 dense_207 (Dense)           (None, 64)                921664    
                                                                 
 dropout_91 (Dropout)        (None, 64)                0         
                                                                 
 dense_208 (Dense)           (None, 2)                 130       
                                                                 
=================================================================
Total params: 936,850
Trainable params: 936,850
Non-trainable params: 0
_________________________________________________________________
Epoch 1/10

1/2 [==============>...............] - ETA: 1s - loss: 0.7011 - accuracy: 0.5625
2/2 [==============================] - ETA: 0s - loss: 0.8773 - accuracy: 0.5128
2/2 [==============================] - 1s 96ms/step - loss: 0.8773 - accuracy: 0.5128
Epoch 2/10

1/2 [==============>...............] - ETA: 0s - loss: 0.9190 - accuracy: 0.5312
2/2 [==============================] - ETA: 0s - loss: 0.9752 - accuracy: 0.4615
2/2 [==============================] - 0s 93ms/step - loss: 0.9752 - accuracy: 0.4615
Epoch 3/10

1/2 [==============>...............] - ETA: 0s - loss: 1.0240 - accuracy: 0.4062
2/2 [==============================] - ETA: 0s - loss: 0.9717 - accuracy: 0.4103
2/2 [==============================] - 0s 82ms/step - loss: 0.9717 - accuracy: 0.4103
Epoch 4/10

1/2 [==============>...............] - ETA: 0s - loss: 0.6969 - accuracy: 0.5938
2/2 [==============================] - ETA: 0s - loss: 0.6802 - accuracy: 0.6667
2/2 [==============================] - 0s 88ms/step - loss: 0.6802 - accuracy: 0.6667
Epoch 5/10

1/2 [==============>...............] - ETA: 0s - loss: 0.6943 - accuracy: 0.5312
2/2 [==============================] - ETA: 0s - loss: 0.6916 - accuracy: 0.5128
2/2 [==============================] - 0s 85ms/step - loss: 0.6916 - accuracy: 0.5128
Epoch 6/10

1/2 [==============>...............] - ETA: 0s - loss: 0.6571 - accuracy: 0.6875
2/2 [==============================] - ETA: 0s - loss: 0.6662 - accuracy: 0.6667
2/2 [==============================] - 0s 88ms/step - loss: 0.6662 - accuracy: 0.6667
Epoch 7/10

1/2 [==============>...............] - ETA: 0s - loss: 0.6546 - accuracy: 0.6250
2/2 [==============================] - ETA: 0s - loss: 0.6510 - accuracy: 0.6410
2/2 [==============================] - 0s 96ms/step - loss: 0.6510 - accuracy: 0.6410
Epoch 8/10

1/2 [==============>...............] - ETA: 0s - loss: 0.6600 - accuracy: 0.6250
2/2 [==============================] - ETA: 0s - loss: 0.6594 - accuracy: 0.6154
2/2 [==============================] - 0s 95ms/step - loss: 0.6594 - accuracy: 0.6154
Epoch 9/10

1/2 [==============>...............] - ETA: 0s - loss: 0.7003 - accuracy: 0.5625
2/2 [==============================] - ETA: 0s - loss: 0.7040 - accuracy: 0.5385
2/2 [==============================] - 0s 76ms/step - loss: 0.7040 - accuracy: 0.5385
Epoch 10/10

1/2 [==============>...............] - ETA: 0s - loss: 0.6371 - accuracy: 0.6250
2/2 [==============================] - ETA: 0s - loss: 0.6406 - accuracy: 0.6154
2/2 [==============================] - 0s 85ms/step - loss: 0.6406 - accuracy: 0.6154
Epoch 1/10

1/2 [==============>...............] - ETA: 1s - loss: 0.7633 - accuracy: 0.4375
2/2 [==============================] - ETA: 0s - loss: 1.2013 - accuracy: 0.4103
2/2 [==============================] - 1s 114ms/step - loss: 1.2013 - accuracy: 0.4103
Epoch 2/10

1/2 [==============>...............] - ETA: 0s - loss: 0.7215 - accuracy: 0.5312
2/2 [==============================] - ETA: 0s - loss: 0.7239 - accuracy: 0.5128
2/2 [==============================] - 1s 126ms/step - loss: 0.7239 - accuracy: 0.5128
Epoch 3/10

1/2 [==============>...............] - ETA: 0s - loss: 0.6753 - accuracy: 0.6875
2/2 [==============================] - ETA: 0s - loss: 0.6751 - accuracy: 0.6667
2/2 [==============================] - 1s 116ms/step - loss: 0.6751 - accuracy: 0.6667
Epoch 4/10

1/2 [==============>...............] - ETA: 0s - loss: 0.6496 - accuracy: 0.5938
2/2 [==============================] - ETA: 0s - loss: 0.6087 - accuracy: 0.6410
2/2 [==============================] - 1s 119ms/step - loss: 0.6087 - accuracy: 0.6410
Epoch 5/10

1/2 [==============>...............] - ETA: 0s - loss: 0.7183 - accuracy: 0.5938
2/2 [==============================] - ETA: 0s - loss: 0.6878 - accuracy: 0.5897
2/2 [==============================] - 1s 115ms/step - loss: 0.6878 - accuracy: 0.5897
Epoch 6/10

1/2 [==============>...............] - ETA: 0s - loss: 0.5977 - accuracy: 0.5938
2/2 [==============================] - ETA: 0s - loss: 0.5959 - accuracy: 0.6410
2/2 [==============================] - 1s 117ms/step - loss: 0.5959 - accuracy: 0.6410
Epoch 7/10

1/2 [==============>...............] - ETA: 0s - loss: 0.5513 - accuracy: 0.8125
2/2 [==============================] - ETA: 0s - loss: 0.5714 - accuracy: 0.7436
2/2 [==============================] - 1s 114ms/step - loss: 0.5714 - accuracy: 0.7436
Epoch 8/10

1/2 [==============>...............] - ETA: 0s - loss: 0.5431 - accuracy: 0.6875
2/2 [==============================] - ETA: 0s - loss: 0.5396 - accuracy: 0.6923
2/2 [==============================] - 1s 115ms/step - loss: 0.5396 - accuracy: 0.6923
Epoch 9/10

1/2 [==============>...............] - ETA: 0s - loss: 0.5455 - accuracy: 0.7188
2/2 [==============================] - ETA: 0s - loss: 0.5380 - accuracy: 0.7179
2/2 [==============================] - 1s 131ms/step - loss: 0.5380 - accuracy: 0.7179
Epoch 10/10

1/2 [==============>...............] - ETA: 0s - loss: 0.4671 - accuracy: 0.7812
2/2 [==============================] - ETA: 0s - loss: 0.4773 - accuracy: 0.7692
2/2 [==============================] - 1s 119ms/step - loss: 0.4773 - accuracy: 0.7692
Epoch 1/10

1/2 [==============>...............] - ETA: 1s - accuracy: 0.9688 - loss: 0.0457 - student_loss: 0.4249 - distillation_loss: 0.0035
2/2 [==============================] - ETA: 0s - accuracy: 0.9143 - loss: 0.2641 - student_loss: 2.2557 - distillation_loss: 0.0428
2/2 [==============================] - 2s 416ms/step - accuracy: 0.9143 - loss: 0.3368 - student_loss: 2.8660 - distillation_loss: 0.0558 - val_accuracy: 0.5000 - val_student_loss: 0.8071
Epoch 2/10

1/2 [==============>...............] - ETA: 0s - accuracy: 0.8125 - loss: 0.0455 - student_loss: 0.3382 - distillation_loss: 0.0130
2/2 [==============================] - ETA: 0s - accuracy: 0.8286 - loss: 0.0407 - student_loss: 0.3208 - distillation_loss: 0.0095
2/2 [==============================] - 0s 121ms/step - accuracy: 0.8286 - loss: 0.0391 - student_loss: 0.3150 - distillation_loss: 0.0084 - val_accuracy: 1.0000 - val_student_loss: 0.2989
Epoch 3/10

1/2 [==============>...............] - ETA: 0s - accuracy: 0.7188 - loss: 0.0571 - student_loss: 0.5066 - distillation_loss: 0.0072
2/2 [==============================] - ETA: 0s - accuracy: 0.7143 - loss: 0.0526 - student_loss: 0.4846 - distillation_loss: 0.0046
2/2 [==============================] - 1s 158ms/step - accuracy: 0.7143 - loss: 0.0511 - student_loss: 0.4773 - distillation_loss: 0.0038 - val_accuracy: 0.2500 - val_student_loss: 0.8043
Epoch 4/10

1/2 [==============>...............] - ETA: 0s - accuracy: 0.7500 - loss: 0.0555 - student_loss: 0.5228 - distillation_loss: 0.0036
2/2 [==============================] - ETA: 0s - accuracy: 0.7429 - loss: 0.0691 - student_loss: 0.6448 - distillation_loss: 0.0052
2/2 [==============================] - 1s 142ms/step - accuracy: 0.7429 - loss: 0.0737 - student_loss: 0.6855 - distillation_loss: 0.0057 - val_accuracy: 0.2500 - val_student_loss: 0.6854
Epoch 5/10

1/2 [==============>...............] - ETA: 0s - accuracy: 0.8125 - loss: 0.0505 - student_loss: 0.4744 - distillation_loss: 0.0034
2/2 [==============================] - ETA: 0s - accuracy: 0.8286 - loss: 0.0494 - student_loss: 0.4718 - distillation_loss: 0.0024
2/2 [==============================] - 1s 146ms/step - accuracy: 0.8286 - loss: 0.0490 - student_loss: 0.4710 - distillation_loss: 0.0021 - val_accuracy: 1.0000 - val_student_loss: 0.5289
Epoch 6/10

1/2 [==============>...............] - ETA: 0s - accuracy: 0.9062 - loss: 0.0529 - student_loss: 0.5016 - distillation_loss: 0.0030
2/2 [==============================] - ETA: 0s - accuracy: 0.9143 - loss: 0.0436 - student_loss: 0.3936 - distillation_loss: 0.0047
2/2 [==============================] - 1s 147ms/step - accuracy: 0.9143 - loss: 0.0405 - student_loss: 0.3576 - distillation_loss: 0.0053 - val_accuracy: 1.0000 - val_student_loss: 0.5150
Epoch 7/10

1/2 [==============>...............] - ETA: 0s - accuracy: 0.8750 - loss: 0.0470 - student_loss: 0.4223 - distillation_loss: 0.0053
2/2 [==============================] - ETA: 0s - accuracy: 0.8571 - loss: 0.0496 - student_loss: 0.4612 - distillation_loss: 0.0038
2/2 [==============================] - 1s 150ms/step - accuracy: 0.8571 - loss: 0.0504 - student_loss: 0.4742 - distillation_loss: 0.0033 - val_accuracy: 0.2500 - val_student_loss: 0.7797
Epoch 8/10

1/2 [==============>...............] - ETA: 0s - accuracy: 0.7812 - loss: 0.0451 - student_loss: 0.3825 - distillation_loss: 0.0076
2/2 [==============================] - ETA: 0s - accuracy: 0.8000 - loss: 0.0343 - student_loss: 0.2483 - distillation_loss: 0.0105
2/2 [==============================] - 1s 149ms/step - accuracy: 0.8000 - loss: 0.0307 - student_loss: 0.2036 - distillation_loss: 0.0115 - val_accuracy: 0.2500 - val_student_loss: 1.5101
Epoch 9/10

1/2 [==============>...............] - ETA: 0s - accuracy: 0.7188 - loss: 0.0519 - student_loss: 0.4689 - distillation_loss: 0.0056
2/2 [==============================] - ETA: 0s - accuracy: 0.7429 - loss: 0.0348 - student_loss: 0.3086 - distillation_loss: 0.0043
2/2 [==============================] - 1s 154ms/step - accuracy: 0.7429 - loss: 0.0291 - student_loss: 0.2552 - distillation_loss: 0.0039 - val_accuracy: 0.2500 - val_student_loss: 0.7137
Epoch 10/10

1/2 [==============>...............] - ETA: 0s - accuracy: 0.8750 - loss: 0.0355 - student_loss: 0.3194 - distillation_loss: 0.0040
2/2 [==============================] - ETA: 0s - accuracy: 0.8857 - loss: 0.0264 - student_loss: 0.2321 - distillation_loss: 0.0035
2/2 [==============================] - 1s 150ms/step - accuracy: 0.8857 - loss: 0.0233 - student_loss: 0.2030 - distillation_loss: 0.0034 - val_accuracy: 0.2500 - val_student_loss: 0.7524

1/1 [==============================] - ETA: 0s
1/1 [==============================] - 0s 196ms/step
[12:55:13]     STIDNet            acc  54.55  bal-acc  50.00  sen 100.00  spe   0.00  f1  70.59   [19s]
================================
[⚠️] CNN 
================================
Model: "model_42"
_________________________________________________________________
 Layer (type)                Output Shape              Param #   
=================================================================
 input_44 (InputLayer)       [(None, 128, 128, 10)]    0         
                                                                 
 conv2d_46 (Conv2D)          (None, 128, 128, 16)      1456      
                                                                 
 activation_194 (Activation)  (None, 128, 128, 16)     0         
                                                                 
 max_pooling2d_37 (MaxPoolin  (None, 128, 128, 16)     0         
 g2D)                                                            
                                                                 
 conv2d_47 (Conv2D)          (None, 128, 128, 32)      4640      
                                                                 
 activation_195 (Activation)  (None, 128, 128, 32)     0         
                                                                 
 max_pooling2d_38 (MaxPoolin  (None, 128, 128, 32)     0         
 g2D)                                                            
                                                                 
 conv2d_48 (Conv2D)          (None, 128, 128, 64)      18496     
                                                                 
 activation_196 (Activation)  (None, 128, 128, 64)     0         
                                                                 
 batch_normalization_45 (Bat  (None, 128, 128, 64)     256       
 chNormalization)                                                
                                                                 
 max_pooling2d_39 (MaxPoolin  (None, 128, 128, 64)     0         
 g2D)                                                            
                                                                 
 dropout_92 (Dropout)        (None, 128, 128, 64)      0         
                                                                 
 flatten_30 (Flatten)        (None, 1048576)           0         
                                                                 
 dense_209 (Dense)           (None, 100)               104857700 
                                                                 
 activation_197 (Activation)  (None, 100)              0         
                                                                 
 batch_normalization_46 (Bat  (None, 100)              400       
 chNormalization)                                                
                                                                 
 dropout_93 (Dropout)        (None, 100)               0         
                                                                 
 dense2c (Dense)             (None, 64)                6464      
                                                                 
 activation_198 (Activation)  (None, 64)               0         
                                                                 
 batch_normalization_47 (Bat  (None, 64)               256       
 chNormalization)                                                
                                                                 
 dropout_94 (Dropout)        (None, 64)                0         
                                                                 
 dense_210 (Dense)           (None, 2)                 130       
                                                                 
=================================================================
Total params: 104,889,798
Trainable params: 104,889,342
Non-trainable params: 456
_________________________________________________________________
Epoch 1/10

1/2 [==============>...............] - ETA: 3s - loss: 0.9831 - accuracy: 0.4688
2/2 [==============================] - ETA: 0s - loss: 1.0495 - accuracy: 0.4872
2/2 [==============================] - 4s 612ms/step - loss: 1.0495 - accuracy: 0.4872
Epoch 2/10

1/2 [==============>...............] - ETA: 1s - loss: 0.9204 - accuracy: 0.5312
2/2 [==============================] - ETA: 0s - loss: 0.8501 - accuracy: 0.5641
2/2 [==============================] - 2s 559ms/step - loss: 0.8501 - accuracy: 0.5641
Epoch 3/10

1/2 [==============>...............] - ETA: 1s - loss: 0.8048 - accuracy: 0.7188
2/2 [==============================] - ETA: 0s - loss: 0.8464 - accuracy: 0.6667
2/2 [==============================] - 2s 604ms/step - loss: 0.8464 - accuracy: 0.6667
Epoch 4/10

1/2 [==============>...............] - ETA: 1s - loss: 0.8603 - accuracy: 0.5000
2/2 [==============================] - ETA: 0s - loss: 0.7810 - accuracy: 0.5641
2/2 [==============================] - 2s 534ms/step - loss: 0.7810 - accuracy: 0.5641
Epoch 5/10

1/2 [==============>...............] - ETA: 1s - loss: 0.5751 - accuracy: 0.7500
2/2 [==============================] - ETA: 0s - loss: 0.6183 - accuracy: 0.7179
2/2 [==============================] - 2s 600ms/step - loss: 0.6183 - accuracy: 0.7179
Epoch 6/10

1/2 [==============>...............] - ETA: 2s - loss: 0.7307 - accuracy: 0.6875
2/2 [==============================] - ETA: 0s - loss: 0.7242 - accuracy: 0.6923
2/2 [==============================] - 3s 953ms/step - loss: 0.7242 - accuracy: 0.6923
Epoch 7/10

1/2 [==============>...............] - ETA: 2s - loss: 0.5984 - accuracy: 0.7188
2/2 [==============================] - ETA: 0s - loss: 0.7122 - accuracy: 0.6923
2/2 [==============================] - 3s 796ms/step - loss: 0.7122 - accuracy: 0.6923
Epoch 8/10

1/2 [==============>...............] - ETA: 2s - loss: 0.6244 - accuracy: 0.7188
2/2 [==============================] - ETA: 0s - loss: 0.6753 - accuracy: 0.6923
2/2 [==============================] - 3s 775ms/step - loss: 0.6753 - accuracy: 0.6923
Epoch 9/10

1/2 [==============>...............] - ETA: 2s - loss: 0.6819 - accuracy: 0.7188
2/2 [==============================] - ETA: 0s - loss: 0.6600 - accuracy: 0.7179
2/2 [==============================] - 3s 772ms/step - loss: 0.6600 - accuracy: 0.7179
Epoch 10/10

1/2 [==============>...............] - ETA: 2s - loss: 0.4682 - accuracy: 0.7500
2/2 [==============================] - ETA: 0s - loss: 0.4622 - accuracy: 0.7436
2/2 [==============================] - 3s 781ms/step - loss: 0.4622 - accuracy: 0.7436

1/1 [==============================] - ETA: 0s
1/1 [==============================] - 0s 438ms/step
[12:55:45]     DCNN               acc  54.55  bal-acc  50.00  sen 100.00  spe   0.00  f1  70.59   [32s]
================================
[⚠️] GLCM 
================================
Model: "model_43"
_________________________________________________________________
 Layer (type)                Output Shape              Param #   
=================================================================
 input_45 (InputLayer)       [(None, 10, 12)]          0         
                                                                 
 conv1d_6 (Conv1D)           (None, 10, 32)            1184      
                                                                 
 activation_199 (Activation)  (None, 10, 32)           0         
                                                                 
 dropout_95 (Dropout)        (None, 10, 32)            0         
                                                                 
 max_pooling1d_6 (MaxPooling  (None, 5, 32)            0         
 1D)                                                             
                                                                 
 conv1d_7 (Conv1D)           (None, 5, 64)             6208      
                                                                 
 activation_200 (Activation)  (None, 5, 64)            0         
                                                                 
 max_pooling1d_7 (MaxPooling  (None, 3, 64)            0         
 1D)                                                             
                                                                 
 flatten_31 (Flatten)        (None, 192)               0         
                                                                 
 dense_211 (Dense)           (None, 32)                6176      
                                                                 
 activation_201 (Activation)  (None, 32)               0         
                                                                 
 dense_212 (Dense)           (None, 2)                 66        
                                                                 
 activation_202 (Activation)  (None, 2)                0         
                                                                 
=================================================================
Total params: 13,634
Trainable params: 13,634
Non-trainable params: 0
_________________________________________________________________
Epoch 1/10

1/2 [==============>...............] - ETA: 1s - loss: 129.7683 - accuracy: 0.6250
2/2 [==============================] - 1s 5ms/step - loss: 110.7375 - accuracy: 0.6154
Epoch 2/10

1/2 [==============>...............] - ETA: 0s - loss: 221.1872 - accuracy: 0.5000
2/2 [==============================] - 0s 3ms/step - loss: 226.3897 - accuracy: 0.4359
Epoch 3/10

1/2 [==============>...............] - ETA: 0s - loss: 118.9666 - accuracy: 0.4688
2/2 [==============================] - 0s 5ms/step - loss: 119.3962 - accuracy: 0.4872
Epoch 4/10

1/2 [==============>...............] - ETA: 0s - loss: 104.1709 - accuracy: 0.5312
2/2 [==============================] - 0s 4ms/step - loss: 86.6569 - accuracy: 0.5897
Epoch 5/10

1/2 [==============>...............] - ETA: 0s - loss: 91.2055 - accuracy: 0.6250
2/2 [==============================] - 0s 7ms/step - loss: 109.5149 - accuracy: 0.6410
Epoch 6/10

1/2 [==============>...............] - ETA: 0s - loss: 108.8863 - accuracy: 0.5938
2/2 [==============================] - 0s 5ms/step - loss: 130.1199 - accuracy: 0.5641
Epoch 7/10

1/2 [==============>...............] - ETA: 0s - loss: 81.5192 - accuracy: 0.5000
2/2 [==============================] - 0s 4ms/step - loss: 83.1673 - accuracy: 0.4615
Epoch 8/10

1/2 [==============>...............] - ETA: 0s - loss: 78.6202 - accuracy: 0.4688
2/2 [==============================] - 0s 5ms/step - loss: 73.7463 - accuracy: 0.4872
Epoch 9/10

1/2 [==============>...............] - ETA: 0s - loss: 92.3925 - accuracy: 0.5625
2/2 [==============================] - 0s 3ms/step - loss: 95.1010 - accuracy: 0.5385
Epoch 10/10

1/2 [==============>...............] - ETA: 0s - loss: 113.9119 - accuracy: 0.3125
2/2 [==============================] - 0s 7ms/step - loss: 105.6961 - accuracy: 0.3333

1/1 [==============================] - ETA: 0s
1/1 [==============================] - 0s 163ms/step
[12:55:47]     GLCM               acc  45.45  bal-acc  45.00  sen  50.00  spe  40.00  f1  50.00   [2s]
================================
[⚠️] 3DCNN Based Distributed LSTM with Modified Pooling 
================================
linspaced [0.09090909 0.18181818 0.27272727 0.36363636 0.45454545 0.54545455
 0.63636364 0.72727273 0.81818182 0.90909091 1.        ]
channel is 128
channel is 128
channel is 128
channel is 128
channel is 128
channel is 128
channel is 128
channel is 128
channel is 128
channel is 128
channel is 128
(None, 1, 128)
Model: "model_44"
__________________________________________________________________________________________________
 Layer (type)                   Output Shape         Param #     Connected to                     
==================================================================================================
 input_46 (InputLayer)          [(None, 10, 128, 12  0           []                               
                                8, 12)]                                                           
                                                                                                  
 conv3d_36 (Conv3D)             (None, 10, 128, 128  5200        ['input_46[0][0]']               
                                , 16)                                                             
                                                                                                  
 activation_203 (Activation)    (None, 10, 128, 128  0           ['conv3d_36[0][0]']              
                                , 16)                                                             
                                                                                                  
 max_pooling3d_36 (MaxPooling3D  (None, 10, 128, 128  0          ['activation_203[0][0]']         
 )                              , 16)                                                             
                                                                                                  
 average_pooling3d_36 (AverageP  (None, 10, 128, 128  0          ['activation_203[0][0]']         
 ooling3D)                      , 16)                                                             
                                                                                                  
 lambda_36 (Lambda)             (None, 10, 128, 128  0           ['max_pooling3d_36[0][0]',       
                                , 16)                             'average_pooling3d_36[0][0]']   
                                                                                                  
 conv3d_37 (Conv3D)             (None, 8, 126, 126,  13856       ['lambda_36[0][0]']              
                                 32)                                                              
                                                                                                  
 activation_204 (Activation)    (None, 8, 126, 126,  0           ['conv3d_37[0][0]']              
                                 32)                                                              
                                                                                                  
 max_pooling3d_37 (MaxPooling3D  (None, 4, 63, 63, 3  0          ['activation_204[0][0]']         
 )                              2)                                                                
                                                                                                  
 average_pooling3d_37 (AverageP  (None, 4, 63, 63, 3  0          ['activation_204[0][0]']         
 ooling3D)                      2)                                                                
                                                                                                  
 lambda_37 (Lambda)             (None, 4, 63, 63, 3  0           ['max_pooling3d_37[0][0]',       
                                2)                                'average_pooling3d_37[0][0]']   
                                                                                                  
 conv3d_38 (Conv3D)             (None, 2, 61, 61, 6  55360       ['lambda_37[0][0]']              
                                4)                                                                
                                                                                                  
 activation_205 (Activation)    (None, 2, 61, 61, 6  0           ['conv3d_38[0][0]']              
                                4)                                                                
                                                                                                  
 batch_normalization_48 (BatchN  (None, 2, 61, 61, 6  256        ['activation_205[0][0]']         
 ormalization)                  4)                                                                
                                                                                                  
 max_pooling3d_38 (MaxPooling3D  (None, 1, 31, 31, 6  0          ['batch_normalization_48[0][0]'] 
 )                              4)                                                                
                                                                                                  
 average_pooling3d_38 (AverageP  (None, 1, 31, 31, 6  0          ['batch_normalization_48[0][0]'] 
 ooling3D)                      4)                                                                
                                                                                                  
 lambda_38 (Lambda)             (None, 1, 31, 31, 6  0           ['max_pooling3d_38[0][0]',       
                                4)                                'average_pooling3d_38[0][0]']   
                                                                                                  
 dropout_96 (Dropout)           (None, 1, 31, 31, 6  0           ['lambda_38[0][0]']              
                                4)                                                                
                                                                                                  
 reshape_123 (Reshape)          (None, 31, 31, 64)   0           ['dropout_96[0][0]']             
                                                                                                  
 reshape_124 (Reshape)          (None, 31, 1984)     0           ['reshape_123[0][0]']            
                                                                                                  
 lstm_24 (LSTM)                 (None, 128)          1081856     ['reshape_124[0][0]']            
                                                                                                  
 lstm_25 (LSTM)                 (None, 128)          1081856     ['reshape_124[0][0]']            
                                                                                                  
 add_12 (Add)                   (None, 128)          0           ['lstm_24[0][0]',                
                                                                  'lstm_25[0][0]']                
                                                                                                  
 reshape_125 (Reshape)          (None, 1, 128)       0           ['add_12[0][0]']                 
                                                                                                  
 reshape_126 (Reshape)          (None, 1, 128)       0           ['add_12[0][0]']                 
                                                                                                  
 reshape_127 (Reshape)          (None, 1, 128)       0           ['add_12[0][0]']                 
                                                                                                  
 reshape_128 (Reshape)          (None, 1, 128)       0           ['add_12[0][0]']                 
                                                                                                  
 reshape_129 (Reshape)          (None, 1, 128)       0           ['add_12[0][0]']                 
                                                                                                  
 reshape_130 (Reshape)          (None, 1, 128)       0           ['add_12[0][0]']                 
                                                                                                  
 reshape_131 (Reshape)          (None, 1, 128)       0           ['add_12[0][0]']                 
                                                                                                  
 reshape_132 (Reshape)          (None, 1, 128)       0           ['add_12[0][0]']                 
                                                                                                  
 reshape_133 (Reshape)          (None, 1, 128)       0           ['add_12[0][0]']                 
                                                                                                  
 reshape_134 (Reshape)          (None, 1, 128)       0           ['add_12[0][0]']                 
                                                                                                  
 reshape_135 (Reshape)          (None, 1, 128)       0           ['add_12[0][0]']                 
                                                                                                  
 dense_213 (Dense)              (None, 1, 11)        1419        ['reshape_125[0][0]']            
                                                                                                  
 dense_214 (Dense)              (None, 1, 23)        2967        ['reshape_126[0][0]']            
                                                                                                  
 dense_215 (Dense)              (None, 1, 34)        4386        ['reshape_127[0][0]']            
                                                                                                  
 dense_216 (Dense)              (None, 1, 46)        5934        ['reshape_128[0][0]']            
                                                                                                  
 dense_217 (Dense)              (None, 1, 58)        7482        ['reshape_129[0][0]']            
                                                                                                  
 dense_218 (Dense)              (None, 1, 69)        8901        ['reshape_130[0][0]']            
                                                                                                  
 dense_219 (Dense)              (None, 1, 81)        10449       ['reshape_131[0][0]']            
                                                                                                  
 dense_220 (Dense)              (None, 1, 93)        11997       ['reshape_132[0][0]']            
                                                                                                  
 dense_221 (Dense)              (None, 1, 104)       13416       ['reshape_133[0][0]']            
                                                                                                  
 dense_222 (Dense)              (None, 1, 116)       14964       ['reshape_134[0][0]']            
                                                                                                  
 dense_223 (Dense)              (None, 1, 128)       16512       ['reshape_135[0][0]']            
                                                                                                  
 activation_206 (Activation)    (None, 1, 11)        0           ['dense_213[0][0]']              
                                                                                                  
 activation_207 (Activation)    (None, 1, 23)        0           ['dense_214[0][0]']              
                                                                                                  
 activation_208 (Activation)    (None, 1, 34)        0           ['dense_215[0][0]']              
                                                                                                  
 activation_209 (Activation)    (None, 1, 46)        0           ['dense_216[0][0]']              
                                                                                                  
 activation_210 (Activation)    (None, 1, 58)        0           ['dense_217[0][0]']              
                                                                                                  
 activation_211 (Activation)    (None, 1, 69)        0           ['dense_218[0][0]']              
                                                                                                  
 activation_212 (Activation)    (None, 1, 81)        0           ['dense_219[0][0]']              
                                                                                                  
 activation_213 (Activation)    (None, 1, 93)        0           ['dense_220[0][0]']              
                                                                                                  
 activation_214 (Activation)    (None, 1, 104)       0           ['dense_221[0][0]']              
                                                                                                  
 activation_215 (Activation)    (None, 1, 116)       0           ['dense_222[0][0]']              
                                                                                                  
 activation_216 (Activation)    (None, 1, 128)       0           ['dense_223[0][0]']              
                                                                                                  
 excitation_0.091 (Dense)       (None, 1, 128)       1536        ['activation_206[0][0]']         
                                                                                                  
 excitation_0.182 (Dense)       (None, 1, 128)       3072        ['activation_207[0][0]']         
                                                                                                  
 excitation_0.273 (Dense)       (None, 1, 128)       4480        ['activation_208[0][0]']         
                                                                                                  
 excitation_0.364 (Dense)       (None, 1, 128)       6016        ['activation_209[0][0]']         
                                                                                                  
 excitation_0.455 (Dense)       (None, 1, 128)       7552        ['activation_210[0][0]']         
                                                                                                  
 excitation_0.545 (Dense)       (None, 1, 128)       8960        ['activation_211[0][0]']         
                                                                                                  
 excitation_0.636 (Dense)       (None, 1, 128)       10496       ['activation_212[0][0]']         
                                                                                                  
 excitation_0.727 (Dense)       (None, 1, 128)       12032       ['activation_213[0][0]']         
                                                                                                  
 excitation_0.818 (Dense)       (None, 1, 128)       13440       ['activation_214[0][0]']         
                                                                                                  
 excitation_0.909 (Dense)       (None, 1, 128)       14976       ['activation_215[0][0]']         
                                                                                                  
 excitation_1 (Dense)           (None, 1, 128)       16512       ['activation_216[0][0]']         
                                                                                                  
 average_9 (Average)            (None, 1, 128)       0           ['excitation_0.091[0][0]',       
                                                                  'excitation_0.182[0][0]',       
                                                                  'excitation_0.273[0][0]',       
                                                                  'excitation_0.364[0][0]',       
                                                                  'excitation_0.455[0][0]',       
                                                                  'excitation_0.545[0][0]',       
                                                                  'excitation_0.636[0][0]',       
                                                                  'excitation_0.727[0][0]',       
                                                                  'excitation_0.818[0][0]',       
                                                                  'excitation_0.909[0][0]',       
                                                                  'excitation_1[0][0]']           
                                                                                                  
 normalized_attention (LayerNor  (None, 1, 128)      256         ['average_9[0][0]']              
 malization)                                                                                      
                                                                                                  
 hadamard (Multiply)            (None, 1, 128)       0           ['add_12[0][0]',                 
                                                                  'normalized_attention[0][0]']   
                                                                                                  
 normalized_attention2 (LayerNo  (None, 1, 128)      256         ['hadamard[0][0]']               
 rmalization)                                                                                     
                                                                                                  
 trainableatt (TrainableAttenti  (None, 1, 128)      16384       ['normalized_attention2[0][0]']  
 on)                                                                                              
                                                                                                  
 dense_224 (Dense)              (None, 1, 128)       16384       ['trainableatt[0][0]']           
                                                                                                  
 dense_225 (Dense)              (None, 1, 128)       16384       ['dense_224[0][0]']              
                                                                                                  
 flatten_32 (Flatten)           (None, 128)          0           ['dense_225[0][0]']              
                                                                                                  
 dense_226 (Dense)              (None, 100)          12900       ['flatten_32[0][0]']             
                                                                                                  
 activation_217 (Activation)    (None, 100)          0           ['dense_226[0][0]']              
                                                                                                  
 batch_normalization_49 (BatchN  (None, 100)         400         ['activation_217[0][0]']         
 ormalization)                                                                                    
                                                                                                  
 dropout_97 (Dropout)           (None, 100)          0           ['batch_normalization_49[0][0]'] 
                                                                                                  
 dense2c (Dense)                (None, 64)           6464        ['dropout_97[0][0]']             
                                                                                                  
 activation_218 (Activation)    (None, 64)           0           ['dense2c[0][0]']                
                                                                                                  
 batch_normalization_50 (BatchN  (None, 64)          256         ['activation_218[0][0]']         
 ormalization)                                                                                    
                                                                                                  
 dropout_98 (Dropout)           (None, 64)           0           ['batch_normalization_50[0][0]'] 
                                                                                                  
 dense_227 (Dense)              (None, 2)            130         ['dropout_98[0][0]']             
                                                                                                  
==================================================================================================
Total params: 2,505,697
Trainable params: 2,505,241
Non-trainable params: 456
__________________________________________________________________________________________________
Epoch 1/10

1/2 [==============>...............] - ETA: 29s - loss: 0.6931 - accuracy: 0.5625
2/2 [==============================] - ETA: 0s - loss: 0.6993 - accuracy: 0.5897 
2/2 [==============================] - 35s 6s/step - loss: 0.6993 - accuracy: 0.5897
Epoch 2/10

1/2 [==============>...............] - ETA: 18s - loss: 1.3459 - accuracy: 0.4688
2/2 [==============================] - ETA: 0s - loss: 1.1514 - accuracy: 0.5385 
2/2 [==============================] - 23s 5s/step - loss: 1.1514 - accuracy: 0.5385
Epoch 3/10

1/2 [==============>...............] - ETA: 18s - loss: 0.9920 - accuracy: 0.5312
2/2 [==============================] - ETA: 0s - loss: 1.1482 - accuracy: 0.5385 
2/2 [==============================] - 27s 8s/step - loss: 1.1482 - accuracy: 0.5385
Epoch 4/10

1/2 [==============>...............] - ETA: 34s - loss: 0.8271 - accuracy: 0.6250
2/2 [==============================] - ETA: 0s - loss: 1.0233 - accuracy: 0.5897 
2/2 [==============================] - 44s 10s/step - loss: 1.0233 - accuracy: 0.5897
Epoch 5/10

1/2 [==============>...............] - ETA: 35s - loss: 1.0323 - accuracy: 0.5938
2/2 [==============================] - ETA: 0s - loss: 0.9847 - accuracy: 0.5897 
2/2 [==============================] - 46s 10s/step - loss: 0.9847 - accuracy: 0.5897
Epoch 6/10

1/2 [==============>...............] - ETA: 36s - loss: 0.6303 - accuracy: 0.7188
2/2 [==============================] - ETA: 0s - loss: 0.7233 - accuracy: 0.6923 
2/2 [==============================] - 46s 9s/step - loss: 0.7233 - accuracy: 0.6923
Epoch 7/10

1/2 [==============>...............] - ETA: 34s - loss: 0.7919 - accuracy: 0.5938
2/2 [==============================] - ETA: 0s - loss: 0.7994 - accuracy: 0.6410 
2/2 [==============================] - 44s 9s/step - loss: 0.7994 - accuracy: 0.6410
Epoch 8/10

1/2 [==============>...............] - ETA: 33s - loss: 0.8037 - accuracy: 0.6875
2/2 [==============================] - ETA: 0s - loss: 0.7745 - accuracy: 0.6667 
2/2 [==============================] - 43s 9s/step - loss: 0.7745 - accuracy: 0.6667
Epoch 9/10

1/2 [==============>...............] - ETA: 32s - loss: 0.8285 - accuracy: 0.5625
2/2 [==============================] - ETA: 0s - loss: 0.7229 - accuracy: 0.6410 
2/2 [==============================] - 42s 9s/step - loss: 0.7229 - accuracy: 0.6410
Epoch 10/10

1/2 [==============>...............] - ETA: 29s - loss: 1.0605 - accuracy: 0.5625
2/2 [==============================] - ETA: 0s - loss: 1.0724 - accuracy: 0.5385 
2/2 [==============================] - 33s 4s/step - loss: 1.0724 - accuracy: 0.5385

1/1 [==============================] - ETA: 0s
1/1 [==============================] - 2s 2s/step
[13:02:15]     MUSE-CLMPNet       acc  54.55  bal-acc  50.00  sen 100.00  spe   0.00  f1  70.59   [389s]
================================
[⚠️] 3DCNN Based Distributed LSTM with Modified Pooling 
================================
Model: "model_45"
__________________________________________________________________________________________________
 Layer (type)                   Output Shape         Param #     Connected to                     
==================================================================================================
 input_47 (InputLayer)          [(None, 10, 128, 12  0           []                               
                                8, 12)]                                                           
                                                                                                  
 conv3d_39 (Conv3D)             (None, 10, 128, 128  5200        ['input_47[0][0]']               
                                , 16)                                                             
                                                                                                  
 activation_219 (Activation)    (None, 10, 128, 128  0           ['conv3d_39[0][0]']              
                                , 16)                                                             
                                                                                                  
 max_pooling3d_39 (MaxPooling3D  (None, 10, 128, 128  0          ['activation_219[0][0]']         
 )                              , 16)                                                             
                                                                                                  
 average_pooling3d_39 (AverageP  (None, 10, 128, 128  0          ['activation_219[0][0]']         
 ooling3D)                      , 16)                                                             
                                                                                                  
 lambda_39 (Lambda)             (None, 10, 128, 128  0           ['max_pooling3d_39[0][0]',       
                                , 16)                             'average_pooling3d_39[0][0]']   
                                                                                                  
 conv3d_40 (Conv3D)             (None, 8, 126, 126,  13856       ['lambda_39[0][0]']              
                                 32)                                                              
                                                                                                  
 activation_220 (Activation)    (None, 8, 126, 126,  0           ['conv3d_40[0][0]']              
                                 32)                                                              
                                                                                                  
 max_pooling3d_40 (MaxPooling3D  (None, 4, 63, 63, 3  0          ['activation_220[0][0]']         
 )                              2)                                                                
                                                                                                  
 average_pooling3d_40 (AverageP  (None, 4, 63, 63, 3  0          ['activation_220[0][0]']         
 ooling3D)                      2)                                                                
                                                                                                  
 lambda_40 (Lambda)             (None, 4, 63, 63, 3  0           ['max_pooling3d_40[0][0]',       
                                2)                                'average_pooling3d_40[0][0]']   
                                                                                                  
 conv3d_41 (Conv3D)             (None, 2, 61, 61, 6  55360       ['lambda_40[0][0]']              
                                4)                                                                
                                                                                                  
 activation_221 (Activation)    (None, 2, 61, 61, 6  0           ['conv3d_41[0][0]']              
                                4)                                                                
                                                                                                  
 batch_normalization_51 (BatchN  (None, 2, 61, 61, 6  256        ['activation_221[0][0]']         
 ormalization)                  4)                                                                
                                                                                                  
 max_pooling3d_41 (MaxPooling3D  (None, 1, 31, 31, 6  0          ['batch_normalization_51[0][0]'] 
 )                              4)                                                                
                                                                                                  
 average_pooling3d_41 (AverageP  (None, 1, 31, 31, 6  0          ['batch_normalization_51[0][0]'] 
 ooling3D)                      4)                                                                
                                                                                                  
 lambda_41 (Lambda)             (None, 1, 31, 31, 6  0           ['max_pooling3d_41[0][0]',       
                                4)                                'average_pooling3d_41[0][0]']   
                                                                                                  
 dropout_99 (Dropout)           (None, 1, 31, 31, 6  0           ['lambda_41[0][0]']              
                                4)                                                                
                                                                                                  
 reshape_136 (Reshape)          (None, 31, 31, 64)   0           ['dropout_99[0][0]']             
                                                                                                  
 spatial_and_channel_joint_atte  (None, 31, 31, 64)  0           ['reshape_136[0][0]']            
 ntion_9 (SpatialAndChannelJoin                                                                   
 tAttention)                                                                                      
                                                                                                  
 reshape_137 (Reshape)          (None, 31, 1984)     0           ['spatial_and_channel_joint_atten
                                                                 tion_9[0][0]']                   
                                                                                                  
 lstm_26 (LSTM)                 (None, 128)          1081856     ['reshape_137[0][0]']            
                                                                                                  
 lstm_27 (LSTM)                 (None, 128)          1081856     ['reshape_137[0][0]']            
                                                                                                  
 add_13 (Add)                   (None, 128)          0           ['lstm_26[0][0]',                
                                                                  'lstm_27[0][0]']                
                                                                                                  
 flatten_33 (Flatten)           (None, 128)          0           ['add_13[0][0]']                 
                                                                                                  
 dense_228 (Dense)              (None, 100)          12900       ['flatten_33[0][0]']             
                                                                                                  
 activation_222 (Activation)    (None, 100)          0           ['dense_228[0][0]']              
                                                                                                  
 batch_normalization_52 (BatchN  (None, 100)         400         ['activation_222[0][0]']         
 ormalization)                                                                                    
                                                                                                  
 dropout_100 (Dropout)          (None, 100)          0           ['batch_normalization_52[0][0]'] 
                                                                                                  
 dense2c (Dense)                (None, 64)           6464        ['dropout_100[0][0]']            
                                                                                                  
 activation_223 (Activation)    (None, 64)           0           ['dense2c[0][0]']                
                                                                                                  
 batch_normalization_53 (BatchN  (None, 64)          256         ['activation_223[0][0]']         
 ormalization)                                                                                    
                                                                                                  
 dropout_101 (Dropout)          (None, 64)           0           ['batch_normalization_53[0][0]'] 
                                                                                                  
 dense_229 (Dense)              (None, 2)            130         ['dropout_101[0][0]']            
                                                                                                  
==================================================================================================
Total params: 2,258,534
Trainable params: 2,258,078
Non-trainable params: 456
__________________________________________________________________________________________________
Epoch 1/10

1/2 [==============>...............] - ETA: 15s - loss: 1.6244 - accuracy: 0.5000
2/2 [==============================] - ETA: 0s - loss: 1.6898 - accuracy: 0.5128 
2/2 [==============================] - 20s 4s/step - loss: 1.6898 - accuracy: 0.5128
Epoch 2/10

1/2 [==============>...............] - ETA: 15s - loss: 1.3305 - accuracy: 0.5000
2/2 [==============================] - ETA: 0s - loss: 1.2750 - accuracy: 0.5128 
2/2 [==============================] - 20s 5s/step - loss: 1.2750 - accuracy: 0.5128
Epoch 3/10

1/2 [==============>...............] - ETA: 15s - loss: 0.7708 - accuracy: 0.7188
2/2 [==============================] - ETA: 0s - loss: 0.7638 - accuracy: 0.7179 
2/2 [==============================] - 20s 4s/step - loss: 0.7638 - accuracy: 0.7179
Epoch 4/10

1/2 [==============>...............] - ETA: 14s - loss: 0.9486 - accuracy: 0.5938
2/2 [==============================] - ETA: 0s - loss: 0.9291 - accuracy: 0.5897 
2/2 [==============================] - 19s 4s/step - loss: 0.9291 - accuracy: 0.5897
Epoch 5/10

1/2 [==============>...............] - ETA: 15s - loss: 0.8053 - accuracy: 0.6250
2/2 [==============================] - ETA: 0s - loss: 0.7648 - accuracy: 0.6667 
2/2 [==============================] - 20s 4s/step - loss: 0.7648 - accuracy: 0.6667
Epoch 6/10

1/2 [==============>...............] - ETA: 16s - loss: 0.9535 - accuracy: 0.6875
2/2 [==============================] - ETA: 0s - loss: 0.9892 - accuracy: 0.6667 
2/2 [==============================] - 21s 5s/step - loss: 0.9892 - accuracy: 0.6667
Epoch 7/10

1/2 [==============>...............] - ETA: 16s - loss: 0.7390 - accuracy: 0.7500
2/2 [==============================] - ETA: 0s - loss: 0.7533 - accuracy: 0.7436 
2/2 [==============================] - 22s 5s/step - loss: 0.7533 - accuracy: 0.7436
Epoch 8/10

1/2 [==============>...............] - ETA: 16s - loss: 0.8334 - accuracy: 0.6562
2/2 [==============================] - ETA: 0s - loss: 0.8430 - accuracy: 0.6410 
2/2 [==============================] - 21s 5s/step - loss: 0.8430 - accuracy: 0.6410
Epoch 9/10

1/2 [==============>...............] - ETA: 16s - loss: 0.8632 - accuracy: 0.5625
2/2 [==============================] - ETA: 0s - loss: 0.9012 - accuracy: 0.5641 
2/2 [==============================] - 21s 4s/step - loss: 0.9012 - accuracy: 0.5641
Epoch 10/10

1/2 [==============>...............] - ETA: 16s - loss: 1.2071 - accuracy: 0.5312
2/2 [==============================] - ETA: 0s - loss: 1.1684 - accuracy: 0.5385 
2/2 [==============================] - 21s 5s/step - loss: 1.1684 - accuracy: 0.5385

1/1 [==============================] - ETA: 0s
1/1 [==============================] - 1s 1s/step
[13:05:41]     SCAM-CLMPNet       acc  54.55  bal-acc  50.00  sen 100.00  spe   0.00  f1  70.59   [205s]
================================
[⚠️] 3DCNN Based Distributed LSTM with Modified Pooling 
================================
linspaced [0.09090909 0.18181818 0.27272727 0.36363636 0.45454545 0.54545455
 0.63636364 0.72727273 0.81818182 0.90909091 1.        ]
channel is 128
channel is 128
channel is 128
channel is 128
channel is 128
channel is 128
channel is 128
channel is 128
channel is 128
channel is 128
channel is 128
(None, 1, 128)
Model: "model_46"
__________________________________________________________________________________________________
 Layer (type)                   Output Shape         Param #     Connected to                     
==================================================================================================
 input_48 (InputLayer)          [(None, 10, 128, 12  0           []                               
                                8, 12)]                                                           
                                                                                                  
 conv3d_42 (Conv3D)             (None, 10, 128, 128  5200        ['input_48[0][0]']               
                                , 16)                                                             
                                                                                                  
 activation_224 (Activation)    (None, 10, 128, 128  0           ['conv3d_42[0][0]']              
                                , 16)                                                             
                                                                                                  
 max_pooling3d_42 (MaxPooling3D  (None, 10, 128, 128  0          ['activation_224[0][0]']         
 )                              , 16)                                                             
                                                                                                  
 average_pooling3d_42 (AverageP  (None, 10, 128, 128  0          ['activation_224[0][0]']         
 ooling3D)                      , 16)                                                             
                                                                                                  
 lambda_42 (Lambda)             (None, 10, 128, 128  0           ['max_pooling3d_42[0][0]',       
                                , 16)                             'average_pooling3d_42[0][0]']   
                                                                                                  
 conv3d_43 (Conv3D)             (None, 8, 126, 126,  13856       ['lambda_42[0][0]']              
                                 32)                                                              
                                                                                                  
 activation_225 (Activation)    (None, 8, 126, 126,  0           ['conv3d_43[0][0]']              
                                 32)                                                              
                                                                                                  
 max_pooling3d_43 (MaxPooling3D  (None, 4, 63, 63, 3  0          ['activation_225[0][0]']         
 )                              2)                                                                
                                                                                                  
 average_pooling3d_43 (AverageP  (None, 4, 63, 63, 3  0          ['activation_225[0][0]']         
 ooling3D)                      2)                                                                
                                                                                                  
 lambda_43 (Lambda)             (None, 4, 63, 63, 3  0           ['max_pooling3d_43[0][0]',       
                                2)                                'average_pooling3d_43[0][0]']   
                                                                                                  
 conv3d_44 (Conv3D)             (None, 2, 61, 61, 6  55360       ['lambda_43[0][0]']              
                                4)                                                                
                                                                                                  
 activation_226 (Activation)    (None, 2, 61, 61, 6  0           ['conv3d_44[0][0]']              
                                4)                                                                
                                                                                                  
 batch_normalization_54 (BatchN  (None, 2, 61, 61, 6  256        ['activation_226[0][0]']         
 ormalization)                  4)                                                                
                                                                                                  
 max_pooling3d_44 (MaxPooling3D  (None, 1, 31, 31, 6  0          ['batch_normalization_54[0][0]'] 
 )                              4)                                                                
                                                                                                  
 average_pooling3d_44 (AverageP  (None, 1, 31, 31, 6  0          ['batch_normalization_54[0][0]'] 
 ooling3D)                      4)                                                                
                                                                                                  
 lambda_44 (Lambda)             (None, 1, 31, 31, 6  0           ['max_pooling3d_44[0][0]',       
                                4)                                'average_pooling3d_44[0][0]']   
                                                                                                  
 dropout_102 (Dropout)          (None, 1, 31, 31, 6  0           ['lambda_44[0][0]']              
                                4)                                                                
                                                                                                  
 reshape_138 (Reshape)          (None, 31, 31, 64)   0           ['dropout_102[0][0]']            
                                                                                                  
 spatial_and_channel_joint_atte  (None, 31, 31, 64)  0           ['reshape_138[0][0]']            
 ntion_10 (SpatialAndChannelJoi                                                                   
 ntAttention)                                                                                     
                                                                                                  
 reshape_139 (Reshape)          (None, 31, 1984)     0           ['spatial_and_channel_joint_atten
                                                                 tion_10[0][0]']                  
                                                                                                  
 lstm_28 (LSTM)                 (None, 128)          1081856     ['reshape_139[0][0]']            
                                                                                                  
 lstm_29 (LSTM)                 (None, 128)          1081856     ['reshape_139[0][0]']            
                                                                                                  
 add_14 (Add)                   (None, 128)          0           ['lstm_28[0][0]',                
                                                                  'lstm_29[0][0]']                
                                                                                                  
 reshape_140 (Reshape)          (None, 1, 128)       0           ['add_14[0][0]']                 
                                                                                                  
 reshape_141 (Reshape)          (None, 1, 128)       0           ['add_14[0][0]']                 
                                                                                                  
 reshape_142 (Reshape)          (None, 1, 128)       0           ['add_14[0][0]']                 
                                                                                                  
 reshape_143 (Reshape)          (None, 1, 128)       0           ['add_14[0][0]']                 
                                                                                                  
 reshape_144 (Reshape)          (None, 1, 128)       0           ['add_14[0][0]']                 
                                                                                                  
 reshape_145 (Reshape)          (None, 1, 128)       0           ['add_14[0][0]']                 
                                                                                                  
 reshape_146 (Reshape)          (None, 1, 128)       0           ['add_14[0][0]']                 
                                                                                                  
 reshape_147 (Reshape)          (None, 1, 128)       0           ['add_14[0][0]']                 
                                                                                                  
 reshape_148 (Reshape)          (None, 1, 128)       0           ['add_14[0][0]']                 
                                                                                                  
 reshape_149 (Reshape)          (None, 1, 128)       0           ['add_14[0][0]']                 
                                                                                                  
 reshape_150 (Reshape)          (None, 1, 128)       0           ['add_14[0][0]']                 
                                                                                                  
 dense_230 (Dense)              (None, 1, 11)        1419        ['reshape_140[0][0]']            
                                                                                                  
 dense_231 (Dense)              (None, 1, 23)        2967        ['reshape_141[0][0]']            
                                                                                                  
 dense_232 (Dense)              (None, 1, 34)        4386        ['reshape_142[0][0]']            
                                                                                                  
 dense_233 (Dense)              (None, 1, 46)        5934        ['reshape_143[0][0]']            
                                                                                                  
 dense_234 (Dense)              (None, 1, 58)        7482        ['reshape_144[0][0]']            
                                                                                                  
 dense_235 (Dense)              (None, 1, 69)        8901        ['reshape_145[0][0]']            
                                                                                                  
 dense_236 (Dense)              (None, 1, 81)        10449       ['reshape_146[0][0]']            
                                                                                                  
 dense_237 (Dense)              (None, 1, 93)        11997       ['reshape_147[0][0]']            
                                                                                                  
 dense_238 (Dense)              (None, 1, 104)       13416       ['reshape_148[0][0]']            
                                                                                                  
 dense_239 (Dense)              (None, 1, 116)       14964       ['reshape_149[0][0]']            
                                                                                                  
 dense_240 (Dense)              (None, 1, 128)       16512       ['reshape_150[0][0]']            
                                                                                                  
 activation_227 (Activation)    (None, 1, 11)        0           ['dense_230[0][0]']              
                                                                                                  
 activation_228 (Activation)    (None, 1, 23)        0           ['dense_231[0][0]']              
                                                                                                  
 activation_229 (Activation)    (None, 1, 34)        0           ['dense_232[0][0]']              
                                                                                                  
 activation_230 (Activation)    (None, 1, 46)        0           ['dense_233[0][0]']              
                                                                                                  
 activation_231 (Activation)    (None, 1, 58)        0           ['dense_234[0][0]']              
                                                                                                  
 activation_232 (Activation)    (None, 1, 69)        0           ['dense_235[0][0]']              
                                                                                                  
 activation_233 (Activation)    (None, 1, 81)        0           ['dense_236[0][0]']              
                                                                                                  
 activation_234 (Activation)    (None, 1, 93)        0           ['dense_237[0][0]']              
                                                                                                  
 activation_235 (Activation)    (None, 1, 104)       0           ['dense_238[0][0]']              
                                                                                                  
 activation_236 (Activation)    (None, 1, 116)       0           ['dense_239[0][0]']              
                                                                                                  
 activation_237 (Activation)    (None, 1, 128)       0           ['dense_240[0][0]']              
                                                                                                  
 excitation_0.091 (Dense)       (None, 1, 128)       1536        ['activation_227[0][0]']         
                                                                                                  
 excitation_0.182 (Dense)       (None, 1, 128)       3072        ['activation_228[0][0]']         
                                                                                                  
 excitation_0.273 (Dense)       (None, 1, 128)       4480        ['activation_229[0][0]']         
                                                                                                  
 excitation_0.364 (Dense)       (None, 1, 128)       6016        ['activation_230[0][0]']         
                                                                                                  
 excitation_0.455 (Dense)       (None, 1, 128)       7552        ['activation_231[0][0]']         
                                                                                                  
 excitation_0.545 (Dense)       (None, 1, 128)       8960        ['activation_232[0][0]']         
                                                                                                  
 excitation_0.636 (Dense)       (None, 1, 128)       10496       ['activation_233[0][0]']         
                                                                                                  
 excitation_0.727 (Dense)       (None, 1, 128)       12032       ['activation_234[0][0]']         
                                                                                                  
 excitation_0.818 (Dense)       (None, 1, 128)       13440       ['activation_235[0][0]']         
                                                                                                  
 excitation_0.909 (Dense)       (None, 1, 128)       14976       ['activation_236[0][0]']         
                                                                                                  
 excitation_1 (Dense)           (None, 1, 128)       16512       ['activation_237[0][0]']         
                                                                                                  
 average_10 (Average)           (None, 1, 128)       0           ['excitation_0.091[0][0]',       
                                                                  'excitation_0.182[0][0]',       
                                                                  'excitation_0.273[0][0]',       
                                                                  'excitation_0.364[0][0]',       
                                                                  'excitation_0.455[0][0]',       
                                                                  'excitation_0.545[0][0]',       
                                                                  'excitation_0.636[0][0]',       
                                                                  'excitation_0.727[0][0]',       
                                                                  'excitation_0.818[0][0]',       
                                                                  'excitation_0.909[0][0]',       
                                                                  'excitation_1[0][0]']           
                                                                                                  
 normalized_attention (LayerNor  (None, 1, 128)      256         ['average_10[0][0]']             
 malization)                                                                                      
                                                                                                  
 hadamard (Multiply)            (None, 1, 128)       0           ['add_14[0][0]',                 
                                                                  'normalized_attention[0][0]']   
                                                                                                  
 normalized_attention2 (LayerNo  (None, 1, 128)      256         ['hadamard[0][0]']               
 rmalization)                                                                                     
                                                                                                  
 trainableatt (TrainableAttenti  (None, 1, 128)      16384       ['normalized_attention2[0][0]']  
 on)                                                                                              
                                                                                                  
 dense_241 (Dense)              (None, 1, 128)       16384       ['trainableatt[0][0]']           
                                                                                                  
 dense_242 (Dense)              (None, 1, 128)       16384       ['dense_241[0][0]']              
                                                                                                  
 flatten_34 (Flatten)           (None, 128)          0           ['dense_242[0][0]']              
                                                                                                  
 dense_243 (Dense)              (None, 100)          12900       ['flatten_34[0][0]']             
                                                                                                  
 activation_238 (Activation)    (None, 100)          0           ['dense_243[0][0]']              
                                                                                                  
 batch_normalization_55 (BatchN  (None, 100)         400         ['activation_238[0][0]']         
 ormalization)                                                                                    
                                                                                                  
 dropout_103 (Dropout)          (None, 100)          0           ['batch_normalization_55[0][0]'] 
                                                                                                  
 dense2c (Dense)                (None, 64)           6464        ['dropout_103[0][0]']            
                                                                                                  
 activation_239 (Activation)    (None, 64)           0           ['dense2c[0][0]']                
                                                                                                  
 batch_normalization_56 (BatchN  (None, 64)          256         ['activation_239[0][0]']         
 ormalization)                                                                                    
                                                                                                  
 dropout_104 (Dropout)          (None, 64)           0           ['batch_normalization_56[0][0]'] 
                                                                                                  
 dense_244 (Dense)              (None, 2)            130         ['dropout_104[0][0]']            
                                                                                                  
==================================================================================================
Total params: 2,505,697
Trainable params: 2,505,241
Non-trainable params: 456
__________________________________________________________________________________________________
Epoch 1/10

1/2 [==============>...............] - ETA: 20s - loss: 0.6931 - accuracy: 0.5625
2/2 [==============================] - ETA: 0s - loss: 0.6993 - accuracy: 0.5897 
2/2 [==============================] - 25s 5s/step - loss: 0.6993 - accuracy: 0.5897
Epoch 2/10

1/2 [==============>...............] - ETA: 16s - loss: 1.3459 - accuracy: 0.4688
2/2 [==============================] - ETA: 0s - loss: 1.1514 - accuracy: 0.5385 
2/2 [==============================] - 21s 4s/step - loss: 1.1514 - accuracy: 0.5385
Epoch 3/10

1/2 [==============>...............] - ETA: 15s - loss: 0.9920 - accuracy: 0.5312
2/2 [==============================] - ETA: 0s - loss: 1.1482 - accuracy: 0.5385 
2/2 [==============================] - 20s 4s/step - loss: 1.1482 - accuracy: 0.5385
Epoch 4/10

1/2 [==============>...............] - ETA: 16s - loss: 0.8271 - accuracy: 0.6250
2/2 [==============================] - ETA: 0s - loss: 1.0233 - accuracy: 0.5897 
2/2 [==============================] - 21s 4s/step - loss: 1.0233 - accuracy: 0.5897
Epoch 5/10

1/2 [==============>...............] - ETA: 16s - loss: 1.0323 - accuracy: 0.5938
2/2 [==============================] - ETA: 0s - loss: 0.9847 - accuracy: 0.5897 
2/2 [==============================] - 21s 4s/step - loss: 0.9847 - accuracy: 0.5897
Epoch 6/10

1/2 [==============>...............] - ETA: 14s - loss: 0.6303 - accuracy: 0.7188
2/2 [==============================] - ETA: 0s - loss: 0.7233 - accuracy: 0.6923 
2/2 [==============================] - 19s 4s/step - loss: 0.7233 - accuracy: 0.6923
Epoch 7/10

1/2 [==============>...............] - ETA: 15s - loss: 0.7919 - accuracy: 0.5938
2/2 [==============================] - ETA: 0s - loss: 0.7994 - accuracy: 0.6410 
2/2 [==============================] - 19s 4s/step - loss: 0.7994 - accuracy: 0.6410
Epoch 8/10

1/2 [==============>...............] - ETA: 14s - loss: 0.8037 - accuracy: 0.6875
2/2 [==============================] - ETA: 0s - loss: 0.7745 - accuracy: 0.6667 
2/2 [==============================] - 19s 4s/step - loss: 0.7745 - accuracy: 0.6667
Epoch 9/10

1/2 [==============>...............] - ETA: 14s - loss: 0.8285 - accuracy: 0.5625
2/2 [==============================] - ETA: 0s - loss: 0.7229 - accuracy: 0.6410 
2/2 [==============================] - 19s 4s/step - loss: 0.7229 - accuracy: 0.6410
Epoch 10/10

1/2 [==============>...............] - ETA: 14s - loss: 1.0605 - accuracy: 0.5625
2/2 [==============================] - ETA: 0s - loss: 1.0724 - accuracy: 0.5385 
2/2 [==============================] - 20s 5s/step - loss: 1.0724 - accuracy: 0.5385

1/1 [==============================] - ETA: 0s
1/1 [==============================] - 2s 2s/step
[13:09:07]     SMA-CLMPNet        acc  54.55  bal-acc  50.00  sen 100.00  spe   0.00  f1  70.59   [207s]
[13:09:10]     EfficientNetV2S    acc  72.73  bal-acc  73.33  sen  66.67  spe  80.00  f1  72.73   [3s]
[13:09:13]     ConvNeXtTiny       acc  45.45  bal-acc  45.00  sen  50.00  spe  40.00  f1  50.00   [2s]
[13:09:15]     MobileNetV3Large   acc  54.55  bal-acc  51.67  sen  83.33  spe  20.00  f1  66.67   [2s]
[13:09:19]     ResNetRS50         acc  45.45  bal-acc  45.00  sen  50.00  spe  40.00  f1  50.00   [4s]
linspaced [0.09090909 0.18181818 0.27272727 0.36363636 0.45454545 0.54545455
 0.63636364 0.72727273 0.81818182 0.90909091 1.        ]
channel is 128
channel is 128
channel is 128
channel is 128
channel is 128
channel is 128
channel is 128
channel is 128
channel is 128
channel is 128
channel is 128
(None, 1, 128)
Epoch 1/30
5/5 - 29s - loss: 1.4912 - accuracy: 0.4359 - 29s/epoch - 6s/step
Epoch 2/30
5/5 - 24s - loss: 1.2776 - accuracy: 0.4872 - 24s/epoch - 5s/step
Epoch 3/30
5/5 - 28s - loss: 1.3243 - accuracy: 0.4615 - 28s/epoch - 6s/step
Epoch 4/30
5/5 - 48s - loss: 0.9521 - accuracy: 0.5897 - 48s/epoch - 10s/step
Epoch 5/30
5/5 - 50s - loss: 1.1157 - accuracy: 0.5385 - 50s/epoch - 10s/step
Epoch 6/30
5/5 - 46s - loss: 0.7945 - accuracy: 0.5897 - 46s/epoch - 9s/step
Epoch 7/30
5/5 - 49s - loss: 1.0979 - accuracy: 0.4872 - 49s/epoch - 10s/step
Epoch 8/30
5/5 - 50s - loss: 0.6969 - accuracy: 0.6667 - 50s/epoch - 10s/step
Epoch 9/30
5/5 - 22s - loss: 0.7977 - accuracy: 0.7179 - 22s/epoch - 4s/step
Epoch 10/30
5/5 - 23s - loss: 0.8997 - accuracy: 0.5385 - 23s/epoch - 5s/step
Epoch 11/30
5/5 - 26s - loss: 0.9855 - accuracy: 0.4872 - 26s/epoch - 5s/step
Epoch 12/30
5/5 - 25s - loss: 1.0516 - accuracy: 0.6410 - 25s/epoch - 5s/step
Epoch 13/30
5/5 - 25s - loss: 0.6958 - accuracy: 0.5897 - 25s/epoch - 5s/step
Epoch 14/30
5/5 - 28s - loss: 0.6726 - accuracy: 0.6923 - 28s/epoch - 6s/step
Epoch 15/30
5/5 - 25s - loss: 0.7688 - accuracy: 0.6410 - 25s/epoch - 5s/step
Epoch 16/30
5/5 - 24s - loss: 0.7031 - accuracy: 0.6923 - 24s/epoch - 5s/step
Epoch 17/30
5/5 - 24s - loss: 0.8838 - accuracy: 0.5385 - 24s/epoch - 5s/step
Epoch 18/30
5/5 - 24s - loss: 0.5157 - accuracy: 0.7436 - 24s/epoch - 5s/step
Epoch 19/30
5/5 - 24s - loss: 0.5922 - accuracy: 0.7692 - 24s/epoch - 5s/step
Epoch 20/30
5/5 - 25s - loss: 0.3870 - accuracy: 0.7949 - 25s/epoch - 5s/step
Epoch 21/30
5/5 - 26s - loss: 0.4470 - accuracy: 0.7949 - 26s/epoch - 5s/step
Epoch 22/30
5/5 - 26s - loss: 0.6416 - accuracy: 0.7692 - 26s/epoch - 5s/step
Epoch 23/30
5/5 - 45s - loss: 0.4025 - accuracy: 0.7179 - 45s/epoch - 9s/step
Epoch 24/30
5/5 - 53s - loss: 0.3268 - accuracy: 0.8462 - 53s/epoch - 11s/step
Epoch 25/30
5/5 - 52s - loss: 0.3940 - accuracy: 0.7949 - 52s/epoch - 10s/step
Epoch 26/30
5/5 - 53s - loss: 0.1698 - accuracy: 0.9487 - 53s/epoch - 11s/step
Epoch 27/30
5/5 - 45s - loss: 0.4159 - accuracy: 0.8205 - 45s/epoch - 9s/step
Epoch 28/30
5/5 - 23s - loss: 0.4709 - accuracy: 0.7949 - 23s/epoch - 5s/step
Epoch 29/30
5/5 - 25s - loss: 0.3607 - accuracy: 0.8718 - 25s/epoch - 5s/step
Epoch 30/30
5/5 - 26s - loss: 0.3927 - accuracy: 0.8462 - 26s/epoch - 5s/step
[13:25:57]     SMA-CLMPNet-Opt    acc  54.55  bal-acc  50.00  sen 100.00  spe   0.00  f1  70.59   [998s]
[13:25:57] === train 90%: 44 train / 6 test (test classes [3, 3])
================================
[⚠️] DCNN 
================================
Model: "model_52"
_________________________________________________________________
 Layer (type)                Output Shape              Param #   
=================================================================
 input_54 (InputLayer)       [(None, 224, 224, 3)]     0         
                                                                 
 input_1 (InputLayer)        multiple                  0         
                                                                 
 rescaling (Rescaling)       (None, 224, 224, 3)       0         
                                                                 
 normalization (Normalizatio  (None, 224, 224, 3)      7         
 n)                                                              
                                                                 
 rescaling_1 (Rescaling)     (None, 224, 224, 3)       0         
                                                                 
 stem_conv_pad (ZeroPadding2  (None, 225, 225, 3)      0         
 D)                                                              
                                                                 
 stem_conv (Conv2D)          (None, 112, 112, 64)      1728      
                                                                 
 conv2d_52 (Conv2D)          (None, 112, 112, 64)      36928     
                                                                 
 max_pooling2d_40 (MaxPoolin  (None, 56, 56, 64)       0         
 g2D)                                                            
                                                                 
 conv2d_53 (Conv2D)          (None, 56, 56, 32)        18464     
                                                                 
 max_pooling2d_41 (MaxPoolin  (None, 28, 28, 32)       0         
 g2D)                                                            
                                                                 
 flatten_36 (Flatten)        (None, 25088)             0         
                                                                 
 dense_268 (Dense)           (None, 128)               3211392   
                                                                 
 activation_256 (Activation)  (None, 128)              0         
                                                                 
 dropout_116 (Dropout)       (None, 128)               0         
                                                                 
 dense_269 (Dense)           (None, 32)                4128      
                                                                 
 activation_257 (Activation)  (None, 32)               0         
                                                                 
 dropout_117 (Dropout)       (None, 32)                0         
                                                                 
 dense_270 (Dense)           (None, 2)                 66        
                                                                 
=================================================================
Total params: 3,272,713
Trainable params: 3,272,706
Non-trainable params: 7
_________________________________________________________________
Epoch 1/10

1/2 [==============>...............] - ETA: 1s - loss: 1.6006 - accuracy: 0.4375
2/2 [==============================] - ETA: 0s - loss: 2.0545 - accuracy: 0.5000
2/2 [==============================] - 2s 367ms/step - loss: 2.0545 - accuracy: 0.5000
Epoch 2/10

1/2 [==============>...............] - ETA: 0s - loss: 0.9001 - accuracy: 0.4688
2/2 [==============================] - ETA: 0s - loss: 1.1263 - accuracy: 0.4773
2/2 [==============================] - 1s 365ms/step - loss: 1.1263 - accuracy: 0.4773
Epoch 3/10

1/2 [==============>...............] - ETA: 0s - loss: 1.5465 - accuracy: 0.5000
2/2 [==============================] - ETA: 0s - loss: 1.2548 - accuracy: 0.5682
2/2 [==============================] - 1s 344ms/step - loss: 1.2548 - accuracy: 0.5682
Epoch 4/10

1/2 [==============>...............] - ETA: 0s - loss: 0.7369 - accuracy: 0.5938
2/2 [==============================] - ETA: 0s - loss: 0.7264 - accuracy: 0.5909
2/2 [==============================] - 1s 358ms/step - loss: 0.7264 - accuracy: 0.5909
Epoch 5/10

1/2 [==============>...............] - ETA: 0s - loss: 0.7448 - accuracy: 0.5000
2/2 [==============================] - ETA: 0s - loss: 0.7441 - accuracy: 0.5000
2/2 [==============================] - 1s 343ms/step - loss: 0.7441 - accuracy: 0.5000
Epoch 6/10

1/2 [==============>...............] - ETA: 0s - loss: 0.6235 - accuracy: 0.7500
2/2 [==============================] - ETA: 0s - loss: 0.6953 - accuracy: 0.6591
2/2 [==============================] - 1s 345ms/step - loss: 0.6953 - accuracy: 0.6591
Epoch 7/10

1/2 [==============>...............] - ETA: 0s - loss: 0.6758 - accuracy: 0.6562
2/2 [==============================] - ETA: 0s - loss: 0.6930 - accuracy: 0.6136
2/2 [==============================] - 1s 338ms/step - loss: 0.6930 - accuracy: 0.6136
Epoch 8/10

1/2 [==============>...............] - ETA: 0s - loss: 0.6765 - accuracy: 0.6875
2/2 [==============================] - ETA: 0s - loss: 0.6868 - accuracy: 0.6364
2/2 [==============================] - 1s 345ms/step - loss: 0.6868 - accuracy: 0.6364
Epoch 9/10

1/2 [==============>...............] - ETA: 0s - loss: 0.6772 - accuracy: 0.5625
2/2 [==============================] - ETA: 0s - loss: 0.6834 - accuracy: 0.5227
2/2 [==============================] - 1s 393ms/step - loss: 0.6834 - accuracy: 0.5227
Epoch 10/10

1/2 [==============>...............] - ETA: 0s - loss: 0.7031 - accuracy: 0.5000
2/2 [==============================] - ETA: 0s - loss: 0.6864 - accuracy: 0.6136
2/2 [==============================] - 1s 347ms/step - loss: 0.6864 - accuracy: 0.6136

1/1 [==============================] - ETA: 0s
1/1 [==============================] - 0s 142ms/step
[13:26:11]     EfficientNet       acc  50.00  bal-acc  50.00  sen 100.00  spe   0.00  f1  66.67   [14s]
================================
[⚠️] STIDNet 
================================
Model: "model_53"
_________________________________________________________________
 Layer (type)                Output Shape              Param #   
=================================================================
 input_55 (InputLayer)       [(None, 128, 128, 10)]    0         
                                                                 
 conv2d_54 (Conv2D)          (None, 126, 126, 16)      1456      
                                                                 
 max_pooling2d_42 (MaxPoolin  (None, 63, 63, 16)       0         
 g2D)                                                            
                                                                 
 conv2d_55 (Conv2D)          (None, 61, 61, 32)        4640      
                                                                 
 max_pooling2d_43 (MaxPoolin  (None, 30, 30, 32)       0         
 g2D)                                                            
                                                                 
 conv2d_56 (Conv2D)          (None, 28, 28, 64)        18496     
                                                                 
 max_pooling2d_44 (MaxPoolin  (None, 14, 14, 64)       0         
 g2D)                                                            
                                                                 
 flatten_37 (Flatten)        (None, 12544)             0         
                                                                 
 dense_271 (Dense)           (None, 256)               3211520   
                                                                 
 dropout_118 (Dropout)       (None, 256)               0         
                                                                 
 dense_272 (Dense)           (None, 256)               65792     
                                                                 
 dropout_119 (Dropout)       (None, 256)               0         
                                                                 
 dense_273 (Dense)           (None, 2)                 514       
                                                                 
=================================================================
Total params: 3,302,418
Trainable params: 3,302,418
Non-trainable params: 0
_________________________________________________________________
Model: "model_54"
_________________________________________________________________
 Layer (type)                Output Shape              Param #   
=================================================================
 input_56 (InputLayer)       [(None, 128, 128, 10)]    0         
                                                                 
 conv2d_57 (Conv2D)          (None, 126, 126, 64)      5824      
                                                                 
 max_pooling2d_45 (MaxPoolin  (None, 63, 63, 64)       0         
 g2D)                                                            
                                                                 
 conv2d_58 (Conv2D)          (None, 61, 61, 16)        9232      
                                                                 
 max_pooling2d_46 (MaxPoolin  (None, 30, 30, 16)       0         
 g2D)                                                            
                                                                 
 flatten_38 (Flatten)        (None, 14400)             0         
                                                                 
 dense_274 (Dense)           (None, 64)                921664    
                                                                 
 dropout_120 (Dropout)       (None, 64)                0         
                                                                 
 dense_275 (Dense)           (None, 2)                 130       
                                                                 
=================================================================
Total params: 936,850
Trainable params: 936,850
Non-trainable params: 0
_________________________________________________________________
Epoch 1/10

1/2 [==============>...............] - ETA: 0s - loss: 0.7040 - accuracy: 0.5312
2/2 [==============================] - ETA: 0s - loss: 0.8318 - accuracy: 0.5000
2/2 [==============================] - 1s 80ms/step - loss: 0.8318 - accuracy: 0.5000
Epoch 2/10

1/2 [==============>...............] - ETA: 0s - loss: 0.8314 - accuracy: 0.5938
2/2 [==============================] - ETA: 0s - loss: 0.8108 - accuracy: 0.5909
2/2 [==============================] - 0s 111ms/step - loss: 0.8108 - accuracy: 0.5909
Epoch 3/10

1/2 [==============>...............] - ETA: 0s - loss: 0.8065 - accuracy: 0.4062
2/2 [==============================] - ETA: 0s - loss: 0.7805 - accuracy: 0.4545
2/2 [==============================] - 0s 129ms/step - loss: 0.7805 - accuracy: 0.4545
Epoch 4/10

1/2 [==============>...............] - ETA: 0s - loss: 0.7439 - accuracy: 0.5000
2/2 [==============================] - ETA: 0s - loss: 0.7298 - accuracy: 0.4773
2/2 [==============================] - 0s 116ms/step - loss: 0.7298 - accuracy: 0.4773
Epoch 5/10

1/2 [==============>...............] - ETA: 0s - loss: 0.6626 - accuracy: 0.5938
2/2 [==============================] - ETA: 0s - loss: 0.6373 - accuracy: 0.6364
2/2 [==============================] - 0s 136ms/step - loss: 0.6373 - accuracy: 0.6364
Epoch 6/10

1/2 [==============>...............] - ETA: 0s - loss: 0.6209 - accuracy: 0.5938
2/2 [==============================] - ETA: 0s - loss: 0.6811 - accuracy: 0.5682
2/2 [==============================] - 0s 137ms/step - loss: 0.6811 - accuracy: 0.5682
Epoch 7/10

1/2 [==============>...............] - ETA: 0s - loss: 0.6279 - accuracy: 0.6250
2/2 [==============================] - ETA: 0s - loss: 0.6444 - accuracy: 0.6136
2/2 [==============================] - 0s 146ms/step - loss: 0.6444 - accuracy: 0.6136
Epoch 8/10

1/2 [==============>...............] - ETA: 0s - loss: 0.6511 - accuracy: 0.6875
2/2 [==============================] - ETA: 0s - loss: 0.6766 - accuracy: 0.6364
2/2 [==============================] - 0s 148ms/step - loss: 0.6766 - accuracy: 0.6364
Epoch 9/10

1/2 [==============>...............] - ETA: 0s - loss: 0.6142 - accuracy: 0.6250
2/2 [==============================] - ETA: 0s - loss: 0.6285 - accuracy: 0.6364
2/2 [==============================] - 0s 180ms/step - loss: 0.6285 - accuracy: 0.6364
Epoch 10/10

1/2 [==============>...............] - ETA: 0s - loss: 0.6601 - accuracy: 0.5312
2/2 [==============================] - ETA: 0s - loss: 0.6288 - accuracy: 0.6136
2/2 [==============================] - 0s 92ms/step - loss: 0.6288 - accuracy: 0.6136
Epoch 1/10

1/2 [==============>...............] - ETA: 0s - loss: 0.7396 - accuracy: 0.4062
2/2 [==============================] - ETA: 0s - loss: 0.9140 - accuracy: 0.4773
2/2 [==============================] - 1s 187ms/step - loss: 0.9140 - accuracy: 0.4773
Epoch 2/10

1/2 [==============>...............] - ETA: 0s - loss: 0.6121 - accuracy: 0.7188
2/2 [==============================] - ETA: 0s - loss: 0.6223 - accuracy: 0.7045
2/2 [==============================] - 1s 266ms/step - loss: 0.6223 - accuracy: 0.7045
Epoch 3/10

1/2 [==============>...............] - ETA: 0s - loss: 0.6601 - accuracy: 0.6250
2/2 [==============================] - ETA: 0s - loss: 0.6396 - accuracy: 0.6818
2/2 [==============================] - 1s 232ms/step - loss: 0.6396 - accuracy: 0.6818
Epoch 4/10

1/2 [==============>...............] - ETA: 0s - loss: 0.6917 - accuracy: 0.6562
2/2 [==============================] - ETA: 0s - loss: 0.7149 - accuracy: 0.6136
2/2 [==============================] - 1s 204ms/step - loss: 0.7149 - accuracy: 0.6136
Epoch 5/10

1/2 [==============>...............] - ETA: 0s - loss: 0.5983 - accuracy: 0.6250
2/2 [==============================] - ETA: 0s - loss: 0.5873 - accuracy: 0.6818
2/2 [==============================] - 1s 221ms/step - loss: 0.5873 - accuracy: 0.6818
Epoch 6/10

1/2 [==============>...............] - ETA: 0s - loss: 0.5595 - accuracy: 0.8125
2/2 [==============================] - ETA: 0s - loss: 0.5666 - accuracy: 0.7500
2/2 [==============================] - 1s 206ms/step - loss: 0.5666 - accuracy: 0.7500
Epoch 7/10

1/2 [==============>...............] - ETA: 0s - loss: 0.4751 - accuracy: 0.7812
2/2 [==============================] - ETA: 0s - loss: 0.4574 - accuracy: 0.8182
2/2 [==============================] - 1s 223ms/step - loss: 0.4574 - accuracy: 0.8182
Epoch 8/10

1/2 [==============>...............] - ETA: 0s - loss: 0.4671 - accuracy: 0.8125
2/2 [==============================] - ETA: 0s - loss: 0.4605 - accuracy: 0.8182
2/2 [==============================] - 1s 238ms/step - loss: 0.4605 - accuracy: 0.8182
Epoch 9/10

1/2 [==============>...............] - ETA: 0s - loss: 0.3873 - accuracy: 0.8438
2/2 [==============================] - ETA: 0s - loss: 0.4026 - accuracy: 0.8182
2/2 [==============================] - 1s 191ms/step - loss: 0.4026 - accuracy: 0.8182
Epoch 10/10

1/2 [==============>...............] - ETA: 0s - loss: 0.3015 - accuracy: 0.9688
2/2 [==============================] - ETA: 0s - loss: 0.3077 - accuracy: 0.9318
2/2 [==============================] - 1s 274ms/step - loss: 0.3077 - accuracy: 0.9318
Epoch 1/10

1/2 [==============>...............] - ETA: 1s - accuracy: 0.7812 - loss: 0.0602 - student_loss: 0.3199 - distillation_loss: 0.0314
2/2 [==============================] - ETA: 0s - accuracy: 0.7949 - loss: 0.0618 - student_loss: 0.4016 - distillation_loss: 0.0241
2/2 [==============================] - 2s 310ms/step - accuracy: 0.7949 - loss: 0.0624 - student_loss: 0.4289 - distillation_loss: 0.0216 - val_accuracy: 1.0000 - val_student_loss: 0.3372
Epoch 2/10

1/2 [==============>...............] - ETA: 0s - accuracy: 0.6562 - loss: 0.0602 - student_loss: 0.5640 - distillation_loss: 0.0043
2/2 [==============================] - ETA: 0s - accuracy: 0.6410 - loss: 0.0632 - student_loss: 0.6058 - distillation_loss: 0.0029
2/2 [==============================] - 1s 194ms/step - accuracy: 0.6410 - loss: 0.0642 - student_loss: 0.6198 - distillation_loss: 0.0024 - val_accuracy: 1.0000 - val_student_loss: 0.5286
Epoch 3/10

1/2 [==============>...............] - ETA: 0s - accuracy: 0.8750 - loss: 0.0598 - student_loss: 0.5861 - distillation_loss: 0.0013
2/2 [==============================] - ETA: 0s - accuracy: 0.8462 - loss: 0.0619 - student_loss: 0.6086 - distillation_loss: 0.0011
2/2 [==============================] - 1s 228ms/step - accuracy: 0.8462 - loss: 0.0626 - student_loss: 0.6160 - distillation_loss: 0.0011 - val_accuracy: 1.0000 - val_student_loss: 0.5936
Epoch 4/10

1/2 [==============>...............] - ETA: 0s - accuracy: 0.8750 - loss: 0.0578 - student_loss: 0.5709 - distillation_loss: 8.3648e-04
2/2 [==============================] - ETA: 0s - accuracy: 0.8718 - loss: 0.0619 - student_loss: 0.6136 - distillation_loss: 6.3498e-04
2/2 [==============================] - 1s 199ms/step - accuracy: 0.8718 - loss: 0.0633 - student_loss: 0.6279 - distillation_loss: 5.6782e-04 - val_accuracy: 0.2000 - val_student_loss: 0.6380
Epoch 5/10

1/2 [==============>...............] - ETA: 0s - accuracy: 0.8125 - loss: 0.0579 - student_loss: 0.5710 - distillation_loss: 9.2179e-04
2/2 [==============================] - ETA: 0s - accuracy: 0.8205 - loss: 0.0545 - student_loss: 0.5352 - distillation_loss: 0.0010    
2/2 [==============================] - 1s 221ms/step - accuracy: 0.8205 - loss: 0.0533 - student_loss: 0.5232 - distillation_loss: 0.0011 - val_accuracy: 0.2000 - val_student_loss: 0.8284
Epoch 6/10

1/2 [==============>...............] - ETA: 0s - accuracy: 0.8125 - loss: 0.0473 - student_loss: 0.4410 - distillation_loss: 0.0036
2/2 [==============================] - ETA: 0s - accuracy: 0.7949 - loss: 0.0571 - student_loss: 0.5368 - distillation_loss: 0.0038
2/2 [==============================] - 1s 217ms/step - accuracy: 0.7949 - loss: 0.0603 - student_loss: 0.5687 - distillation_loss: 0.0039 - val_accuracy: 0.2000 - val_student_loss: 0.9799
Epoch 7/10

1/2 [==============>...............] - ETA: 0s - accuracy: 0.7500 - loss: 0.0519 - student_loss: 0.4606 - distillation_loss: 0.0065
2/2 [==============================] - ETA: 0s - accuracy: 0.7692 - loss: 0.0483 - student_loss: 0.4363 - distillation_loss: 0.0052
2/2 [==============================] - 1s 210ms/step - accuracy: 0.7692 - loss: 0.0471 - student_loss: 0.4282 - distillation_loss: 0.0047 - val_accuracy: 0.4000 - val_student_loss: 0.6640
Epoch 8/10

1/2 [==============>...............] - ETA: 0s - accuracy: 0.9062 - loss: 0.0432 - student_loss: 0.3918 - distillation_loss: 0.0044
2/2 [==============================] - ETA: 0s - accuracy: 0.8718 - loss: 0.0474 - student_loss: 0.4287 - distillation_loss: 0.0050
2/2 [==============================] - 1s 234ms/step - accuracy: 0.8718 - loss: 0.0488 - student_loss: 0.4410 - distillation_loss: 0.0052 - val_accuracy: 0.4000 - val_student_loss: 0.6606
Epoch 9/10

1/2 [==============>...............] - ETA: 0s - accuracy: 0.8438 - loss: 0.0431 - student_loss: 0.3873 - distillation_loss: 0.0048
2/2 [==============================] - ETA: 0s - accuracy: 0.8205 - loss: 0.0451 - student_loss: 0.3723 - distillation_loss: 0.0088
2/2 [==============================] - 1s 236ms/step - accuracy: 0.8205 - loss: 0.0458 - student_loss: 0.3673 - distillation_loss: 0.0101 - val_accuracy: 0.8000 - val_student_loss: 0.4974
Epoch 10/10

1/2 [==============>...............] - ETA: 0s - accuracy: 1.0000 - loss: 0.0337 - student_loss: 0.2712 - distillation_loss: 0.0073
2/2 [==============================] - ETA: 0s - accuracy: 0.9231 - loss: 0.0421 - student_loss: 0.3676 - distillation_loss: 0.0059
2/2 [==============================] - 1s 165ms/step - accuracy: 0.9231 - loss: 0.0449 - student_loss: 0.3998 - distillation_loss: 0.0055 - val_accuracy: 0.8000 - val_student_loss: 0.3862

1/1 [==============================] - ETA: 0s
1/1 [==============================] - 0s 120ms/step
[13:26:32]     STIDNet            acc  66.67  bal-acc  66.67  sen  66.67  spe  66.67  f1  66.67   [21s]
================================
[⚠️] CNN 
================================
Model: "model_55"
_________________________________________________________________
 Layer (type)                Output Shape              Param #   
=================================================================
 input_57 (InputLayer)       [(None, 128, 128, 10)]    0         
                                                                 
 conv2d_59 (Conv2D)          (None, 128, 128, 16)      1456      
                                                                 
 activation_258 (Activation)  (None, 128, 128, 16)     0         
                                                                 
 max_pooling2d_47 (MaxPoolin  (None, 128, 128, 16)     0         
 g2D)                                                            
                                                                 
 conv2d_60 (Conv2D)          (None, 128, 128, 32)      4640      
                                                                 
 activation_259 (Activation)  (None, 128, 128, 32)     0         
                                                                 
 max_pooling2d_48 (MaxPoolin  (None, 128, 128, 32)     0         
 g2D)                                                            
                                                                 
 conv2d_61 (Conv2D)          (None, 128, 128, 64)      18496     
                                                                 
 activation_260 (Activation)  (None, 128, 128, 64)     0         
                                                                 
 batch_normalization_60 (Bat  (None, 128, 128, 64)     256       
 chNormalization)                                                
                                                                 
 max_pooling2d_49 (MaxPoolin  (None, 128, 128, 64)     0         
 g2D)                                                            
                                                                 
 dropout_121 (Dropout)       (None, 128, 128, 64)      0         
                                                                 
 flatten_39 (Flatten)        (None, 1048576)           0         
                                                                 
 dense_276 (Dense)           (None, 100)               104857700 
                                                                 
 activation_261 (Activation)  (None, 100)              0         
                                                                 
 batch_normalization_61 (Bat  (None, 100)              400       
 chNormalization)                                                
                                                                 
 dropout_122 (Dropout)       (None, 100)               0         
                                                                 
 dense2c (Dense)             (None, 64)                6464      
                                                                 
 activation_262 (Activation)  (None, 64)               0         
                                                                 
 batch_normalization_62 (Bat  (None, 64)               256       
 chNormalization)                                                
                                                                 
 dropout_123 (Dropout)       (None, 64)                0         
                                                                 
 dense_277 (Dense)           (None, 2)                 130       
                                                                 
=================================================================
Total params: 104,889,798
Trainable params: 104,889,342
Non-trainable params: 456
_________________________________________________________________
Epoch 1/10

1/2 [==============>...............] - ETA: 2s - loss: 1.3746 - accuracy: 0.5312
2/2 [==============================] - ETA: 0s - loss: 1.4520 - accuracy: 0.5455
2/2 [==============================] - 4s 829ms/step - loss: 1.4520 - accuracy: 0.5455
Epoch 2/10

1/2 [==============>...............] - ETA: 1s - loss: 1.2524 - accuracy: 0.4688
2/2 [==============================] - ETA: 0s - loss: 1.0515 - accuracy: 0.5227
2/2 [==============================] - 3s 893ms/step - loss: 1.0515 - accuracy: 0.5227
Epoch 3/10

1/2 [==============>...............] - ETA: 1s - loss: 0.6809 - accuracy: 0.5938
2/2 [==============================] - ETA: 0s - loss: 0.7980 - accuracy: 0.6364
2/2 [==============================] - 3s 861ms/step - loss: 0.7980 - accuracy: 0.6364
Epoch 4/10

1/2 [==============>...............] - ETA: 1s - loss: 0.6587 - accuracy: 0.5938
2/2 [==============================] - ETA: 0s - loss: 0.5658 - accuracy: 0.6818
2/2 [==============================] - 3s 813ms/step - loss: 0.5658 - accuracy: 0.6818
Epoch 5/10

1/2 [==============>...............] - ETA: 1s - loss: 0.8841 - accuracy: 0.6250
2/2 [==============================] - ETA: 0s - loss: 0.8240 - accuracy: 0.6364
2/2 [==============================] - 3s 818ms/step - loss: 0.8240 - accuracy: 0.6364
Epoch 6/10

1/2 [==============>...............] - ETA: 1s - loss: 1.1603 - accuracy: 0.5000
2/2 [==============================] - ETA: 0s - loss: 1.2204 - accuracy: 0.5000
2/2 [==============================] - 3s 853ms/step - loss: 1.2204 - accuracy: 0.5000
Epoch 7/10

1/2 [==============>...............] - ETA: 2s - loss: 1.0423 - accuracy: 0.5625
2/2 [==============================] - ETA: 0s - loss: 0.9250 - accuracy: 0.5909
2/2 [==============================] - 3s 873ms/step - loss: 0.9250 - accuracy: 0.5909
Epoch 8/10

1/2 [==============>...............] - ETA: 2s - loss: 0.8331 - accuracy: 0.5000
2/2 [==============================] - ETA: 0s - loss: 0.8420 - accuracy: 0.5000
2/2 [==============================] - 3s 870ms/step - loss: 0.8420 - accuracy: 0.5000
Epoch 9/10

1/2 [==============>...............] - ETA: 2s - loss: 1.2049 - accuracy: 0.5938
2/2 [==============================] - ETA: 0s - loss: 1.1081 - accuracy: 0.6136
2/2 [==============================] - 3s 889ms/step - loss: 1.1081 - accuracy: 0.6136
Epoch 10/10

1/2 [==============>...............] - ETA: 1s - loss: 0.6265 - accuracy: 0.7500
2/2 [==============================] - ETA: 0s - loss: 0.8282 - accuracy: 0.6818
2/2 [==============================] - 3s 825ms/step - loss: 0.8282 - accuracy: 0.6818

1/1 [==============================] - ETA: 0s
1/1 [==============================] - 0s 230ms/step
[13:27:02]     DCNN               acc  33.33  bal-acc  33.33  sen  33.33  spe  33.33  f1  33.33   [30s]
================================
[⚠️] GLCM 
================================
Model: "model_56"
_________________________________________________________________
 Layer (type)                Output Shape              Param #   
=================================================================
 input_58 (InputLayer)       [(None, 10, 12)]          0         
                                                                 
 conv1d_8 (Conv1D)           (None, 10, 32)            1184      
                                                                 
 activation_263 (Activation)  (None, 10, 32)           0         
                                                                 
 dropout_124 (Dropout)       (None, 10, 32)            0         
                                                                 
 max_pooling1d_8 (MaxPooling  (None, 5, 32)            0         
 1D)                                                             
                                                                 
 conv1d_9 (Conv1D)           (None, 5, 64)             6208      
                                                                 
 activation_264 (Activation)  (None, 5, 64)            0         
                                                                 
 max_pooling1d_9 (MaxPooling  (None, 3, 64)            0         
 1D)                                                             
                                                                 
 flatten_40 (Flatten)        (None, 192)               0         
                                                                 
 dense_278 (Dense)           (None, 32)                6176      
                                                                 
 activation_265 (Activation)  (None, 32)               0         
                                                                 
 dense_279 (Dense)           (None, 2)                 66        
                                                                 
 activation_266 (Activation)  (None, 2)                0         
                                                                 
=================================================================
Total params: 13,634
Trainable params: 13,634
Non-trainable params: 0
_________________________________________________________________
Epoch 1/10

1/2 [==============>...............] - ETA: 0s - loss: 98.9887 - accuracy: 0.5938
2/2 [==============================] - 0s 0s/step - loss: 109.5629 - accuracy: 0.5227
Epoch 2/10

1/2 [==============>...............] - ETA: 0s - loss: 70.6710 - accuracy: 0.6250
2/2 [==============================] - 0s 4ms/step - loss: 60.1779 - accuracy: 0.5909
Epoch 3/10

1/2 [==============>...............] - ETA: 0s - loss: 83.6543 - accuracy: 0.4375
2/2 [==============================] - 0s 0s/step - loss: 84.0969 - accuracy: 0.4545
Epoch 4/10

1/2 [==============>...............] - ETA: 0s - loss: 85.1650 - accuracy: 0.5625
2/2 [==============================] - 0s 5ms/step - loss: 68.3964 - accuracy: 0.5909
Epoch 5/10

1/2 [==============>...............] - ETA: 0s - loss: 35.8848 - accuracy: 0.6250
2/2 [==============================] - 0s 5ms/step - loss: 39.4224 - accuracy: 0.6818
Epoch 6/10

1/2 [==============>...............] - ETA: 0s - loss: 85.2363 - accuracy: 0.6250
2/2 [==============================] - 0s 4ms/step - loss: 72.3907 - accuracy: 0.6136
Epoch 7/10

1/2 [==============>...............] - ETA: 0s - loss: 42.0719 - accuracy: 0.6875
2/2 [==============================] - 0s 0s/step - loss: 39.8404 - accuracy: 0.6591
Epoch 8/10

1/2 [==============>...............] - ETA: 0s - loss: 91.9473 - accuracy: 0.5312
2/2 [==============================] - 0s 2ms/step - loss: 84.0107 - accuracy: 0.5682
Epoch 9/10

1/2 [==============>...............] - ETA: 0s - loss: 94.4579 - accuracy: 0.3438
2/2 [==============================] - 0s 8ms/step - loss: 77.4417 - accuracy: 0.4091
Epoch 10/10

1/2 [==============>...............] - ETA: 0s - loss: 54.7974 - accuracy: 0.5938
2/2 [==============================] - 0s 6ms/step - loss: 47.2194 - accuracy: 0.6364

1/1 [==============================] - ETA: 0s
1/1 [==============================] - 0s 68ms/step
[13:27:03]     GLCM               acc  50.00  bal-acc  50.00  sen 100.00  spe   0.00  f1  66.67   [1s]
================================
[⚠️] 3DCNN Based Distributed LSTM with Modified Pooling 
================================
linspaced [0.09090909 0.18181818 0.27272727 0.36363636 0.45454545 0.54545455
 0.63636364 0.72727273 0.81818182 0.90909091 1.        ]
channel is 128
channel is 128
channel is 128
channel is 128
channel is 128
channel is 128
channel is 128
channel is 128
channel is 128
channel is 128
channel is 128
(None, 1, 128)
Model: "model_57"
__________________________________________________________________________________________________
 Layer (type)                   Output Shape         Param #     Connected to                     
==================================================================================================
 input_59 (InputLayer)          [(None, 10, 128, 12  0           []                               
                                8, 12)]                                                           
                                                                                                  
 conv3d_48 (Conv3D)             (None, 10, 128, 128  5200        ['input_59[0][0]']               
                                , 16)                                                             
                                                                                                  
 activation_267 (Activation)    (None, 10, 128, 128  0           ['conv3d_48[0][0]']              
                                , 16)                                                             
                                                                                                  
 max_pooling3d_48 (MaxPooling3D  (None, 10, 128, 128  0          ['activation_267[0][0]']         
 )                              , 16)                                                             
                                                                                                  
 average_pooling3d_48 (AverageP  (None, 10, 128, 128  0          ['activation_267[0][0]']         
 ooling3D)                      , 16)                                                             
                                                                                                  
 lambda_48 (Lambda)             (None, 10, 128, 128  0           ['max_pooling3d_48[0][0]',       
                                , 16)                             'average_pooling3d_48[0][0]']   
                                                                                                  
 conv3d_49 (Conv3D)             (None, 8, 126, 126,  13856       ['lambda_48[0][0]']              
                                 32)                                                              
                                                                                                  
 activation_268 (Activation)    (None, 8, 126, 126,  0           ['conv3d_49[0][0]']              
                                 32)                                                              
                                                                                                  
 max_pooling3d_49 (MaxPooling3D  (None, 4, 63, 63, 3  0          ['activation_268[0][0]']         
 )                              2)                                                                
                                                                                                  
 average_pooling3d_49 (AverageP  (None, 4, 63, 63, 3  0          ['activation_268[0][0]']         
 ooling3D)                      2)                                                                
                                                                                                  
 lambda_49 (Lambda)             (None, 4, 63, 63, 3  0           ['max_pooling3d_49[0][0]',       
                                2)                                'average_pooling3d_49[0][0]']   
                                                                                                  
 conv3d_50 (Conv3D)             (None, 2, 61, 61, 6  55360       ['lambda_49[0][0]']              
                                4)                                                                
                                                                                                  
 activation_269 (Activation)    (None, 2, 61, 61, 6  0           ['conv3d_50[0][0]']              
                                4)                                                                
                                                                                                  
 batch_normalization_63 (BatchN  (None, 2, 61, 61, 6  256        ['activation_269[0][0]']         
 ormalization)                  4)                                                                
                                                                                                  
 max_pooling3d_50 (MaxPooling3D  (None, 1, 31, 31, 6  0          ['batch_normalization_63[0][0]'] 
 )                              4)                                                                
                                                                                                  
 average_pooling3d_50 (AverageP  (None, 1, 31, 31, 6  0          ['batch_normalization_63[0][0]'] 
 ooling3D)                      4)                                                                
                                                                                                  
 lambda_50 (Lambda)             (None, 1, 31, 31, 6  0           ['max_pooling3d_50[0][0]',       
                                4)                                'average_pooling3d_50[0][0]']   
                                                                                                  
 dropout_125 (Dropout)          (None, 1, 31, 31, 6  0           ['lambda_50[0][0]']              
                                4)                                                                
                                                                                                  
 reshape_164 (Reshape)          (None, 31, 31, 64)   0           ['dropout_125[0][0]']            
                                                                                                  
 reshape_165 (Reshape)          (None, 31, 1984)     0           ['reshape_164[0][0]']            
                                                                                                  
 lstm_32 (LSTM)                 (None, 128)          1081856     ['reshape_165[0][0]']            
                                                                                                  
 lstm_33 (LSTM)                 (None, 128)          1081856     ['reshape_165[0][0]']            
                                                                                                  
 add_16 (Add)                   (None, 128)          0           ['lstm_32[0][0]',                
                                                                  'lstm_33[0][0]']                
                                                                                                  
 reshape_166 (Reshape)          (None, 1, 128)       0           ['add_16[0][0]']                 
                                                                                                  
 reshape_167 (Reshape)          (None, 1, 128)       0           ['add_16[0][0]']                 
                                                                                                  
 reshape_168 (Reshape)          (None, 1, 128)       0           ['add_16[0][0]']                 
                                                                                                  
 reshape_169 (Reshape)          (None, 1, 128)       0           ['add_16[0][0]']                 
                                                                                                  
 reshape_170 (Reshape)          (None, 1, 128)       0           ['add_16[0][0]']                 
                                                                                                  
 reshape_171 (Reshape)          (None, 1, 128)       0           ['add_16[0][0]']                 
                                                                                                  
 reshape_172 (Reshape)          (None, 1, 128)       0           ['add_16[0][0]']                 
                                                                                                  
 reshape_173 (Reshape)          (None, 1, 128)       0           ['add_16[0][0]']                 
                                                                                                  
 reshape_174 (Reshape)          (None, 1, 128)       0           ['add_16[0][0]']                 
                                                                                                  
 reshape_175 (Reshape)          (None, 1, 128)       0           ['add_16[0][0]']                 
                                                                                                  
 reshape_176 (Reshape)          (None, 1, 128)       0           ['add_16[0][0]']                 
                                                                                                  
 dense_280 (Dense)              (None, 1, 11)        1419        ['reshape_166[0][0]']            
                                                                                                  
 dense_281 (Dense)              (None, 1, 23)        2967        ['reshape_167[0][0]']            
                                                                                                  
 dense_282 (Dense)              (None, 1, 34)        4386        ['reshape_168[0][0]']            
                                                                                                  
 dense_283 (Dense)              (None, 1, 46)        5934        ['reshape_169[0][0]']            
                                                                                                  
 dense_284 (Dense)              (None, 1, 58)        7482        ['reshape_170[0][0]']            
                                                                                                  
 dense_285 (Dense)              (None, 1, 69)        8901        ['reshape_171[0][0]']            
                                                                                                  
 dense_286 (Dense)              (None, 1, 81)        10449       ['reshape_172[0][0]']            
                                                                                                  
 dense_287 (Dense)              (None, 1, 93)        11997       ['reshape_173[0][0]']            
                                                                                                  
 dense_288 (Dense)              (None, 1, 104)       13416       ['reshape_174[0][0]']            
                                                                                                  
 dense_289 (Dense)              (None, 1, 116)       14964       ['reshape_175[0][0]']            
                                                                                                  
 dense_290 (Dense)              (None, 1, 128)       16512       ['reshape_176[0][0]']            
                                                                                                  
 activation_270 (Activation)    (None, 1, 11)        0           ['dense_280[0][0]']              
                                                                                                  
 activation_271 (Activation)    (None, 1, 23)        0           ['dense_281[0][0]']              
                                                                                                  
 activation_272 (Activation)    (None, 1, 34)        0           ['dense_282[0][0]']              
                                                                                                  
 activation_273 (Activation)    (None, 1, 46)        0           ['dense_283[0][0]']              
                                                                                                  
 activation_274 (Activation)    (None, 1, 58)        0           ['dense_284[0][0]']              
                                                                                                  
 activation_275 (Activation)    (None, 1, 69)        0           ['dense_285[0][0]']              
                                                                                                  
 activation_276 (Activation)    (None, 1, 81)        0           ['dense_286[0][0]']              
                                                                                                  
 activation_277 (Activation)    (None, 1, 93)        0           ['dense_287[0][0]']              
                                                                                                  
 activation_278 (Activation)    (None, 1, 104)       0           ['dense_288[0][0]']              
                                                                                                  
 activation_279 (Activation)    (None, 1, 116)       0           ['dense_289[0][0]']              
                                                                                                  
 activation_280 (Activation)    (None, 1, 128)       0           ['dense_290[0][0]']              
                                                                                                  
 excitation_0.091 (Dense)       (None, 1, 128)       1536        ['activation_270[0][0]']         
                                                                                                  
 excitation_0.182 (Dense)       (None, 1, 128)       3072        ['activation_271[0][0]']         
                                                                                                  
 excitation_0.273 (Dense)       (None, 1, 128)       4480        ['activation_272[0][0]']         
                                                                                                  
 excitation_0.364 (Dense)       (None, 1, 128)       6016        ['activation_273[0][0]']         
                                                                                                  
 excitation_0.455 (Dense)       (None, 1, 128)       7552        ['activation_274[0][0]']         
                                                                                                  
 excitation_0.545 (Dense)       (None, 1, 128)       8960        ['activation_275[0][0]']         
                                                                                                  
 excitation_0.636 (Dense)       (None, 1, 128)       10496       ['activation_276[0][0]']         
                                                                                                  
 excitation_0.727 (Dense)       (None, 1, 128)       12032       ['activation_277[0][0]']         
                                                                                                  
 excitation_0.818 (Dense)       (None, 1, 128)       13440       ['activation_278[0][0]']         
                                                                                                  
 excitation_0.909 (Dense)       (None, 1, 128)       14976       ['activation_279[0][0]']         
                                                                                                  
 excitation_1 (Dense)           (None, 1, 128)       16512       ['activation_280[0][0]']         
                                                                                                  
 average_12 (Average)           (None, 1, 128)       0           ['excitation_0.091[0][0]',       
                                                                  'excitation_0.182[0][0]',       
                                                                  'excitation_0.273[0][0]',       
                                                                  'excitation_0.364[0][0]',       
                                                                  'excitation_0.455[0][0]',       
                                                                  'excitation_0.545[0][0]',       
                                                                  'excitation_0.636[0][0]',       
                                                                  'excitation_0.727[0][0]',       
                                                                  'excitation_0.818[0][0]',       
                                                                  'excitation_0.909[0][0]',       
                                                                  'excitation_1[0][0]']           
                                                                                                  
 normalized_attention (LayerNor  (None, 1, 128)      256         ['average_12[0][0]']             
 malization)                                                                                      
                                                                                                  
 hadamard (Multiply)            (None, 1, 128)       0           ['add_16[0][0]',                 
                                                                  'normalized_attention[0][0]']   
                                                                                                  
 normalized_attention2 (LayerNo  (None, 1, 128)      256         ['hadamard[0][0]']               
 rmalization)                                                                                     
                                                                                                  
 trainableatt (TrainableAttenti  (None, 1, 128)      16384       ['normalized_attention2[0][0]']  
 on)                                                                                              
                                                                                                  
 dense_291 (Dense)              (None, 1, 128)       16384       ['trainableatt[0][0]']           
                                                                                                  
 dense_292 (Dense)              (None, 1, 128)       16384       ['dense_291[0][0]']              
                                                                                                  
 flatten_41 (Flatten)           (None, 128)          0           ['dense_292[0][0]']              
                                                                                                  
 dense_293 (Dense)              (None, 100)          12900       ['flatten_41[0][0]']             
                                                                                                  
 activation_281 (Activation)    (None, 100)          0           ['dense_293[0][0]']              
                                                                                                  
 batch_normalization_64 (BatchN  (None, 100)         400         ['activation_281[0][0]']         
 ormalization)                                                                                    
                                                                                                  
 dropout_126 (Dropout)          (None, 100)          0           ['batch_normalization_64[0][0]'] 
                                                                                                  
 dense2c (Dense)                (None, 64)           6464        ['dropout_126[0][0]']            
                                                                                                  
 activation_282 (Activation)    (None, 64)           0           ['dense2c[0][0]']                
                                                                                                  
 batch_normalization_65 (BatchN  (None, 64)          256         ['activation_282[0][0]']         
 ormalization)                                                                                    
                                                                                                  
 dropout_127 (Dropout)          (None, 64)           0           ['batch_normalization_65[0][0]'] 
                                                                                                  
 dense_294 (Dense)              (None, 2)            130         ['dropout_127[0][0]']            
                                                                                                  
==================================================================================================
Total params: 2,505,697
Trainable params: 2,505,241
Non-trainable params: 456
__________________________________________________________________________________________________
Epoch 1/10

1/2 [==============>...............] - ETA: 24s - loss: 0.6933 - accuracy: 0.4375
2/2 [==============================] - ETA: 0s - loss: 0.8688 - accuracy: 0.4545 
2/2 [==============================] - 33s 8s/step - loss: 0.8688 - accuracy: 0.4545
Epoch 2/10

1/2 [==============>...............] - ETA: 17s - loss: 0.9297 - accuracy: 0.5625
2/2 [==============================] - ETA: 0s - loss: 1.0853 - accuracy: 0.5227 
2/2 [==============================] - 26s 8s/step - loss: 1.0853 - accuracy: 0.5227
Epoch 3/10

1/2 [==============>...............] - ETA: 27s - loss: 0.7835 - accuracy: 0.6875
2/2 [==============================] - ETA: 0s - loss: 0.8366 - accuracy: 0.6818 
2/2 [==============================] - 44s 16s/step - loss: 0.8366 - accuracy: 0.6818
Epoch 4/10

1/2 [==============>...............] - ETA: 16s - loss: 0.7236 - accuracy: 0.6875
2/2 [==============================] - ETA: 0s - loss: 0.8962 - accuracy: 0.6136 
2/2 [==============================] - 24s 8s/step - loss: 0.8962 - accuracy: 0.6136
Epoch 5/10

1/2 [==============>...............] - ETA: 22s - loss: 0.5887 - accuracy: 0.6875
2/2 [==============================] - ETA: 0s - loss: 0.7079 - accuracy: 0.6136 
2/2 [==============================] - 42s 19s/step - loss: 0.7079 - accuracy: 0.6136
Epoch 6/10

1/2 [==============>...............] - ETA: 42s - loss: 0.6065 - accuracy: 0.6250
2/2 [==============================] - ETA: 0s - loss: 0.5760 - accuracy: 0.6591 
2/2 [==============================] - 57s 15s/step - loss: 0.5760 - accuracy: 0.6591
Epoch 7/10

1/2 [==============>...............] - ETA: 35s - loss: 0.9343 - accuracy: 0.5625
2/2 [==============================] - ETA: 0s - loss: 1.0232 - accuracy: 0.5455 
2/2 [==============================] - 51s 15s/step - loss: 1.0232 - accuracy: 0.5455
Epoch 8/10

1/2 [==============>...............] - ETA: 35s - loss: 0.5291 - accuracy: 0.6875
2/2 [==============================] - ETA: 0s - loss: 0.7528 - accuracy: 0.6136 
2/2 [==============================] - 51s 15s/step - loss: 0.7528 - accuracy: 0.6136
Epoch 9/10

1/2 [==============>...............] - ETA: 35s - loss: 0.6934 - accuracy: 0.7500
2/2 [==============================] - ETA: 0s - loss: 0.7400 - accuracy: 0.7500 
2/2 [==============================] - 50s 15s/step - loss: 0.7400 - accuracy: 0.7500
Epoch 10/10

1/2 [==============>...............] - ETA: 34s - loss: 0.8815 - accuracy: 0.7500
2/2 [==============================] - ETA: 0s - loss: 0.9379 - accuracy: 0.6818 
2/2 [==============================] - 49s 15s/step - loss: 0.9379 - accuracy: 0.6818

1/1 [==============================] - ETA: 0s
1/1 [==============================] - 4s 4s/step
[13:34:16]     MUSE-CLMPNet       acc  50.00  bal-acc  50.00  sen 100.00  spe   0.00  f1  66.67   [433s]
================================
[⚠️] 3DCNN Based Distributed LSTM with Modified Pooling 
================================
Model: "model_58"
__________________________________________________________________________________________________
 Layer (type)                   Output Shape         Param #     Connected to                     
==================================================================================================
 input_60 (InputLayer)          [(None, 10, 128, 12  0           []                               
                                8, 12)]                                                           
                                                                                                  
 conv3d_51 (Conv3D)             (None, 10, 128, 128  5200        ['input_60[0][0]']               
                                , 16)                                                             
                                                                                                  
 activation_283 (Activation)    (None, 10, 128, 128  0           ['conv3d_51[0][0]']              
                                , 16)                                                             
                                                                                                  
 max_pooling3d_51 (MaxPooling3D  (None, 10, 128, 128  0          ['activation_283[0][0]']         
 )                              , 16)                                                             
                                                                                                  
 average_pooling3d_51 (AverageP  (None, 10, 128, 128  0          ['activation_283[0][0]']         
 ooling3D)                      , 16)                                                             
                                                                                                  
 lambda_51 (Lambda)             (None, 10, 128, 128  0           ['max_pooling3d_51[0][0]',       
                                , 16)                             'average_pooling3d_51[0][0]']   
                                                                                                  
 conv3d_52 (Conv3D)             (None, 8, 126, 126,  13856       ['lambda_51[0][0]']              
                                 32)                                                              
                                                                                                  
 activation_284 (Activation)    (None, 8, 126, 126,  0           ['conv3d_52[0][0]']              
                                 32)                                                              
                                                                                                  
 max_pooling3d_52 (MaxPooling3D  (None, 4, 63, 63, 3  0          ['activation_284[0][0]']         
 )                              2)                                                                
                                                                                                  
 average_pooling3d_52 (AverageP  (None, 4, 63, 63, 3  0          ['activation_284[0][0]']         
 ooling3D)                      2)                                                                
                                                                                                  
 lambda_52 (Lambda)             (None, 4, 63, 63, 3  0           ['max_pooling3d_52[0][0]',       
                                2)                                'average_pooling3d_52[0][0]']   
                                                                                                  
 conv3d_53 (Conv3D)             (None, 2, 61, 61, 6  55360       ['lambda_52[0][0]']              
                                4)                                                                
                                                                                                  
 activation_285 (Activation)    (None, 2, 61, 61, 6  0           ['conv3d_53[0][0]']              
                                4)                                                                
                                                                                                  
 batch_normalization_66 (BatchN  (None, 2, 61, 61, 6  256        ['activation_285[0][0]']         
 ormalization)                  4)                                                                
                                                                                                  
 max_pooling3d_53 (MaxPooling3D  (None, 1, 31, 31, 6  0          ['batch_normalization_66[0][0]'] 
 )                              4)                                                                
                                                                                                  
 average_pooling3d_53 (AverageP  (None, 1, 31, 31, 6  0          ['batch_normalization_66[0][0]'] 
 ooling3D)                      4)                                                                
                                                                                                  
 lambda_53 (Lambda)             (None, 1, 31, 31, 6  0           ['max_pooling3d_53[0][0]',       
                                4)                                'average_pooling3d_53[0][0]']   
                                                                                                  
 dropout_128 (Dropout)          (None, 1, 31, 31, 6  0           ['lambda_53[0][0]']              
                                4)                                                                
                                                                                                  
 reshape_177 (Reshape)          (None, 31, 31, 64)   0           ['dropout_128[0][0]']            
                                                                                                  
 spatial_and_channel_joint_atte  (None, 31, 31, 64)  0           ['reshape_177[0][0]']            
 ntion_12 (SpatialAndChannelJoi                                                                   
 ntAttention)                                                                                     
                                                                                                  
 reshape_178 (Reshape)          (None, 31, 1984)     0           ['spatial_and_channel_joint_atten
                                                                 tion_12[0][0]']                  
                                                                                                  
 lstm_34 (LSTM)                 (None, 128)          1081856     ['reshape_178[0][0]']            
                                                                                                  
 lstm_35 (LSTM)                 (None, 128)          1081856     ['reshape_178[0][0]']            
                                                                                                  
 add_17 (Add)                   (None, 128)          0           ['lstm_34[0][0]',                
                                                                  'lstm_35[0][0]']                
                                                                                                  
 flatten_42 (Flatten)           (None, 128)          0           ['add_17[0][0]']                 
                                                                                                  
 dense_295 (Dense)              (None, 100)          12900       ['flatten_42[0][0]']             
                                                                                                  
 activation_286 (Activation)    (None, 100)          0           ['dense_295[0][0]']              
                                                                                                  
 batch_normalization_67 (BatchN  (None, 100)         400         ['activation_286[0][0]']         
 ormalization)                                                                                    
                                                                                                  
 dropout_129 (Dropout)          (None, 100)          0           ['batch_normalization_67[0][0]'] 
                                                                                                  
 dense2c (Dense)                (None, 64)           6464        ['dropout_129[0][0]']            
                                                                                                  
 activation_287 (Activation)    (None, 64)           0           ['dense2c[0][0]']                
                                                                                                  
 batch_normalization_68 (BatchN  (None, 64)          256         ['activation_287[0][0]']         
 ormalization)                                                                                    
                                                                                                  
 dropout_130 (Dropout)          (None, 64)           0           ['batch_normalization_68[0][0]'] 
                                                                                                  
 dense_296 (Dense)              (None, 2)            130         ['dropout_130[0][0]']            
                                                                                                  
==================================================================================================
Total params: 2,258,534
Trainable params: 2,258,078
Non-trainable params: 456
__________________________________________________________________________________________________
Epoch 1/10

1/2 [==============>...............] - ETA: 43s - loss: 0.8796 - accuracy: 0.5312
2/2 [==============================] - ETA: 0s - loss: 1.0546 - accuracy: 0.5000 
2/2 [==============================] - 58s 15s/step - loss: 1.0546 - accuracy: 0.5000
Epoch 2/10

1/2 [==============>...............] - ETA: 34s - loss: 0.9804 - accuracy: 0.5938
2/2 [==============================] - ETA: 0s - loss: 0.9683 - accuracy: 0.6136 
2/2 [==============================] - 49s 15s/step - loss: 0.9683 - accuracy: 0.6136
Epoch 3/10

1/2 [==============>...............] - ETA: 35s - loss: 1.1687 - accuracy: 0.5000
2/2 [==============================] - ETA: 0s - loss: 1.1759 - accuracy: 0.5455 
2/2 [==============================] - 50s 15s/step - loss: 1.1759 - accuracy: 0.5455
Epoch 4/10

1/2 [==============>...............] - ETA: 34s - loss: 0.5864 - accuracy: 0.6875
2/2 [==============================] - ETA: 0s - loss: 0.8020 - accuracy: 0.6591 
2/2 [==============================] - 49s 15s/step - loss: 0.8020 - accuracy: 0.6591
Epoch 5/10

1/2 [==============>...............] - ETA: 33s - loss: 0.8085 - accuracy: 0.5625
2/2 [==============================] - ETA: 0s - loss: 0.7785 - accuracy: 0.5682 
2/2 [==============================] - 48s 14s/step - loss: 0.7785 - accuracy: 0.5682
Epoch 6/10

1/2 [==============>...............] - ETA: 34s - loss: 0.8059 - accuracy: 0.6875
2/2 [==============================] - ETA: 0s - loss: 1.0001 - accuracy: 0.6591 
2/2 [==============================] - 49s 15s/step - loss: 1.0001 - accuracy: 0.6591
Epoch 7/10

1/2 [==============>...............] - ETA: 34s - loss: 0.5525 - accuracy: 0.6875
2/2 [==============================] - ETA: 0s - loss: 0.5099 - accuracy: 0.7500 
2/2 [==============================] - 50s 15s/step - loss: 0.5099 - accuracy: 0.7500
Epoch 8/10

1/2 [==============>...............] - ETA: 34s - loss: 0.5933 - accuracy: 0.6562
2/2 [==============================] - ETA: 0s - loss: 0.6465 - accuracy: 0.6591 
2/2 [==============================] - 49s 15s/step - loss: 0.6465 - accuracy: 0.6591
Epoch 9/10

1/2 [==============>...............] - ETA: 33s - loss: 0.5682 - accuracy: 0.7188
2/2 [==============================] - ETA: 0s - loss: 0.5378 - accuracy: 0.7500 
2/2 [==============================] - 48s 15s/step - loss: 0.5378 - accuracy: 0.7500
Epoch 10/10

1/2 [==============>...............] - ETA: 34s - loss: 0.8349 - accuracy: 0.5938
2/2 [==============================] - ETA: 0s - loss: 0.8136 - accuracy: 0.5909 
2/2 [==============================] - 50s 15s/step - loss: 0.8136 - accuracy: 0.5909

1/1 [==============================] - ETA: 0s
1/1 [==============================] - 2s 2s/step
[13:42:42]     SCAM-CLMPNet       acc  33.33  bal-acc  33.33  sen  66.67  spe   0.00  f1  50.00   [506s]
================================
[⚠️] 3DCNN Based Distributed LSTM with Modified Pooling 
================================
linspaced [0.09090909 0.18181818 0.27272727 0.36363636 0.45454545 0.54545455
 0.63636364 0.72727273 0.81818182 0.90909091 1.        ]
channel is 128
channel is 128
channel is 128
channel is 128
channel is 128
channel is 128
channel is 128
channel is 128
channel is 128
channel is 128
channel is 128
(None, 1, 128)
Model: "model_59"
__________________________________________________________________________________________________
 Layer (type)                   Output Shape         Param #     Connected to                     
==================================================================================================
 input_61 (InputLayer)          [(None, 10, 128, 12  0           []                               
                                8, 12)]                                                           
                                                                                                  
 conv3d_54 (Conv3D)             (None, 10, 128, 128  5200        ['input_61[0][0]']               
                                , 16)                                                             
                                                                                                  
 activation_288 (Activation)    (None, 10, 128, 128  0           ['conv3d_54[0][0]']              
                                , 16)                                                             
                                                                                                  
 max_pooling3d_54 (MaxPooling3D  (None, 10, 128, 128  0          ['activation_288[0][0]']         
 )                              , 16)                                                             
                                                                                                  
 average_pooling3d_54 (AverageP  (None, 10, 128, 128  0          ['activation_288[0][0]']         
 ooling3D)                      , 16)                                                             
                                                                                                  
 lambda_54 (Lambda)             (None, 10, 128, 128  0           ['max_pooling3d_54[0][0]',       
                                , 16)                             'average_pooling3d_54[0][0]']   
                                                                                                  
 conv3d_55 (Conv3D)             (None, 8, 126, 126,  13856       ['lambda_54[0][0]']              
                                 32)                                                              
                                                                                                  
 activation_289 (Activation)    (None, 8, 126, 126,  0           ['conv3d_55[0][0]']              
                                 32)                                                              
                                                                                                  
 max_pooling3d_55 (MaxPooling3D  (None, 4, 63, 63, 3  0          ['activation_289[0][0]']         
 )                              2)                                                                
                                                                                                  
 average_pooling3d_55 (AverageP  (None, 4, 63, 63, 3  0          ['activation_289[0][0]']         
 ooling3D)                      2)                                                                
                                                                                                  
 lambda_55 (Lambda)             (None, 4, 63, 63, 3  0           ['max_pooling3d_55[0][0]',       
                                2)                                'average_pooling3d_55[0][0]']   
                                                                                                  
 conv3d_56 (Conv3D)             (None, 2, 61, 61, 6  55360       ['lambda_55[0][0]']              
                                4)                                                                
                                                                                                  
 activation_290 (Activation)    (None, 2, 61, 61, 6  0           ['conv3d_56[0][0]']              
                                4)                                                                
                                                                                                  
 batch_normalization_69 (BatchN  (None, 2, 61, 61, 6  256        ['activation_290[0][0]']         
 ormalization)                  4)                                                                
                                                                                                  
 max_pooling3d_56 (MaxPooling3D  (None, 1, 31, 31, 6  0          ['batch_normalization_69[0][0]'] 
 )                              4)                                                                
                                                                                                  
 average_pooling3d_56 (AverageP  (None, 1, 31, 31, 6  0          ['batch_normalization_69[0][0]'] 
 ooling3D)                      4)                                                                
                                                                                                  
 lambda_56 (Lambda)             (None, 1, 31, 31, 6  0           ['max_pooling3d_56[0][0]',       
                                4)                                'average_pooling3d_56[0][0]']   
                                                                                                  
 dropout_131 (Dropout)          (None, 1, 31, 31, 6  0           ['lambda_56[0][0]']              
                                4)                                                                
                                                                                                  
 reshape_179 (Reshape)          (None, 31, 31, 64)   0           ['dropout_131[0][0]']            
                                                                                                  
 spatial_and_channel_joint_atte  (None, 31, 31, 64)  0           ['reshape_179[0][0]']            
 ntion_13 (SpatialAndChannelJoi                                                                   
 ntAttention)                                                                                     
                                                                                                  
 reshape_180 (Reshape)          (None, 31, 1984)     0           ['spatial_and_channel_joint_atten
                                                                 tion_13[0][0]']                  
                                                                                                  
 lstm_36 (LSTM)                 (None, 128)          1081856     ['reshape_180[0][0]']            
                                                                                                  
 lstm_37 (LSTM)                 (None, 128)          1081856     ['reshape_180[0][0]']            
                                                                                                  
 add_18 (Add)                   (None, 128)          0           ['lstm_36[0][0]',                
                                                                  'lstm_37[0][0]']                
                                                                                                  
 reshape_181 (Reshape)          (None, 1, 128)       0           ['add_18[0][0]']                 
                                                                                                  
 reshape_182 (Reshape)          (None, 1, 128)       0           ['add_18[0][0]']                 
                                                                                                  
 reshape_183 (Reshape)          (None, 1, 128)       0           ['add_18[0][0]']                 
                                                                                                  
 reshape_184 (Reshape)          (None, 1, 128)       0           ['add_18[0][0]']                 
                                                                                                  
 reshape_185 (Reshape)          (None, 1, 128)       0           ['add_18[0][0]']                 
                                                                                                  
 reshape_186 (Reshape)          (None, 1, 128)       0           ['add_18[0][0]']                 
                                                                                                  
 reshape_187 (Reshape)          (None, 1, 128)       0           ['add_18[0][0]']                 
                                                                                                  
 reshape_188 (Reshape)          (None, 1, 128)       0           ['add_18[0][0]']                 
                                                                                                  
 reshape_189 (Reshape)          (None, 1, 128)       0           ['add_18[0][0]']                 
                                                                                                  
 reshape_190 (Reshape)          (None, 1, 128)       0           ['add_18[0][0]']                 
                                                                                                  
 reshape_191 (Reshape)          (None, 1, 128)       0           ['add_18[0][0]']                 
                                                                                                  
 dense_297 (Dense)              (None, 1, 11)        1419        ['reshape_181[0][0]']            
                                                                                                  
 dense_298 (Dense)              (None, 1, 23)        2967        ['reshape_182[0][0]']            
                                                                                                  
 dense_299 (Dense)              (None, 1, 34)        4386        ['reshape_183[0][0]']            
                                                                                                  
 dense_300 (Dense)              (None, 1, 46)        5934        ['reshape_184[0][0]']            
                                                                                                  
 dense_301 (Dense)              (None, 1, 58)        7482        ['reshape_185[0][0]']            
                                                                                                  
 dense_302 (Dense)              (None, 1, 69)        8901        ['reshape_186[0][0]']            
                                                                                                  
 dense_303 (Dense)              (None, 1, 81)        10449       ['reshape_187[0][0]']            
                                                                                                  
 dense_304 (Dense)              (None, 1, 93)        11997       ['reshape_188[0][0]']            
                                                                                                  
 dense_305 (Dense)              (None, 1, 104)       13416       ['reshape_189[0][0]']            
                                                                                                  
 dense_306 (Dense)              (None, 1, 116)       14964       ['reshape_190[0][0]']            
                                                                                                  
 dense_307 (Dense)              (None, 1, 128)       16512       ['reshape_191[0][0]']            
                                                                                                  
 activation_291 (Activation)    (None, 1, 11)        0           ['dense_297[0][0]']              
                                                                                                  
 activation_292 (Activation)    (None, 1, 23)        0           ['dense_298[0][0]']              
                                                                                                  
 activation_293 (Activation)    (None, 1, 34)        0           ['dense_299[0][0]']              
                                                                                                  
 activation_294 (Activation)    (None, 1, 46)        0           ['dense_300[0][0]']              
                                                                                                  
 activation_295 (Activation)    (None, 1, 58)        0           ['dense_301[0][0]']              
                                                                                                  
 activation_296 (Activation)    (None, 1, 69)        0           ['dense_302[0][0]']              
                                                                                                  
 activation_297 (Activation)    (None, 1, 81)        0           ['dense_303[0][0]']              
                                                                                                  
 activation_298 (Activation)    (None, 1, 93)        0           ['dense_304[0][0]']              
                                                                                                  
 activation_299 (Activation)    (None, 1, 104)       0           ['dense_305[0][0]']              
                                                                                                  
 activation_300 (Activation)    (None, 1, 116)       0           ['dense_306[0][0]']              
                                                                                                  
 activation_301 (Activation)    (None, 1, 128)       0           ['dense_307[0][0]']              
                                                                                                  
 excitation_0.091 (Dense)       (None, 1, 128)       1536        ['activation_291[0][0]']         
                                                                                                  
 excitation_0.182 (Dense)       (None, 1, 128)       3072        ['activation_292[0][0]']         
                                                                                                  
 excitation_0.273 (Dense)       (None, 1, 128)       4480        ['activation_293[0][0]']         
                                                                                                  
 excitation_0.364 (Dense)       (None, 1, 128)       6016        ['activation_294[0][0]']         
                                                                                                  
 excitation_0.455 (Dense)       (None, 1, 128)       7552        ['activation_295[0][0]']         
                                                                                                  
 excitation_0.545 (Dense)       (None, 1, 128)       8960        ['activation_296[0][0]']         
                                                                                                  
 excitation_0.636 (Dense)       (None, 1, 128)       10496       ['activation_297[0][0]']         
                                                                                                  
 excitation_0.727 (Dense)       (None, 1, 128)       12032       ['activation_298[0][0]']         
                                                                                                  
 excitation_0.818 (Dense)       (None, 1, 128)       13440       ['activation_299[0][0]']         
                                                                                                  
 excitation_0.909 (Dense)       (None, 1, 128)       14976       ['activation_300[0][0]']         
                                                                                                  
 excitation_1 (Dense)           (None, 1, 128)       16512       ['activation_301[0][0]']         
                                                                                                  
 average_13 (Average)           (None, 1, 128)       0           ['excitation_0.091[0][0]',       
                                                                  'excitation_0.182[0][0]',       
                                                                  'excitation_0.273[0][0]',       
                                                                  'excitation_0.364[0][0]',       
                                                                  'excitation_0.455[0][0]',       
                                                                  'excitation_0.545[0][0]',       
                                                                  'excitation_0.636[0][0]',       
                                                                  'excitation_0.727[0][0]',       
                                                                  'excitation_0.818[0][0]',       
                                                                  'excitation_0.909[0][0]',       
                                                                  'excitation_1[0][0]']           
                                                                                                  
 normalized_attention (LayerNor  (None, 1, 128)      256         ['average_13[0][0]']             
 malization)                                                                                      
                                                                                                  
 hadamard (Multiply)            (None, 1, 128)       0           ['add_18[0][0]',                 
                                                                  'normalized_attention[0][0]']   
                                                                                                  
 normalized_attention2 (LayerNo  (None, 1, 128)      256         ['hadamard[0][0]']               
 rmalization)                                                                                     
                                                                                                  
 trainableatt (TrainableAttenti  (None, 1, 128)      16384       ['normalized_attention2[0][0]']  
 on)                                                                                              
                                                                                                  
 dense_308 (Dense)              (None, 1, 128)       16384       ['trainableatt[0][0]']           
                                                                                                  
 dense_309 (Dense)              (None, 1, 128)       16384       ['dense_308[0][0]']              
                                                                                                  
 flatten_43 (Flatten)           (None, 128)          0           ['dense_309[0][0]']              
                                                                                                  
 dense_310 (Dense)              (None, 100)          12900       ['flatten_43[0][0]']             
                                                                                                  
 activation_302 (Activation)    (None, 100)          0           ['dense_310[0][0]']              
                                                                                                  
 batch_normalization_70 (BatchN  (None, 100)         400         ['activation_302[0][0]']         
 ormalization)                                                                                    
                                                                                                  
 dropout_132 (Dropout)          (None, 100)          0           ['batch_normalization_70[0][0]'] 
                                                                                                  
 dense2c (Dense)                (None, 64)           6464        ['dropout_132[0][0]']            
                                                                                                  
 activation_303 (Activation)    (None, 64)           0           ['dense2c[0][0]']                
                                                                                                  
 batch_normalization_71 (BatchN  (None, 64)          256         ['activation_303[0][0]']         
 ormalization)                                                                                    
                                                                                                  
 dropout_133 (Dropout)          (None, 64)           0           ['batch_normalization_71[0][0]'] 
                                                                                                  
 dense_311 (Dense)              (None, 2)            130         ['dropout_133[0][0]']            
                                                                                                  
==================================================================================================
Total params: 2,505,697
Trainable params: 2,505,241
Non-trainable params: 456
__________________________________________________________________________________________________
Epoch 1/10

1/2 [==============>...............] - ETA: 48s - loss: 0.6933 - accuracy: 0.4375
2/2 [==============================] - ETA: 0s - loss: 0.8688 - accuracy: 0.4545 
2/2 [==============================] - 63s 15s/step - loss: 0.8688 - accuracy: 0.4545
Epoch 2/10

1/2 [==============>...............] - ETA: 34s - loss: 0.9297 - accuracy: 0.5625
2/2 [==============================] - ETA: 0s - loss: 1.0853 - accuracy: 0.5227 
2/2 [==============================] - 51s 17s/step - loss: 1.0853 - accuracy: 0.5227
Epoch 3/10

1/2 [==============>...............] - ETA: 40s - loss: 0.7835 - accuracy: 0.6875
2/2 [==============================] - ETA: 0s - loss: 0.8366 - accuracy: 0.6818 
2/2 [==============================] - 57s 17s/step - loss: 0.8366 - accuracy: 0.6818
Epoch 4/10

1/2 [==============>...............] - ETA: 35s - loss: 0.7236 - accuracy: 0.6875
2/2 [==============================] - ETA: 0s - loss: 0.8962 - accuracy: 0.6136 
2/2 [==============================] - 49s 14s/step - loss: 0.8962 - accuracy: 0.6136
Epoch 5/10

1/2 [==============>...............] - ETA: 33s - loss: 0.5887 - accuracy: 0.6875
2/2 [==============================] - ETA: 0s - loss: 0.7079 - accuracy: 0.6136 
2/2 [==============================] - 48s 15s/step - loss: 0.7079 - accuracy: 0.6136
Epoch 6/10

1/2 [==============>...............] - ETA: 34s - loss: 0.6065 - accuracy: 0.6250
2/2 [==============================] - ETA: 0s - loss: 0.5760 - accuracy: 0.6591 
2/2 [==============================] - 49s 15s/step - loss: 0.5760 - accuracy: 0.6591
Epoch 7/10

1/2 [==============>...............] - ETA: 33s - loss: 0.9343 - accuracy: 0.5625
2/2 [==============================] - ETA: 0s - loss: 1.0232 - accuracy: 0.5455 
2/2 [==============================] - 48s 14s/step - loss: 1.0232 - accuracy: 0.5455
Epoch 8/10

1/2 [==============>...............] - ETA: 33s - loss: 0.5291 - accuracy: 0.6875
2/2 [==============================] - ETA: 0s - loss: 0.7528 - accuracy: 0.6136 
2/2 [==============================] - 47s 14s/step - loss: 0.7528 - accuracy: 0.6136
Epoch 9/10

1/2 [==============>...............] - ETA: 32s - loss: 0.6934 - accuracy: 0.7500
2/2 [==============================] - ETA: 0s - loss: 0.7400 - accuracy: 0.7500 
2/2 [==============================] - 47s 14s/step - loss: 0.7400 - accuracy: 0.7500
Epoch 10/10

1/2 [==============>...............] - ETA: 33s - loss: 0.8815 - accuracy: 0.7500
2/2 [==============================] - ETA: 0s - loss: 0.9379 - accuracy: 0.6818 
2/2 [==============================] - 48s 14s/step - loss: 0.9379 - accuracy: 0.6818

1/1 [==============================] - ETA: 0s
1/1 [==============================] - 4s 4s/step
[13:51:19]     SMA-CLMPNet        acc  50.00  bal-acc  50.00  sen 100.00  spe   0.00  f1  66.67   [517s]
[13:51:26]     EfficientNetV2S    acc  66.67  bal-acc  66.67  sen  33.33  spe 100.00  f1  50.00   [7s]
[13:51:31]     ConvNeXtTiny       acc  50.00  bal-acc  50.00  sen  33.33  spe  66.67  f1  40.00   [6s]
[13:51:37]     MobileNetV3Large   acc  66.67  bal-acc  66.67  sen 100.00  spe  33.33  f1  75.00   [6s]
[13:51:44]     ResNetRS50         acc  50.00  bal-acc  50.00  sen  33.33  spe  66.67  f1  40.00   [7s]
linspaced [0.09090909 0.18181818 0.27272727 0.36363636 0.45454545 0.54545455
 0.63636364 0.72727273 0.81818182 0.90909091 1.        ]
channel is 128
channel is 128
channel is 128
channel is 128
channel is 128
channel is 128
channel is 128
channel is 128
channel is 128
channel is 128
channel is 128
(None, 1, 128)
Epoch 1/30
6/6 - 69s - loss: 1.2327 - accuracy: 0.5000 - 69s/epoch - 12s/step
Epoch 2/30
6/6 - 56s - loss: 0.9982 - accuracy: 0.5682 - 56s/epoch - 9s/step
Epoch 3/30
6/6 - 56s - loss: 1.1059 - accuracy: 0.5455 - 56s/epoch - 9s/step
Epoch 4/30
6/6 - 58s - loss: 1.1572 - accuracy: 0.5455 - 58s/epoch - 10s/step
Epoch 5/30
6/6 - 57s - loss: 1.0119 - accuracy: 0.4318 - 57s/epoch - 9s/step
Epoch 6/30
6/6 - 57s - loss: 1.0423 - accuracy: 0.5682 - 57s/epoch - 10s/step
Epoch 7/30
6/6 - 58s - loss: 0.9411 - accuracy: 0.5909 - 58s/epoch - 10s/step
Epoch 8/30
6/6 - 71s - loss: 1.0949 - accuracy: 0.5227 - 71s/epoch - 12s/step
Epoch 9/30
6/6 - 62s - loss: 0.8380 - accuracy: 0.5455 - 62s/epoch - 10s/step
Epoch 10/30
6/6 - 58s - loss: 1.0080 - accuracy: 0.5682 - 58s/epoch - 10s/step
Epoch 11/30
6/6 - 58s - loss: 0.7477 - accuracy: 0.6591 - 58s/epoch - 10s/step
Epoch 12/30
6/6 - 29s - loss: 0.7644 - accuracy: 0.5909 - 29s/epoch - 5s/step
Epoch 13/30
6/6 - 55s - loss: 0.5688 - accuracy: 0.6818 - 55s/epoch - 9s/step
Epoch 14/30
6/6 - 56s - loss: 0.8986 - accuracy: 0.6136 - 56s/epoch - 9s/step
Epoch 15/30
6/6 - 55s - loss: 0.7647 - accuracy: 0.6591 - 55s/epoch - 9s/step
Epoch 16/30
6/6 - 36s - loss: 0.7495 - accuracy: 0.6818 - 36s/epoch - 6s/step
Epoch 17/30
6/6 - 27s - loss: 0.9799 - accuracy: 0.5682 - 27s/epoch - 4s/step
Epoch 18/30
6/6 - 28s - loss: 0.7301 - accuracy: 0.5909 - 28s/epoch - 5s/step
Epoch 19/30
6/6 - 28s - loss: 0.6138 - accuracy: 0.7045 - 28s/epoch - 5s/step
Epoch 20/30
6/6 - 29s - loss: 0.6455 - accuracy: 0.6591 - 29s/epoch - 5s/step
Epoch 21/30
6/6 - 29s - loss: 0.5257 - accuracy: 0.8182 - 29s/epoch - 5s/step
Epoch 22/30
6/6 - 29s - loss: 0.6639 - accuracy: 0.6591 - 29s/epoch - 5s/step
Epoch 23/30
6/6 - 32s - loss: 0.7271 - accuracy: 0.6591 - 32s/epoch - 5s/step
Epoch 24/30
6/6 - 28s - loss: 0.6402 - accuracy: 0.6136 - 28s/epoch - 5s/step
Epoch 25/30
6/6 - 28s - loss: 0.7079 - accuracy: 0.7045 - 28s/epoch - 5s/step
Epoch 26/30
6/6 - 28s - loss: 0.8421 - accuracy: 0.6591 - 28s/epoch - 5s/step
Epoch 27/30
6/6 - 28s - loss: 0.5893 - accuracy: 0.6591 - 28s/epoch - 5s/step
Epoch 28/30
6/6 - 29s - loss: 0.6687 - accuracy: 0.7045 - 29s/epoch - 5s/step
Epoch 29/30
6/6 - 34s - loss: 0.4508 - accuracy: 0.8182 - 34s/epoch - 6s/step
Epoch 30/30
6/6 - 40s - loss: 0.5181 - accuracy: 0.7727 - 40s/epoch - 7s/step
[14:13:38]     SMA-CLMPNet-Opt    acc  50.00  bal-acc  50.00  sen 100.00  spe   0.00  f1  66.67   [1314s]
[14:13:38] sweep finished in 10109s
